{
  "type": "FeatureCollection",
  "generator": "overpass-turbo",
  "copyright": "The data included in this document is from www.openstreetmap.org. The data is made available under ODbL.",
  "timestamp": "2026-09-13T18:19:12Z",
  "features": [
    {
      "type": "Feature",
      "properties": {
        "@id": "relation/1370868",
        "amenity": "place_of_worship",
        "building": "university",
        "learning": "oxford_department",
        "name": "Oxford Centre for Islamic Studies",
        "religion": "muslim",
        "source": "Bing",
        "type": "multipolygon",
        "@geometry": "center"
      },
      "geometry": {
        "type": "Point",
        "coordinates": [
          -1.2365106,
          51.7557231
        ]
      },
      "id": "relation/1370868"
    },
    {
      "type": "Feature",
      "properties": {
        "@id": "way/5983916",
        "addr:city": "London",
        "addr:postcode": "NW8 7RG",
        "alt_name": "Regent's Park Mosque",
        "amenity": "place_of_worship",
        "building": "mosque",
        "denomination": "sunni",
        "listed_status": "Grade II*",
        "name": "London Central Mosque",
        "name:fa": "مسجد مرکزی لندن",
        "name:ru": "Центральная мечеть Лондона",
        "religion": "muslim",
        "source:addr:postcode": "CodePoint Postcodes",
        "wikidata": "Q1811339",
        "wikipedia": "en:London Central Mosque",
        "@geometry": "center"
      },
      "geometry": {
        "type": "Point",
        "coordinates": [
          -0.1650739,
          51.5289852
        ]
      },
      "id": "way/5983916"
    },
    {
      "type": "Feature",
      "properties": {
        "@id": "relation/6203201",
        "addr:city": "Wakefield",
        "addr:housenumber": "12",
        "addr:postcode": "WF2 8TF",
        "addr:street": "Grange Street",
        "amenity": "place_of_worship",
        "building": "yes",
        "name": "Markazi Jamia Masjid",
        "religion": "muslim",
        "type": "multipolygon",
        "@geometry": "center"
      },
      "geometry": {
        "type": "Point",
        "coordinates": [
          -1.5133069,
          53.6782652
        ]
      },
      "id": "relation/6203201"
    },
    {
      "type": "Feature",
      "properties": {
        "@id": "relation/6804570",
        "addr:city": "Leicester",
        "addr:housenumber": "120",
        "addr:postcode": "LE2 0DS",
        "addr:street": "Melbourne Road",
        "amenity": "place_of_worship",
        "building": "yes",
        "denomination": "sunni",
        "name": "Islamic Da'wah Academy",
        "phone": "+44 116 262 5440",
        "religion": "muslim",
        "subdenomination": "deobandi",
        "type": "multipolygon",
        "website": "https://idauk.org/",
        "@geometry": "center"
      },
      "geometry": {
        "type": "Point",
        "coordinates": [
          -1.1137362,
          52.6339828
        ]
      },
      "id": "relation/6804570"
    },
    {
      "type": "Feature",
      "properties": {
        "@id": "relation/7579822",
        "addr:city": "Leicester",
        "addr:housename": "Douglas Bader House",
        "addr:housenumber": "148",
        "addr:postcode": "LE1 2LG",
        "addr:street": "Malabar Road",
        "alt_name": "Dawat-e-Islami UK",
        "amenity": "place_of_worship",
        "building": "yes",
        "denomination": "sunni",
        "name": "Faizan-e-Madina",
        "phone": "+44 116 319 4660",
        "religion": "muslim",
        "source": "Bing",
        "subdenomination": "sufi",
        "type": "multipolygon",
        "website": "http://www.dawateislami-leicester.org/",
        "@geometry": "center"
      },
      "geometry": {
        "type": "Point",
        "coordinates": [
          -1.1194688,
          52.6403832
        ]
      },
      "id": "relation/7579822"
    },
    {
      "type": "Feature",
      "properties": {
        "@id": "relation/8055266",
        "addr:city": "Leicester",
        "addr:housenumber": "49",
        "addr:postcode": "LE2 0DE",
        "addr:street": "Donnington Street",
        "amenity": "place_of_worship",
        "building": "yes",
        "denomination": "sunni",
        "name": "Masjid Al Khaleel",
        "name:ar": "مسجد الخليل",
        "phone": "+44 116 255 1524",
        "religion": "muslim",
        "subdenomination": "deobandi",
        "type": "multipolygon",
        "website": "http://www.majlisiquran.com/",
        "@geometry": "center"
      },
      "geometry": {
        "type": "Point",
        "coordinates": [
          -1.1116098,
          52.6312469
        ]
      },
      "id": "relation/8055266"
    },
    {
      "type": "Feature",
      "properties": {
        "@id": "relation/8079890",
        "addr:city": "Leicester",
        "addr:housenumber": "33",
        "addr:postcode": "LE5 5JN",
        "addr:street": "Rowsley Street",
        "alt_name": "Masjid FIDA",
        "amenity": "place_of_worship",
        "building": "mosque;yes",
        "denomination": "sunni",
        "female": "yes",
        "male": "yes",
        "name": "Al Furqan Islamic Da'wah Association (FIDA)",
        "phone": "+44 116 212 3175",
        "religion": "muslim",
        "subdenomination": "salafi",
        "type": "multipolygon",
        "website": "http://fidaleicester.com/",
        "@geometry": "center"
      },
      "geometry": {
        "type": "Point",
        "coordinates": [
          -1.1070988,
          52.6264583
        ]
      },
      "id": "relation/8079890"
    },
    {
      "type": "Feature",
      "properties": {
        "@id": "way/10695654",
        "addr:housenumber": "367",
        "addr:postcode": "TW4 5HU",
        "addr:street": "Wellington Road South",
        "amenity": "place_of_worship",
        "denomination": "sunni",
        "name": "Hounslow Jamia Masjid & Islamic Centre",
        "religion": "muslim",
        "website": "https://hounslowmasjid.co.uk/",
        "@geometry": "center"
      },
      "geometry": {
        "type": "Point",
        "coordinates": [
          -0.3749235,
          51.4591959
        ]
      },
      "id": "way/10695654"
    },
    {
      "type": "Feature",
      "properties": {
        "@id": "relation/12900153",
        "addr:city": "Peterborough",
        "addr:housenumber": "80-82",
        "addr:postcode": "PE1 3AW",
        "addr:street": "Alma Road",
        "amenity": "place_of_worship",
        "building": "mosque",
        "building:levels": "2",
        "denomination": "sunni",
        "facebook": "https://facebook.com/Darassalaam",
        "female": "no",
        "name": "Masjid Darassalaam",
        "operator": "Darassalaam",
        "operator:type": "charitable",
        "phone": "+447497072916",
        "ref:GB-EAW:charity": "1127717",
        "religion": "muslim",
        "service_times:url": "https://time.my-masjid.com/timingscreen/c08ab22e-066f-4463-89d7-2de3f1c100af",
        "source": "local knowledge;Bing",
        "type": "multipolygon",
        "website": "https://www.darassalaam.org.uk/",
        "wheelchair": "yes",
        "@geometry": "center"
      },
      "geometry": {
        "type": "Point",
        "coordinates": [
          -0.2436139,
          52.5870503
        ]
      },
      "id": "relation/12900153"
    },
    {
      "type": "Feature",
      "properties": {
        "@id": "relation/14652536",
        "addr:city": "Walsall",
        "addr:housename": "Ahmadiyya Muslim Association UK",
        "addr:housenumber": "22",
        "addr:postcode": "WS1 3NA",
        "addr:street": "Vicarage Place",
        "alt_name": "Baitul Muqeet;Bait-Ul-Muqeet;Bait-Ul-Muqeet Mosque",
        "alt_name:ur": "بیت المقیت",
        "amenity": "place_of_worship",
        "building": "mosque",
        "contact:mobile": "+447743060155",
        "denomination": "ahmadiyya",
        "name": "Baitul Muqeet Mosque",
        "name:ur": "مسجد بیت المقیت",
        "religion": "muslim",
        "type": "multipolygon",
        "website": "https://www.loveforallhatredfornone.org/",
        "wikidata": "Q138341289",
        "wikipedia": "en:Baitul Muqeet Mosque, Walsall",
        "@geometry": "center"
      },
      "geometry": {
        "type": "Point",
        "coordinates": [
          -1.9828794,
          52.5805403
        ]
      },
      "id": "relation/14652536"
    },
    {
      "type": "Feature",
      "properties": {
        "@id": "relation/15901167",
        "addr:city": "Cardiff",
        "addr:postcode": "CF10 5LB",
        "addr:street": "Alice Street",
        "amenity": "place_of_worship",
        "building": "yes",
        "name": "South Wales Islamic Centre",
        "phone": "+44 29 2046 0243",
        "religion": "muslim",
        "source": "Bing;survey",
        "type": "multipolygon",
        "website": "https://www.theswic.org.uk",
        "wikidata": "Q123194178",
        "@geometry": "center"
      },
      "geometry": {
        "type": "Point",
        "coordinates": [
          -3.1697031,
          51.4680602
        ]
      },
      "id": "relation/15901167"
    },
    {
      "type": "Feature",
      "properties": {
        "@id": "relation/15986867",
        "addr:city": "Scunthorpe",
        "addr:housename": "Ahmadiyya Muslim Association",
        "addr:housenumber": "53",
        "addr:postcode": "DN15 7HT",
        "addr:street": "Cliff Closes Road",
        "alt_name": "Baitus Salam;Baitus Salaam;Bait-us-Salam",
        "alt_name:ur": "بیت السلام",
        "amenity": "place_of_worship",
        "building": "mosque",
        "capacity": "250",
        "denomination": "ahmadiyya",
        "name": "Baitus Salaam Mosque",
        "name:ur": "مسجد بیت السلام",
        "ref:GB:uprn": "100050200752",
        "religion": "muslim",
        "type": "multipolygon",
        "url": "loveforallhatredfornone.org",
        "wikidata": "Q119705444",
        "wikipedia:en": "Baitus Salaam Mosque",
        "@geometry": "center"
      },
      "geometry": {
        "type": "Point",
        "coordinates": [
          -0.6737709,
          53.5863325
        ]
      },
      "id": "relation/15986867"
    },
    {
      "type": "Feature",
      "properties": {
        "@id": "relation/17554061",
        "amenity": "place_of_worship",
        "building": "church",
        "name": "Madrasa Taleem ul Islam",
        "religion": "muslim",
        "source": "OS_OpenData_StreetView;bing",
        "type": "multipolygon",
        "@geometry": "center"
      },
      "geometry": {
        "type": "Point",
        "coordinates": [
          -4.2784346,
          55.8401276
        ]
      },
      "id": "relation/17554061"
    },
    {
      "type": "Feature",
      "properties": {
        "@id": "relation/18270091",
        "amenity": "place_of_worship",
        "building": "mosque",
        "name": "Madinatul Uloom Al Islam Mosque",
        "religion": "muslim",
        "source": "bing",
        "type": "multipolygon",
        "@geometry": "center"
      },
      "geometry": {
        "type": "Point",
        "coordinates": [
          -1.9992015,
          52.5152779
        ]
      },
      "id": "relation/18270091"
    },
    {
      "type": "Feature",
      "properties": {
        "@id": "relation/18277205",
        "amenity": "place_of_worship",
        "building": "yes;mosque",
        "check_date": "2024-08-14",
        "name": "Piety",
        "religion": "muslim",
        "type": "multipolygon",
        "@geometry": "center"
      },
      "geometry": {
        "type": "Point",
        "coordinates": [
          -4.1268743,
          50.3735827
        ]
      },
      "id": "relation/18277205"
    },
    {
      "type": "Feature",
      "properties": {
        "@id": "relation/18535744",
        "amenity": "place_of_worship",
        "building": "mosque",
        "name": "Anwar-E-Madina",
        "religion": "muslim",
        "type": "multipolygon",
        "@geometry": "center"
      },
      "geometry": {
        "type": "Point",
        "coordinates": [
          -1.6566832,
          53.6800634
        ]
      },
      "id": "relation/18535744"
    },
    {
      "type": "Feature",
      "properties": {
        "@id": "relation/18536519",
        "amenity": "place_of_worship",
        "building": "yes",
        "name": "Jamia Tabligh Ul Islam Masjid",
        "religion": "muslim",
        "type": "multipolygon",
        "@geometry": "center"
      },
      "geometry": {
        "type": "Point",
        "coordinates": [
          -1.7824979,
          53.7890036
        ]
      },
      "id": "relation/18536519"
    },
    {
      "type": "Feature",
      "properties": {
        "@id": "relation/19397276",
        "addr:city": "Shoreham-by-Sea",
        "addr:country": "GB",
        "addr:housenumber": "16",
        "addr:postcode": "BN43 5WB",
        "addr:street": "Brunswick Road",
        "amenity": "place_of_worship",
        "building": "church",
        "denomination": "sunni",
        "description": "Basically all-male, but there is a women's area and it may be accessible for prayer if someone were to ask. Open for all five prayers. Wudu facilities for men, query for women. Bengali management. Probably Deobandi, tbc",
        "name": "Adur Muslim Centre",
        "operator": "Adur Bangladeshi Muslim Society",
        "operator:type": "charity",
        "ref:GB:charity_no": "1168232",
        "ref:GB:uprn": "60009698;60035635",
        "religion": "muslim",
        "service_times": "Fr 13:30; 14:00",
        "service_times:syndicator": "My Masjid",
        "service_times:website": "https://time.my-masjid.com/timingscreen/028a6295-144c-4e70-aa3f-87aced883260",
        "type": "multipolygon",
        "@geometry": "center"
      },
      "geometry": {
        "type": "Point",
        "coordinates": [
          -0.2725216,
          50.8332645
        ]
      },
      "id": "relation/19397276"
    },
    {
      "type": "Feature",
      "properties": {
        "@id": "relation/19578961",
        "amenity": "place_of_worship",
        "building": "yes",
        "name": "Jamia Mosque Tabligh-Ul-Islam",
        "religion": "muslim",
        "type": "multipolygon",
        "@geometry": "center"
      },
      "geometry": {
        "type": "Point",
        "coordinates": [
          -1.7764323,
          53.8102552
        ]
      },
      "id": "relation/19578961"
    },
    {
      "type": "Feature",
      "properties": {
        "@id": "relation/19579764",
        "addr:city": "York",
        "addr:postcode": "YO10 3EN",
        "addr:street": "Bull Lane",
        "amenity": "place_of_worship",
        "building": "yes",
        "building:levels": "2;1",
        "denomination": "sunni",
        "name": "York Mosque",
        "operator": "United Kingdom Islamic Mission",
        "operator:type": "charitable",
        "prayer_times:url": "https://www.yorkmosque.com/prayer_times/",
        "ref:gb-eaw:charity": "250275",
        "religion": "muslim",
        "type": "multipolygon",
        "website": "https://yorkmosque.com/",
        "@geometry": "center"
      },
      "geometry": {
        "type": "Point",
        "coordinates": [
          -1.0637853,
          53.9563002
        ]
      },
      "id": "relation/19579764"
    },
    {
      "type": "Feature",
      "properties": {
        "@id": "relation/19580124",
        "amenity": "place_of_worship",
        "building": "yes",
        "name": "Jamia Masjid & Usmania Education Centre",
        "religion": "muslim",
        "source": "Bing",
        "type": "multipolygon",
        "@geometry": "center"
      },
      "geometry": {
        "type": "Point",
        "coordinates": [
          -1.482234,
          53.3573442
        ]
      },
      "id": "relation/19580124"
    },
    {
      "type": "Feature",
      "properties": {
        "@id": "relation/19581052",
        "amenity": "place_of_worship",
        "building": "yes",
        "name": "Masjid Talha",
        "religion": "muslim",
        "type": "multipolygon",
        "@geometry": "center"
      },
      "geometry": {
        "type": "Point",
        "coordinates": [
          -1.6415346,
          53.6965634
        ]
      },
      "id": "relation/19581052"
    },
    {
      "type": "Feature",
      "properties": {
        "@id": "node/20695974",
        "amenity": "place_of_worship",
        "denomination": "sunni",
        "name": "Jamie Mosque and Bangladesh Islamic Centre",
        "religion": "muslim",
        "source:name": "dictaphone"
      },
      "geometry": {
        "type": "Point",
        "coordinates": [
          -0.3212208,
          51.7522699
        ]
      },
      "id": "node/20695974"
    },
    {
      "type": "Feature",
      "properties": {
        "@id": "relation/20780191",
        "addr:city": "Glasgow",
        "addr:housenumber": "425",
        "addr:postcode": "G51 1PZ",
        "addr:street": "Paisley Road West",
        "addr:suburb": "Ibrox",
        "amenity": "place_of_worship",
        "building": "yes;school",
        "name": "Ibrahim Masjid",
        "operator": "Madressa Alarabia Alislamia Mosque",
        "prayer_times:url": "https://ibrahim-masjid.org.uk/",
        "ref:GB-SCT:charity": "SC030403",
        "religion": "muslim",
        "type": "multipolygon",
        "website": "https://ibrahim-masjid.org.uk/",
        "@geometry": "center"
      },
      "geometry": {
        "type": "Point",
        "coordinates": [
          -4.2991842,
          55.8506896
        ]
      },
      "id": "relation/20780191"
    },
    {
      "type": "Feature",
      "properties": {
        "@id": "relation/20782127",
        "addr:city": "Manchester",
        "addr:housenumber": "102",
        "addr:postcode": "M8 8ND",
        "addr:street": "Sherborne Street",
        "amenity": "place_of_worship",
        "building": "mosque",
        "denomination": "sunni",
        "name": "Jamia-Tul-Muntazir Manchester",
        "operator": "Al Muntazir Trust UK",
        "ref:GB-EAW:charity": "292496",
        "ref:GB:uprn": "10093688374",
        "religion": "muslim",
        "type": "multipolygon",
        "website": "https://www.jtmuk.org/",
        "@geometry": "center"
      },
      "geometry": {
        "type": "Point",
        "coordinates": [
          -2.2422394,
          53.4988114
        ]
      },
      "id": "relation/20782127"
    },
    {
      "type": "Feature",
      "properties": {
        "@id": "relation/20782298",
        "addr:city": "London",
        "addr:housenumber": "1",
        "addr:postcode": "SE1 4JL",
        "addr:street": "Dickens Square",
        "amenity": "place_of_worship",
        "building": "mosque;yes",
        "check_date": "2026-01-13",
        "email": "baitulazizcctrustee@gmail.com",
        "name": "Bait-ul-Aziz Islamic Cultural Centre",
        "operator": "South-East London Baitul Aziz (Masjid and Madrassa) Islamic Cultural Trust",
        "operator:type": "charitable",
        "phone": "+44 20 7378 7764",
        "prayer_times:syndicator": "masjidbox",
        "prayer_times:url": "https://masjidbox.com/prayer-times/baitulaziz-icc",
        "ref:gb-eaw:charity": "292922",
        "religion": "muslim",
        "type": "multipolygon",
        "website": "https://baitulazizmosque.org.uk",
        "wheelchair": "yes",
        "@geometry": "center"
      },
      "geometry": {
        "type": "Point",
        "coordinates": [
          -0.0942493,
          51.4975928
        ]
      },
      "id": "relation/20782298"
    },
    {
      "type": "Feature",
      "properties": {
        "@id": "relation/20962031",
        "addr:city": "Ipswich",
        "addr:housenumber": "15",
        "addr:postcode": "IP4 2NE",
        "addr:street": "Argyle Street",
        "amenity": "place_of_worship",
        "building": "yes",
        "building:levels": "1",
        "denomination": "sunni",
        "female": "yes",
        "fixme": "\"building crosses building\" error. I can't see where the lines are overlapping.",
        "name": "Shahjalal Islamic Centre and Masjid",
        "phone": "+44 1473 412983",
        "prayer_times:url": "https://shahjalalmasjidipswich.co.uk/",
        "ref:GB-EAW:charity": "1138698",
        "ref:GB-EAW:rpow": "84046",
        "religion": "muslim",
        "source": "Esri;Bing",
        "source:building": "OS 1:10,000 TM 14 SE - A (1973)",
        "type": "multipolygon",
        "website": "https://shahjalalmasjidipswich.co.uk/",
        "wheelchair": "yes",
        "@geometry": "center"
      },
      "geometry": {
        "type": "Point",
        "coordinates": [
          1.1631286,
          52.0573182
        ]
      },
      "id": "relation/20962031"
    },
    {
      "type": "Feature",
      "properties": {
        "@id": "relation/21055114",
        "addr:city": "Gravesend",
        "addr:housenumber": "11",
        "addr:postcode": "DA12 2SX",
        "addr:street": "Albion Terrace",
        "alt_name": "Gravesend Central Mosque & Islamic Community Centre",
        "amenity": "place_of_worship",
        "building": "yes",
        "name": "Gravesend Central Mosque",
        "phone": "+44 1474 323092",
        "religion": "muslim",
        "type": "multipolygon",
        "@geometry": "center"
      },
      "geometry": {
        "type": "Point",
        "coordinates": [
          0.3810528,
          51.4411356
        ]
      },
      "id": "relation/21055114"
    },
    {
      "type": "Feature",
      "properties": {
        "@id": "relation/21157967",
        "addr:city": "Peterborough",
        "addr:housenumber": "4",
        "addr:postcode": "PE1 5HD",
        "addr:street": "Burton Street",
        "amenity": "place_of_worship",
        "building": "yes",
        "building:levels": "2",
        "denomination": "shia",
        "female": "yes",
        "fhrs:id": "590180",
        "name": "Husaini Islamic Centre",
        "operator": "The Muslim Khoja Shia Ithna-Asheri Community of Peterborough",
        "operator:type": "charitable",
        "ref:GB-EAW:charity": "273130",
        "religion": "muslim",
        "subdenomination": "ithna-asheri",
        "type": "multipolygon",
        "@geometry": "center"
      },
      "geometry": {
        "type": "Point",
        "coordinates": [
          -0.2283707,
          52.5752914
        ]
      },
      "id": "relation/21157967"
    },
    {
      "type": "Feature",
      "properties": {
        "@id": "way/23548668",
        "addr:housename": "Manor House",
        "amenity": "place_of_worship",
        "building": "yes",
        "name": "Feltham Masjid",
        "note": "now Health Centre in Hounslow PCT",
        "religion": "muslim",
        "@geometry": "center"
      },
      "geometry": {
        "type": "Point",
        "coordinates": [
          -0.4141668,
          51.4430645
        ]
      },
      "id": "way/23548668"
    },
    {
      "type": "Feature",
      "properties": {
        "@id": "node/25365400",
        "addr:housenumber": "181a",
        "addr:postcode": "M19 1BA",
        "addr:street": "Mauldeth Road",
        "addr:suburb": "Burnage",
        "amenity": "place_of_worship",
        "building": "mosque",
        "denomination": "sunni",
        "name": "Khanqah Naqshbandia",
        "religion": "muslim",
        "website": "http://www.khanqahnaqshbandia.org/"
      },
      "geometry": {
        "type": "Point",
        "coordinates": [
          -2.2088242,
          53.4329627
        ]
      },
      "id": "node/25365400"
    },
    {
      "type": "Feature",
      "properties": {
        "@id": "way/26554233",
        "amenity": "place_of_worship",
        "building": "yes",
        "denomination": "sunni",
        "name": "Masjid e Mahmoodiya",
        "religion": "muslim",
        "@geometry": "center"
      },
      "geometry": {
        "type": "Point",
        "coordinates": [
          -1.6320791,
          53.70943
        ]
      },
      "id": "way/26554233"
    },
    {
      "type": "Feature",
      "properties": {
        "@id": "node/26756585",
        "addr:city": "London",
        "addr:housenumber": "262-270",
        "addr:postcode": "SW19 8DS",
        "addr:street": "Durnsford Road",
        "amenity": "place_of_worship",
        "name": "Wimbledon Mosque",
        "religion": "muslim",
        "source:addr": "promotional leaflet",
        "website": "https://wimbledonmosque.org/"
      },
      "geometry": {
        "type": "Point",
        "coordinates": [
          -0.1972458,
          51.4364908
        ]
      },
      "id": "node/26756585"
    },
    {
      "type": "Feature",
      "properties": {
        "@id": "node/27533218",
        "amenity": "place_of_worship",
        "name": "Aylesbury Mosque",
        "religion": "muslim",
        "website": "http://aylesburymosque.co.uk/"
      },
      "geometry": {
        "type": "Point",
        "coordinates": [
          -0.8103297,
          51.821377
        ]
      },
      "id": "node/27533218"
    },
    {
      "type": "Feature",
      "properties": {
        "@id": "way/27629313",
        "addr:city": "Cardiff",
        "addr:housename": "Ahmadiyya Muslim Community Cardiff",
        "addr:postcode": "CF11 8DG",
        "addr:street": "Sanatorium Road",
        "alt_name": "Ahmadiyya Mission Cardiff;Bait-ur-Raheem",
        "amenity": "place_of_worship",
        "building": "mosque",
        "denomination": "ahmadiyya",
        "name": "Baitur Raheem Mosque",
        "name:cy": "Mosg Beitur Rahîm",
        "name:ur": "مسجد بیت الرحیم",
        "ref:GB:uprn": "200002932396",
        "religion": "muslim",
        "source": "Bing;survey",
        "wikidata": "Q136943228",
        "wikipedia": "en:Baitur Raheem Mosque",
        "@geometry": "center"
      },
      "geometry": {
        "type": "Point",
        "coordinates": [
          -3.2136859,
          51.4794344
        ]
      },
      "id": "way/27629313"
    },
    {
      "type": "Feature",
      "properties": {
        "@id": "way/28836269",
        "addr:city": "London",
        "addr:housenumber": "9",
        "addr:postcode": "E11 3AG",
        "addr:street": "Dacre Road",
        "amenity": "place_of_worship",
        "building": "mosque",
        "name": "Leytonstone Mosque",
        "religion": "muslim",
        "@geometry": "center"
      },
      "geometry": {
        "type": "Point",
        "coordinates": [
          0.0128357,
          51.568253
        ]
      },
      "id": "way/28836269"
    },
    {
      "type": "Feature",
      "properties": {
        "@id": "way/30971801",
        "addr:city": "Edinburgh",
        "addr:housenumber": "50",
        "addr:postcode": "EH8 9BT",
        "addr:street": "Potterrow",
        "amenity": "place_of_worship",
        "building": "yes",
        "check_date": "2026-09-03",
        "denomination": "sunni",
        "fhrs:id": "1603379",
        "name": "Edinburgh Central Mosque",
        "religion": "muslim",
        "source": "Bing",
        "website": "https://www.edmosque.org/",
        "wheelchair": "no",
        "wikidata": "Q1144643",
        "wikipedia": "en:Edinburgh Central Mosque",
        "@geometry": "center"
      },
      "geometry": {
        "type": "Point",
        "coordinates": [
          -3.1858397,
          55.9450099
        ]
      },
      "id": "way/30971801"
    },
    {
      "type": "Feature",
      "properties": {
        "@id": "way/33790628",
        "addr:city": "Morden",
        "addr:housename": "Ahmadiyya Muslim Association UK",
        "addr:housenumber": "181",
        "addr:postcode": "SM4 5PT",
        "addr:street": "London Road",
        "amenity": "place_of_worship",
        "building": "mosque",
        "contact:phone": "+44 20 8687 7800",
        "contact:website": "http://www.baitulfutuh.org/",
        "denomination": "ahmadiyya",
        "name": "Baitul Futuh Mosque",
        "name:ur": "مسجد بیت الفتوح",
        "religion": "muslim",
        "service_times": "Jummah: 2pm @ Fridays",
        "wikidata": "Q788652",
        "wikipedia": "en:Baitul Futuh Mosque",
        "@geometry": "center"
      },
      "geometry": {
        "type": "Point",
        "coordinates": [
          -0.1992764,
          51.3967071
        ]
      },
      "id": "way/33790628"
    },
    {
      "type": "Feature",
      "properties": {
        "@id": "way/34174831",
        "amenity": "place_of_worship",
        "building": "yes",
        "name": "Abu Huraira Masjid",
        "religion": "muslim",
        "@geometry": "center"
      },
      "geometry": {
        "type": "Point",
        "coordinates": [
          -1.5524589,
          53.7752654
        ]
      },
      "id": "way/34174831"
    },
    {
      "type": "Feature",
      "properties": {
        "@id": "way/34832137",
        "addr:city": "London",
        "addr:postcode": "W9 1QB",
        "amenity": "place_of_worship",
        "building": "yes",
        "denomination": "shia",
        "name": "Islamic Centre of England",
        "ref:GB:uprn": "5067281",
        "religion": "muslim",
        "source": "OS;survey",
        "wikidata": "Q6082378",
        "wikipedia": "en:Islamic Centre of England",
        "@geometry": "center"
      },
      "geometry": {
        "type": "Point",
        "coordinates": [
          -0.1889909,
          51.5354273
        ]
      },
      "id": "way/34832137"
    },
    {
      "type": "Feature",
      "properties": {
        "@id": "way/34997746",
        "addr:city": "Milton Keynes",
        "addr:housenumber": "401",
        "addr:postcode": "MK9 2PG",
        "addr:street": "South Row",
        "amenity": "place_of_worship",
        "building": "office",
        "denomination": "sunni",
        "name": "Al-Rawdha Mosque",
        "phone": "+44 1908 308 151",
        "religion": "muslim",
        "website": "https://www.mkica.org",
        "@geometry": "center"
      },
      "geometry": {
        "type": "Point",
        "coordinates": [
          -0.7586909,
          52.0368181
        ]
      },
      "id": "way/34997746"
    },
    {
      "type": "Feature",
      "properties": {
        "@id": "way/37015650",
        "addr:city": "Nottingham",
        "addr:housenumber": "3",
        "addr:postcode": "NG3 1DG",
        "addr:street": "Curzon Street",
        "amenity": "place_of_worship",
        "building": "mosque",
        "building:source": "Yahoo;survey",
        "denomination": "sunni",
        "name": "Nottingham Islamic Centre",
        "ref:GB:uprn": "200001378470",
        "religion": "muslim",
        "source": "survey",
        "source:addr": "NCC Open Data planning",
        "@geometry": "center"
      },
      "geometry": {
        "type": "Point",
        "coordinates": [
          -1.1427438,
          52.9576091
        ]
      },
      "id": "way/37015650"
    },
    {
      "type": "Feature",
      "properties": {
        "@id": "way/39977857",
        "addr:city": "London",
        "addr:housenumber": "12",
        "addr:postcode": "SE15 4PD",
        "addr:street": "Choumert Grove",
        "amenity": "place_of_worship",
        "building": "yes",
        "check_date": "2024-06-21",
        "name": "Peckham Islamic Centre",
        "ref:GB:uprn": "10090283455",
        "religion": "muslim",
        "website": "https://www.peckhamislamiccentre.co.uk/",
        "@geometry": "center"
      },
      "geometry": {
        "type": "Point",
        "coordinates": [
          -0.0696084,
          51.4674158
        ]
      },
      "id": "way/39977857"
    },
    {
      "type": "Feature",
      "properties": {
        "@id": "way/41880379",
        "addr:city": "Milton Keynes",
        "addr:country": "GB",
        "addr:postcode": "MK1 1NW",
        "addr:street": "Peverel Drive",
        "addr:suburb": "Bletchley",
        "amenity": "place_of_worship",
        "building": "yes",
        "denomination": "shia",
        "description": "Shia",
        "name": "Zainabiya Islamic Centre",
        "religion": "muslim",
        "website": "https://ksimiltonkeynes.org/",
        "@geometry": "center"
      },
      "geometry": {
        "type": "Point",
        "coordinates": [
          -0.7430387,
          52.0114567
        ]
      },
      "id": "way/41880379"
    },
    {
      "type": "Feature",
      "properties": {
        "@id": "way/45047372",
        "amenity": "place_of_worship",
        "building": "church",
        "name": "Husseini mosque",
        "religion": "muslim",
        "@geometry": "center"
      },
      "geometry": {
        "type": "Point",
        "coordinates": [
          -0.3639706,
          51.5426645
        ]
      },
      "id": "way/45047372"
    },
    {
      "type": "Feature",
      "properties": {
        "@id": "way/45468735",
        "addr:city": "Belfast",
        "addr:country": "GB",
        "addr:housename": "Aldersgate House",
        "addr:housenumber": "13-19",
        "addr:postcode": "BT7 1NA",
        "addr:street": "University Road",
        "amenity": "place_of_worship",
        "building": "mosque",
        "building:levels": "3",
        "female": "yes",
        "name": "Belfast Islamic Centre",
        "operator": "Belfast Islamic Centre",
        "operator:type": "charity",
        "prayer_times:url": "https://belfastislamiccentre.org.uk/monthly-prayer-times/",
        "ref:GB-NIR:charity": "102005",
        "religion": "muslim",
        "website": "https://belfastislamiccentre.org.uk/",
        "@geometry": "center"
      },
      "geometry": {
        "type": "Point",
        "coordinates": [
          -5.9361625,
          54.5873139
        ]
      },
      "id": "way/45468735"
    },
    {
      "type": "Feature",
      "properties": {
        "@id": "way/47054786",
        "amenity": "place_of_worship",
        "building": "yes",
        "name": "Masjid Uthman",
        "polling_station": "yes",
        "polling_station:region": "Dewsbury",
        "religion": "muslim",
        "@geometry": "center"
      },
      "geometry": {
        "type": "Point",
        "coordinates": [
          -1.6490582,
          53.6980813
        ]
      },
      "id": "way/47054786"
    },
    {
      "type": "Feature",
      "properties": {
        "@id": "way/47215285",
        "amenity": "place_of_worship",
        "building": "mosque",
        "name": "Maidenhead Central Mosque",
        "ref:GB:uprn": "10012306318;10012317461;100081277238",
        "religion": "muslim",
        "@geometry": "center"
      },
      "geometry": {
        "type": "Point",
        "coordinates": [
          -0.7168128,
          51.5255167
        ]
      },
      "id": "way/47215285"
    },
    {
      "type": "Feature",
      "properties": {
        "@id": "way/48388542",
        "amenity": "place_of_worship",
        "building": "yes",
        "check_date": "2026-03-21",
        "name": "Sittingbourne Islamic Cultural Centre",
        "religion": "muslim",
        "@geometry": "center"
      },
      "geometry": {
        "type": "Point",
        "coordinates": [
          0.7288394,
          51.3419066
        ]
      },
      "id": "way/48388542"
    },
    {
      "type": "Feature",
      "properties": {
        "@id": "way/49908084",
        "addr:city": "Birmingham",
        "addr:housename": "Jame Masjid",
        "addr:housenumber": "2",
        "addr:postcode": "B6 6AG",
        "addr:street": "Trinity Road",
        "amenity": "place_of_worship",
        "building": "yes",
        "name": "Jame Masjid",
        "old_name": "President Saddam Hussein Mosque",
        "ref:GB:uprn": "100071470918",
        "religion": "muslim",
        "source": "visual survey;OS_OpenData_StreetView",
        "@geometry": "center"
      },
      "geometry": {
        "type": "Point",
        "coordinates": [
          -1.9029239,
          52.5083532
        ]
      },
      "id": "way/49908084"
    },
    {
      "type": "Feature",
      "properties": {
        "@id": "way/54510419",
        "addr:city": "London",
        "addr:country": "GB",
        "addr:housenumber": "33",
        "addr:place": "Holborn",
        "addr:postcode": "EC1N 7RR",
        "addr:street": "Brookes Court",
        "amenity": "place_of_worship",
        "building": "yes",
        "denomination": "sunni",
        "description": "Women’s toilet and wudu. Query whether prayer space would be available as of right or only on request ",
        "female": "yes",
        "name": "Holborn Muslim Community & Welfare Association",
        "operator:type": "charitable",
        "prayer_times:syndicator": "masjidbox",
        "prayer_times:syndicator:url": "https://masjidbox.com/prayer-times/holborn-mosque",
        "ref:GB-EAW:charity": "1052483",
        "ref:GB:uprn": "5132567",
        "religion": "muslim",
        "source": "survey",
        "website": "https://holbornmosque.org/",
        "wheelchair": "yes",
        "@geometry": "center"
      },
      "geometry": {
        "type": "Point",
        "coordinates": [
          -0.1114336,
          51.5193173
        ]
      },
      "id": "way/54510419"
    },
    {
      "type": "Feature",
      "properties": {
        "@id": "way/54615647",
        "addr:city": "Derby",
        "addr:country": "GB",
        "addr:housenumber": "6",
        "addr:postcode": "DE23 8GA",
        "addr:street": "Rose Hill Street",
        "amenity": "place_of_worship",
        "building": "yes",
        "name": "Jamia Mosque Derby",
        "religion": "muslim",
        "source": "Bing;survey",
        "@geometry": "center"
      },
      "geometry": {
        "type": "Point",
        "coordinates": [
          -1.4764435,
          52.9101043
        ]
      },
      "id": "way/54615647"
    },
    {
      "type": "Feature",
      "properties": {
        "@id": "way/54638017",
        "addr:city": "Derby",
        "addr:postcode": "DE23 6SB",
        "addr:street": "Mill Hill Lane",
        "amenity": "place_of_worship",
        "building": "yes",
        "denomination": "sunni",
        "name": "Masjid Al-Farooq",
        "ref:GB:uprn": "100032008891",
        "religion": "muslim",
        "source": "Bing;survey",
        "@geometry": "center"
      },
      "geometry": {
        "type": "Point",
        "coordinates": [
          -1.4805647,
          52.9137415
        ]
      },
      "id": "way/54638017"
    },
    {
      "type": "Feature",
      "properties": {
        "@id": "way/54683415",
        "amenity": "place_of_worship",
        "building": "mosque",
        "building:levels": "2",
        "ref": "6",
        "religion": "muslim",
        "@geometry": "center"
      },
      "geometry": {
        "type": "Point",
        "coordinates": [
          -3.9774172,
          51.6099808
        ]
      },
      "id": "way/54683415"
    },
    {
      "type": "Feature",
      "properties": {
        "@id": "way/55070265",
        "addr:city": "Derby",
        "addr:postcode": "DE1 2JR",
        "addr:street": "Sacheverel Street",
        "amenity": "place_of_worship",
        "building": "mosque",
        "building:levels": "3",
        "building:material": "brick",
        "contact:facebook": "https://www.facebook.com/derbyislamiccentre/",
        "email": "derbyislamiccentre@gmail.com",
        "name": "Islamic Centre Derby",
        "ref:GB:uprn": "10010685765",
        "religion": "muslim",
        "roof:colour": "grey",
        "source": "OS_OpenData_StreetView",
        "website": "https://derbyislamiccentre.com/",
        "@geometry": "center"
      },
      "geometry": {
        "type": "Point",
        "coordinates": [
          -1.4763066,
          52.9172401
        ]
      },
      "id": "way/55070265"
    },
    {
      "type": "Feature",
      "properties": {
        "@id": "way/55592696",
        "addr:city": "Livingston",
        "addr:postcode": "EH54 5DT",
        "addr:street": "Craingshill Road",
        "amenity": "place_of_worship",
        "building": "yes",
        "name": "Anware Madina Mosque",
        "phone": "+44 1506 431 165",
        "religion": "muslim",
        "@geometry": "center"
      },
      "geometry": {
        "type": "Point",
        "coordinates": [
          -3.4986369,
          55.9018082
        ]
      },
      "id": "way/55592696"
    },
    {
      "type": "Feature",
      "properties": {
        "@id": "way/55856263",
        "addr:city": "London",
        "addr:housenumber": "7-11",
        "addr:postcode": "N4 2QH",
        "addr:street": "Saint Thomas's Road",
        "amenity": "place_of_worship",
        "building": "mosque",
        "denomination": "sunni",
        "female": "yes",
        "name": "Finsbury Park Mosque",
        "name:fa": "مسجد پارک فینسبوری",
        "note:opening_hours": "This is BST - can't code that quickly enough atm, and don't know GMT times",
        "opening_hours": "Sa-Th 1300 - isha+30; Fr 1100 - isha+30",
        "prayer_times:url": "https://finsburyparkmosque.org/tv/",
        "ref:GB:uprn": "5300087279",
        "religion": "muslim",
        "website": "https://finsburyparkmosque.org",
        "wikidata": "Q1328033",
        "wikipedia": "en:Finsbury Park Mosque",
        "@geometry": "center"
      },
      "geometry": {
        "type": "Point",
        "coordinates": [
          -0.1056814,
          51.5635767
        ]
      },
      "id": "way/55856263"
    },
    {
      "type": "Feature",
      "properties": {
        "@id": "way/56187058",
        "addr:city": "Derby",
        "addr:postcode": "DE23 8GN",
        "addr:street": "Corden Street",
        "amenity": "place_of_worship",
        "building": "yes",
        "denomination": "sunni",
        "name": "Masjid Salaam",
        "religion": "muslim",
        "source": "Bing;survey",
        "@geometry": "center"
      },
      "geometry": {
        "type": "Point",
        "coordinates": [
          -1.4782966,
          52.9078945
        ]
      },
      "id": "way/56187058"
    },
    {
      "type": "Feature",
      "properties": {
        "@id": "way/58117113",
        "addr:city": "Sandwell",
        "addr:housenumber": "153",
        "addr:postcode": "WS10 9SW",
        "addr:street": "Walsall Road",
        "amenity": "place_of_worship",
        "building": "yes",
        "building:levels": "3",
        "building:material": "brick",
        "denomination": "sunni",
        "height": "12",
        "name": "Zia-E-Medina",
        "phone": "+447749313045",
        "ref:GB:uprn": "10013661295",
        "religion": "muslim",
        "roof:shape": "hipped",
        "source": "OS _OpenData _StreetView;local knowledge;visual survey",
        "website": "http://www.zia-e-madinah.org/",
        "@geometry": "center"
      },
      "geometry": {
        "type": "Point",
        "coordinates": [
          -2.025306,
          52.5694878
        ]
      },
      "id": "way/58117113"
    },
    {
      "type": "Feature",
      "properties": {
        "@id": "way/58402790",
        "alt_name": "Central Jamia Mosque Ghamkol Sharif",
        "amenity": "place_of_worship",
        "building": "yes",
        "name": "Ghamkol Sharif",
        "official_name": "Mosque Ghamkol Sharif",
        "religion": "muslim",
        "source:official_name": "Charity Commission",
        "wikidata": "Q5555314",
        "wikipedia": "en:Ghamkol Shariff Masjid",
        "@geometry": "center"
      },
      "geometry": {
        "type": "Point",
        "coordinates": [
          -1.858464,
          52.4649278
        ]
      },
      "id": "way/58402790"
    },
    {
      "type": "Feature",
      "properties": {
        "@id": "way/58702154",
        "addr:city": "London",
        "addr:housenumber": "2a",
        "addr:postcode": "E5 9QD",
        "addr:street": "Lea Bridge Road",
        "amenity": "place_of_worship",
        "building": "yes",
        "name": "Madina Masjid",
        "operator": "Madina Mosque Trust",
        "ref:GB:uprn": "100023007918",
        "religion": "muslim",
        "source": "OS;survey",
        "website": "https://madina-masjid.org.uk/",
        "@geometry": "center"
      },
      "geometry": {
        "type": "Point",
        "coordinates": [
          -0.0547024,
          51.5582227
        ]
      },
      "id": "way/58702154"
    },
    {
      "type": "Feature",
      "properties": {
        "@id": "way/58724482",
        "addr:city": "Derby",
        "addr:postcode": "DE23 8DE",
        "addr:street": "Village Street",
        "amenity": "place_of_worship",
        "building": "yes",
        "name": "Derby Jamia Mosque",
        "old_name": "Greyhound",
        "religion": "muslim",
        "source": "OS_OpenData_StreetView;survey",
        "@geometry": "center"
      },
      "geometry": {
        "type": "Point",
        "coordinates": [
          -1.4859374,
          52.899026
        ]
      },
      "id": "way/58724482"
    },
    {
      "type": "Feature",
      "properties": {
        "@id": "way/59019459",
        "amenity": "place_of_worship",
        "building": "yes",
        "name": "Dorking Mosque",
        "religion": "muslim",
        "@geometry": "center"
      },
      "geometry": {
        "type": "Point",
        "coordinates": [
          -0.3298314,
          51.233993
        ]
      },
      "id": "way/59019459"
    },
    {
      "type": "Feature",
      "properties": {
        "@id": "way/59141030",
        "addr:city": "Birmingham",
        "addr:housename": "Birmingham Central Mosque",
        "addr:housenumber": "180",
        "addr:postcode": "B12 0XS",
        "addr:street": "Belgrave Middleway",
        "amenity": "place_of_worship",
        "building": "mosque",
        "name": "Birmingham Central Mosque",
        "phone": "+44 121 440 5355",
        "religion": "muslim",
        "website": "https://centralmosque.org.uk/",
        "wikidata": "Q865731",
        "wikipedia": "en:Birmingham Central Mosque",
        "@geometry": "center"
      },
      "geometry": {
        "type": "Point",
        "coordinates": [
          -1.8905789,
          52.4645947
        ]
      },
      "id": "way/59141030"
    },
    {
      "type": "Feature",
      "properties": {
        "@id": "way/60337681",
        "addr:city": "Telford",
        "addr:postcode": "TF1 1HW",
        "addr:street": "Tan Bank",
        "amenity": "place_of_worship",
        "building": "yes",
        "name": "Telford Central Mosque",
        "ref:GB:uprn": "452097820",
        "religion": "muslim",
        "@geometry": "center"
      },
      "geometry": {
        "type": "Point",
        "coordinates": [
          -2.5171607,
          52.6987252
        ]
      },
      "id": "way/60337681"
    },
    {
      "type": "Feature",
      "properties": {
        "@id": "way/60454535",
        "addr:city": "London",
        "addr:housenumber": "33A",
        "addr:postcode": "NW2 6DS",
        "addr:street": "Howard Road",
        "amenity": "place_of_worship",
        "building": "yes",
        "building:levels": "3",
        "check_date": "2025-03-01",
        "name": "Mosque and Islamic Centre of Brent",
        "ref:GB:uprn": "202115501;202149498",
        "religion": "muslim",
        "@geometry": "center"
      },
      "geometry": {
        "type": "Point",
        "coordinates": [
          -0.2164802,
          51.5556712
        ]
      },
      "id": "way/60454535"
    },
    {
      "type": "Feature",
      "properties": {
        "@id": "way/60552371",
        "addr:city": "Minster-on-Sea",
        "addr:housenumber": "14-16",
        "addr:postcode": "ME12 3JF",
        "addr:street": "Minster Road",
        "amenity": "place_of_worship",
        "building": "hall",
        "email": "contact@sicc.org.uk",
        "name": "Sheppey Islamic Cultural Centre",
        "ref:GB:uprn": "100062378225",
        "religion": "muslim",
        "website": "https://sicc.org.uk/",
        "@geometry": "center"
      },
      "geometry": {
        "type": "Point",
        "coordinates": [
          0.7780839,
          51.4224014
        ]
      },
      "id": "way/60552371"
    },
    {
      "type": "Feature",
      "properties": {
        "@id": "way/60774715",
        "addr:city": "Walsall",
        "addr:housenumber": "15",
        "addr:postcode": "WS2 8NF",
        "addr:street": "Birchills Street",
        "amenity": "place_of_worship",
        "building": "yes",
        "denomination": "sunni",
        "name": "Jamia Masjid Ghausia & Community Centre",
        "ref:GB:uprn": "10093458640;10093458641;10013665366",
        "religion": "muslim",
        "source": "OS_OpenData_StreetView",
        "@geometry": "center"
      },
      "geometry": {
        "type": "Point",
        "coordinates": [
          -1.991111,
          52.5873972
        ]
      },
      "id": "way/60774715"
    },
    {
      "type": "Feature",
      "properties": {
        "@id": "way/61012198",
        "amenity": "place_of_worship",
        "building": "yes",
        "name": "Abu Bakr Siddique Masjid",
        "ref:GB:uprn": "63109761",
        "religion": "muslim",
        "source": "OS_OpenData_StreetView",
        "@geometry": "center"
      },
      "geometry": {
        "type": "Point",
        "coordinates": [
          -1.4967163,
          53.6734452
        ]
      },
      "id": "way/61012198"
    },
    {
      "type": "Feature",
      "properties": {
        "@id": "way/61738937",
        "addr:city": "Nottingham",
        "addr:postcode": "NG2 2ET",
        "addr:street": "Collygate Road",
        "amenity": "place_of_worship",
        "building": "school",
        "name": "Meadows Muslim Centre",
        "note": "also community centre",
        "ref:GB:uprn": "200001407325",
        "religion": "muslim",
        "source": "survey",
        "source:addr": "NCC Open Data places of worship",
        "@geometry": "center"
      },
      "geometry": {
        "type": "Point",
        "coordinates": [
          -1.143991,
          52.9374039
        ]
      },
      "id": "way/61738937"
    },
    {
      "type": "Feature",
      "properties": {
        "@id": "way/62226618",
        "addr:city": "London",
        "addr:housenumber": "88-90",
        "addr:postcode": "NW6 5DA",
        "addr:street": "Carlton Vale",
        "alt_name": "Xhamia e Shqiptarëve në Britani të Madhe",
        "amenity": "place_of_worship",
        "building": "yes",
        "building:colour": "gray",
        "building:levels": "2",
        "name": "UK Albanian Muslim Community & Cultural Centre",
        "ref:GB:uprn": "202203119;202203118;202119935;202149486;202203120;202203121;202233088;202233086;202233087",
        "religion": "muslim",
        "roof:colour": "green",
        "roof:shape": "gabled",
        "source": "OS",
        "@geometry": "center"
      },
      "geometry": {
        "type": "Point",
        "coordinates": [
          -0.2012252,
          51.5327938
        ]
      },
      "id": "way/62226618"
    },
    {
      "type": "Feature",
      "properties": {
        "@id": "way/62325625",
        "addr:housenumber": "23",
        "addr:street": "North Cross Road",
        "amenity": "place_of_worship",
        "building": "yes",
        "name": "Gousul Azzam Mosque",
        "religion": "muslim",
        "@geometry": "center"
      },
      "geometry": {
        "type": "Point",
        "coordinates": [
          -0.0726249,
          51.4573937
        ]
      },
      "id": "way/62325625"
    },
    {
      "type": "Feature",
      "properties": {
        "@id": "node/64798195",
        "amenity": "place_of_worship",
        "name": "Ghausia Mosque Trust",
        "religion": "muslim"
      },
      "geometry": {
        "type": "Point",
        "coordinates": [
          -1.8562277,
          52.5162826
        ]
      },
      "id": "node/64798195"
    },
    {
      "type": "Feature",
      "properties": {
        "@id": "way/66317381",
        "addr:city": "London",
        "addr:housenumber": "14",
        "addr:postcode": "NW6 6AS",
        "addr:street": "Brondesbury Road",
        "amenity": "place_of_worship",
        "building": "yes",
        "building:levels": "1",
        "name": "The Lebanese Welfare Community",
        "ref:GB:uprn": "202126452",
        "religion": "muslim",
        "@geometry": "center"
      },
      "geometry": {
        "type": "Point",
        "coordinates": [
          -0.1959203,
          51.5373675
        ]
      },
      "id": "way/66317381"
    },
    {
      "type": "Feature",
      "properties": {
        "@id": "way/67297543",
        "addr:city": "Birmingham",
        "addr:housenumber": "179-181",
        "addr:postcode": "B11 4ER",
        "addr:street": "Woodlands Road",
        "amenity": "place_of_worship",
        "building": "yes",
        "name": "Jamatia Islamic Centre",
        "religion": "muslim",
        "source": "visual survey;OS_OpenData_StreetView",
        "@geometry": "center"
      },
      "geometry": {
        "type": "Point",
        "coordinates": [
          -1.860461,
          52.4431247
        ]
      },
      "id": "way/67297543"
    },
    {
      "type": "Feature",
      "properties": {
        "@id": "way/68577283",
        "addr:city": "Solihull",
        "addr:housenumber": "5-9",
        "addr:postcode": "B91 2LL",
        "addr:street": "Hermitage Road",
        "amenity": "place_of_worship",
        "building": "mosque",
        "name": "The Hub",
        "religion": "muslim",
        "source": "visual survey;OS_OpenData_StreetView",
        "website": "https://deencentral.org/",
        "@geometry": "center"
      },
      "geometry": {
        "type": "Point",
        "coordinates": [
          -1.7754657,
          52.42235
        ]
      },
      "id": "way/68577283"
    },
    {
      "type": "Feature",
      "properties": {
        "@id": "way/69853387",
        "addr:city": "Birmingham",
        "addr:housenumber": "90",
        "addr:postcode": "B13 9AE",
        "addr:street": "Church Road",
        "amenity": "place_of_worship",
        "building": "yes",
        "name": "Masjid Hamza",
        "religion": "muslim",
        "source": "visual survey; OS_OpenData_StreetView;bing",
        "@geometry": "center"
      },
      "geometry": {
        "type": "Point",
        "coordinates": [
          -1.8828575,
          52.449381
        ]
      },
      "id": "way/69853387"
    },
    {
      "type": "Feature",
      "properties": {
        "@id": "way/70391069",
        "amenity": "place_of_worship",
        "building": "mosque",
        "name": "Medina Mosque",
        "ref:GB:uprn": "100052118163",
        "religion": "muslim",
        "source": "OS OpenData StreetView",
        "wheelchair": "yes",
        "wikidata": "Q1264624",
        "wikipedia": "en:Madina Mosque (Sheffield)",
        "@geometry": "center"
      },
      "geometry": {
        "type": "Point",
        "coordinates": [
          -1.4733688,
          53.3641524
        ]
      },
      "id": "way/70391069"
    },
    {
      "type": "Feature",
      "properties": {
        "@id": "way/70433440",
        "addr:city": "Derby",
        "addr:housenumber": "97",
        "addr:postcode": "DE23 6RB",
        "addr:street": "Porter Road",
        "amenity": "place_of_worship",
        "building": "yes",
        "ref:GB:uprn": "100032008397",
        "religion": "muslim",
        "source": "OS_OpenData_StreetView;survey",
        "@geometry": "center"
      },
      "geometry": {
        "type": "Point",
        "coordinates": [
          -1.4870572,
          52.9070887
        ]
      },
      "id": "way/70433440"
    },
    {
      "type": "Feature",
      "properties": {
        "@id": "way/70457256",
        "addr:city": "Walsall",
        "addr:housenumber": "49",
        "addr:postcode": "WS2 9RN",
        "addr:street": "Woodwards Road",
        "amenity": "place_of_worship",
        "building": "industrial",
        "building:levels": "2",
        "building:material": "brick",
        "denomination": "sunni",
        "name": "Minhaj-ul-Quran",
        "operator": "Minhaj-ul-Quran International",
        "phone": "+44 1922 612010",
        "ref:GB-EAW:charity": "1102801",
        "ref:GB-EAW:company": "04871449",
        "ref:GB:uprn": "100071550187",
        "religion": "muslim",
        "roof:colour": "grey",
        "smoking": "no",
        "source": "OS _OpenData _StreetView",
        "wheelchair": "no",
        "@geometry": "center"
      },
      "geometry": {
        "type": "Point",
        "coordinates": [
          -2.0066002,
          52.5775021
        ]
      },
      "id": "way/70457256"
    },
    {
      "type": "Feature",
      "properties": {
        "@id": "way/70463600",
        "addr:city": "Birmingham",
        "addr:postcode": "B12 8BG",
        "amenity": "place_of_worship",
        "building": "yes",
        "name": "Hazrat Mujaddid Alf-e Sanni",
        "religion": "muslim",
        "source": "OS_OpenData_StreetView",
        "@geometry": "center"
      },
      "geometry": {
        "type": "Point",
        "coordinates": [
          -1.8739336,
          52.4520897
        ]
      },
      "id": "way/70463600"
    },
    {
      "type": "Feature",
      "properties": {
        "@id": "way/70931702",
        "addr:city": "Dover",
        "addr:country": "GB",
        "addr:county": "Kent",
        "addr:housenumber": "6",
        "addr:postcode": "CT16 1DQ",
        "addr:street": "Park Place",
        "amenity": "place_of_worship",
        "building": "yes",
        "name": "Dover Masjid",
        "religion": "muslim",
        "@geometry": "center"
      },
      "geometry": {
        "type": "Point",
        "coordinates": [
          1.3093521,
          51.1290659
        ]
      },
      "id": "way/70931702"
    },
    {
      "type": "Feature",
      "properties": {
        "@id": "way/71020311",
        "amenity": "place_of_worship",
        "building": "church",
        "name": "IQRA Academy",
        "religion": "muslim",
        "source": "NLS_OS_Edinburgh_map_1940s",
        "website": "https://www.iqraacademy.org/",
        "@geometry": "center"
      },
      "geometry": {
        "type": "Point",
        "coordinates": [
          -3.1678363,
          55.9301377
        ]
      },
      "id": "way/71020311"
    },
    {
      "type": "Feature",
      "properties": {
        "@id": "way/71223414",
        "amenity": "place_of_worship",
        "building": "mosque",
        "name": "Central Oxford Mosque",
        "ref:GB:uprn": "10093787111;100121298851",
        "religion": "muslim",
        "source": "survey",
        "source:geometry": "Bing",
        "@geometry": "center"
      },
      "geometry": {
        "type": "Point",
        "coordinates": [
          -1.230763,
          51.7476553
        ]
      },
      "id": "way/71223414"
    },
    {
      "type": "Feature",
      "properties": {
        "@id": "way/71782085",
        "amenity": "place_of_worship",
        "building": "yes",
        "name": "Jamia Mosque Amir-e-Millat",
        "religion": "muslim",
        "source": "visual survey; OS_OpenData_StreetView",
        "@geometry": "center"
      },
      "geometry": {
        "type": "Point",
        "coordinates": [
          -1.865956,
          52.4553925
        ]
      },
      "id": "way/71782085"
    },
    {
      "type": "Feature",
      "properties": {
        "@id": "way/71958446",
        "amenity": "place_of_worship",
        "building": "yes",
        "name": "Foresterhill Mosque",
        "religion": "muslim",
        "source": "OS_OpenData_StreetView",
        "@geometry": "center"
      },
      "geometry": {
        "type": "Point",
        "coordinates": [
          -2.1313961,
          57.1543202
        ]
      },
      "id": "way/71958446"
    },
    {
      "type": "Feature",
      "properties": {
        "@id": "way/73415577",
        "addr:city": "Birmingham",
        "addr:postcode": "B11 1JB",
        "addr:street": "Henley Street",
        "amenity": "place_of_worship",
        "building": "mosque",
        "name": "Amanah Masjid",
        "religion": "muslim",
        "source": "visual survey;cities_revealed_aerial_imagery",
        "@geometry": "center"
      },
      "geometry": {
        "type": "Point",
        "coordinates": [
          -1.8766158,
          52.4672973
        ]
      },
      "id": "way/73415577"
    },
    {
      "type": "Feature",
      "properties": {
        "@id": "way/73496699",
        "addr:city": "London",
        "addr:postcode": "SE5 0HU",
        "amenity": "place_of_worship",
        "building": "church",
        "name": "New Peckham Mosque",
        "ref:GB:uprn": "200003453182",
        "religion": "muslim",
        "source:addr:postcode": "ONSUD;OS Open UPRN",
        "wikidata": "Q26658897",
        "@geometry": "center"
      },
      "geometry": {
        "type": "Point",
        "coordinates": [
          -0.0761532,
          51.4844573
        ]
      },
      "id": "way/73496699"
    },
    {
      "type": "Feature",
      "properties": {
        "@id": "way/73996111",
        "amenity": "place_of_worship",
        "building": "mosque",
        "name": "Ukim Jamia Masjid",
        "religion": "muslim",
        "source": "visual survey;OS_OpenData_StreetView",
        "@geometry": "center"
      },
      "geometry": {
        "type": "Point",
        "coordinates": [
          -1.8630279,
          52.4626944
        ]
      },
      "id": "way/73996111"
    },
    {
      "type": "Feature",
      "properties": {
        "@id": "way/73999850",
        "addr:city": "Birmingham",
        "addr:housenumber": "98",
        "addr:postcode": "B11 1QA",
        "addr:street": "Walford Road",
        "amenity": "place_of_worship",
        "building": "yes",
        "name": "Masjid Umar",
        "religion": "muslim",
        "source": "bing",
        "@geometry": "center"
      },
      "geometry": {
        "type": "Point",
        "coordinates": [
          -1.8667638,
          52.4595227
        ]
      },
      "id": "way/73999850"
    },
    {
      "type": "Feature",
      "properties": {
        "@id": "way/75639647",
        "addr:city": "London",
        "addr:postcode": "NW6 6TN",
        "amenity": "place_of_worship",
        "building": "yes",
        "building:colour": "brown",
        "building:levels": "3",
        "building:part": "yes",
        "denomination": "shia",
        "name": "Imam Khoei Islamic Centre",
        "operator": "Imam Al-Khoei Foundation",
        "ref:GB:uprn": "202115729",
        "religion": "muslim",
        "roof:colour": "black",
        "website": "https://www.al-khoei.org/",
        "@geometry": "center"
      },
      "geometry": {
        "type": "Point",
        "coordinates": [
          -0.2098614,
          51.5394147
        ]
      },
      "id": "way/75639647"
    },
    {
      "type": "Feature",
      "properties": {
        "@id": "way/75806697",
        "amenity": "place_of_worship",
        "building": "yes",
        "religion": "muslim",
        "source": "visual survey;estimate",
        "@geometry": "center"
      },
      "geometry": {
        "type": "Point",
        "coordinates": [
          -1.9179327,
          52.4879032
        ]
      },
      "id": "way/75806697"
    },
    {
      "type": "Feature",
      "properties": {
        "@id": "way/75897116",
        "addr:city": "London",
        "addr:housenumber": "41",
        "addr:postcode": "NW2 4PU",
        "addr:street": "Station Parade",
        "amenity": "place_of_worship",
        "building": "yes",
        "building:levels": "2",
        "check_date": "2023-09-30",
        "name": "Central Mosque of Brent",
        "ref:GB:uprn": "202043208",
        "religion": "muslim",
        "source": "OS;survey",
        "@geometry": "center"
      },
      "geometry": {
        "type": "Point",
        "coordinates": [
          -0.2238311,
          51.5498805
        ]
      },
      "id": "way/75897116"
    },
    {
      "type": "Feature",
      "properties": {
        "@id": "way/76128742",
        "amenity": "place_of_worship",
        "building": "mosque",
        "name": "Raza Mosque",
        "religion": "muslim",
        "source": "OS_OpenData_StreetView",
        "@geometry": "center"
      },
      "geometry": {
        "type": "Point",
        "coordinates": [
          -1.880682,
          52.5081103
        ]
      },
      "id": "way/76128742"
    },
    {
      "type": "Feature",
      "properties": {
        "@id": "way/76458752",
        "amenity": "place_of_worship",
        "building": "yes",
        "denomination": "sunni",
        "name": "Muslim Students House Masjid",
        "religion": "muslim",
        "source": "visual survey;OS_OpenData_StreetView",
        "@geometry": "center"
      },
      "geometry": {
        "type": "Point",
        "coordinates": [
          -1.8862014,
          52.4572845
        ]
      },
      "id": "way/76458752"
    },
    {
      "type": "Feature",
      "properties": {
        "@id": "way/76848057",
        "amenity": "place_of_worship",
        "building": "yes",
        "name": "Zia ul Quran Jamia Mosque",
        "religion": "muslim",
        "source": "visual survey;cities_revealed_aerial_ imagery",
        "@geometry": "center"
      },
      "geometry": {
        "type": "Point",
        "coordinates": [
          -1.8545255,
          52.4849563
        ]
      },
      "id": "way/76848057"
    },
    {
      "type": "Feature",
      "properties": {
        "@id": "way/77267497",
        "addr:city": "London",
        "addr:housenumber": "10-12",
        "addr:postcode": "W10 4NZ",
        "addr:street": "Lancefield Street",
        "amenity": "place_of_worship",
        "building": "mosque",
        "building:colour": "white",
        "building:levels": "2",
        "check_date": "2024-12-12",
        "name": "Harrow Road Jamme Mosque",
        "religion": "muslim",
        "roof:colour": "black",
        "roof:orientation": "across",
        "roof:shape": "gabled",
        "@geometry": "center"
      },
      "geometry": {
        "type": "Point",
        "coordinates": [
          -0.2053079,
          51.5285045
        ]
      },
      "id": "way/77267497"
    },
    {
      "type": "Feature",
      "properties": {
        "@id": "way/77350878",
        "addr:city": "Birmingham",
        "addr:housename": "Ahmadiyya Muslim Association",
        "addr:housenumber": "85",
        "addr:postcode": "B9 4PP",
        "addr:street": "Tilton Road",
        "alt_name": "Darul Barkaat",
        "alt_name:ur": "دار البرکات;مسجد دار البرکات",
        "amenity": "place_of_worship",
        "building": "yes",
        "denomination": "ahmadiyya",
        "heritage": "2",
        "heritage:operator": "Historic England",
        "listed_status": "Grade II",
        "name": "Darul Barkaat Mosque",
        "name:ur": "مسجد دارالبرکات",
        "previous_name": "Tilton Road Girls School",
        "religion": "muslim",
        "source": "visual survey;cities_revealed_aerial_ imagery;Birmingham_City_Council",
        "wikidata": "Q727250",
        "wikipedia": "en:Darul Barakaat Mosque",
        "@geometry": "center"
      },
      "geometry": {
        "type": "Point",
        "coordinates": [
          -1.8651293,
          52.4768291
        ]
      },
      "id": "way/77350878"
    },
    {
      "type": "Feature",
      "properties": {
        "@id": "way/77473948",
        "amenity": "place_of_worship",
        "building": "yes",
        "religion": "muslim",
        "source": "visual survey;cities_revealed_aerial_ imagery",
        "@geometry": "center"
      },
      "geometry": {
        "type": "Point",
        "coordinates": [
          -1.8552855,
          52.4976468
        ]
      },
      "id": "way/77473948"
    },
    {
      "type": "Feature",
      "properties": {
        "@id": "way/77610116",
        "addr:city": "Derby",
        "addr:country": "GB",
        "addr:housenumber": "153",
        "addr:postcode": "DE23 6RE",
        "addr:street": "Porter Road",
        "alt_name": "Jamiat Ahl-E-Hadith",
        "amenity": "place_of_worship",
        "building": "yes",
        "name": "Jamiat Ahl-e-Hadith & Al-Furquan Education Centre",
        "religion": "muslim",
        "source": "OS_OpenData_StreetView;survey",
        "@geometry": "center"
      },
      "geometry": {
        "type": "Point",
        "coordinates": [
          -1.4890913,
          52.9069272
        ]
      },
      "id": "way/77610116"
    },
    {
      "type": "Feature",
      "properties": {
        "@id": "way/77749802",
        "addr:city": "Birmingham",
        "addr:postcode": "B9 4JT",
        "addr:street": "St Andrews Street",
        "amenity": "place_of_worship",
        "building": "yes",
        "building:levels": "2",
        "height": "10",
        "name": "Khalm-e-Nubudwat Educational Centre",
        "religion": "muslim",
        "source": "visual survey;cities_revealed_aerial_ imagery",
        "@geometry": "center"
      },
      "geometry": {
        "type": "Point",
        "coordinates": [
          -1.8708427,
          52.4773369
        ]
      },
      "id": "way/77749802"
    },
    {
      "type": "Feature",
      "properties": {
        "@id": "way/77885540",
        "amenity": "place_of_worship",
        "building": "yes",
        "name": "Bordesley Green Islamic Centre",
        "religion": "muslim",
        "source": "cities_revealed_aerial_imagery",
        "@geometry": "center"
      },
      "geometry": {
        "type": "Point",
        "coordinates": [
          -1.8569335,
          52.4768835
        ]
      },
      "id": "way/77885540"
    },
    {
      "type": "Feature",
      "properties": {
        "@id": "way/77890430",
        "addr:city": "Birmingham",
        "addr:housenumber": "14",
        "addr:postcode": "B8 3HE",
        "addr:street": "Naseby Road",
        "amenity": "place_of_worship",
        "building": "yes",
        "heritage": "2",
        "heritage:operator": "Historic England",
        "listed_status": "Grade II",
        "name": "Jami-a-Masjid Idara Minhaj-ul-Quran",
        "religion": "muslim",
        "source": "visual survey;OS_OpenData_StreetView",
        "wikidata": "Q26340685",
        "@geometry": "center"
      },
      "geometry": {
        "type": "Point",
        "coordinates": [
          -1.8455227,
          52.4887839
        ]
      },
      "id": "way/77890430"
    },
    {
      "type": "Feature",
      "properties": {
        "@id": "way/77893121",
        "addr:city": "Birmingham",
        "addr:postcode": "B8 2HF",
        "addr:street": "Washwood Heath Road",
        "amenity": "place_of_worship",
        "building": "yes",
        "name": "Jakia Masjid Naqsbandia Aslamia & Community Centre",
        "religion": "muslim",
        "source": "bing",
        "@geometry": "center"
      },
      "geometry": {
        "type": "Point",
        "coordinates": [
          -1.8353846,
          52.4947713
        ]
      },
      "id": "way/77893121"
    },
    {
      "type": "Feature",
      "properties": {
        "@id": "way/78398727",
        "addr:city": "Derby",
        "addr:country": "GB",
        "addr:housenumber": "52-54",
        "addr:postcode": "DE23 8HL",
        "addr:street": "Dairy House Road",
        "alt_name": "Dairyhouse Road Masjid",
        "amenity": "place_of_worship",
        "building": "yes",
        "name": "Derby Jamia Mosque",
        "ref:GB:uprn": "100030306779;100032009941",
        "religion": "muslim",
        "source": "OS_OpenData_StreetView;survey",
        "@geometry": "center"
      },
      "geometry": {
        "type": "Point",
        "coordinates": [
          -1.4712407,
          52.9071001
        ]
      },
      "id": "way/78398727"
    },
    {
      "type": "Feature",
      "properties": {
        "@id": "way/78514733",
        "addr:city": "Leeds",
        "addr:housenumber": "9",
        "addr:postcode": "LS6 1SN",
        "addr:street": "Woodsley Road",
        "air_conditioning": "yes",
        "amenity": "place_of_worship",
        "asr": "1",
        "building": "church",
        "denomination": "sunni",
        "email": "contact@leedsgrandmosque.com",
        "female": "yes",
        "male": "yes",
        "name": "Leeds Grand Mosque",
        "religion": "muslim",
        "service_times": "fajr; zhuhr; asr; maghrib; isha",
        "service_times:url": "leedsgrandmosque.com",
        "source:building": "https://en.wikipedia.org/wiki/Leeds_Grand_Mosque",
        "website": "https://leedsgrandmosque.com/",
        "wheelchair": "yes",
        "wikidata": "Q6515977",
        "@geometry": "center"
      },
      "geometry": {
        "type": "Point",
        "coordinates": [
          -1.5681443,
          53.8064665
        ]
      },
      "id": "way/78514733"
    },
    {
      "type": "Feature",
      "properties": {
        "@id": "way/79405101",
        "amenity": "place_of_worship",
        "building": "church",
        "name": "Northwood Hills Masjid and Commnity Centre",
        "polling_station": "yes",
        "religion": "muslim",
        "short_name": "Northwood Hills Masjid",
        "website": "https://ironaid.org/",
        "@geometry": "center"
      },
      "geometry": {
        "type": "Point",
        "coordinates": [
          -0.4108513,
          51.5976507
        ]
      },
      "id": "way/79405101"
    },
    {
      "type": "Feature",
      "properties": {
        "@id": "way/79570090",
        "amenity": "place_of_worship",
        "building": "yes",
        "religion": "muslim",
        "source": "visual survey;cities_revealed_aerial_imagery;bing",
        "@geometry": "center"
      },
      "geometry": {
        "type": "Point",
        "coordinates": [
          -1.8663745,
          52.4715583
        ]
      },
      "id": "way/79570090"
    },
    {
      "type": "Feature",
      "properties": {
        "@id": "way/79636688",
        "addr:city": "Birmingham",
        "addr:housenumber": "20",
        "addr:postcode": "B9 5DB",
        "addr:street": "Green Lane",
        "alt_name": "Markazi Jamiat Ahl-e-Hadith UK",
        "amenity": "place_of_worship",
        "building": "yes",
        "denomination": "sunni",
        "heritage": "2",
        "heritage:operator": "Historic England",
        "listed_status": "Grade II",
        "name": "Green Lane Masjid",
        "phone": "+44 121 713 0080",
        "religion": "muslim",
        "service_times": "all",
        "source": "visual survey;cities_revealed_aerial_ imagery;bing;Birmingham_City_Council",
        "website": "https://greenlanemasjid.org",
        "wikidata": "Q1544554",
        "wikipedia": "en:Green Lane Masjid",
        "@geometry": "center"
      },
      "geometry": {
        "type": "Point",
        "coordinates": [
          -1.8641447,
          52.4731013
        ]
      },
      "id": "way/79636688"
    },
    {
      "type": "Feature",
      "properties": {
        "@id": "way/79716221",
        "amenity": "place_of_worship",
        "building": "yes",
        "check_date": "2024-07-06",
        "name": "Manchester Central Mosque & Islamic Cultural Centre",
        "ref:GB:uprn": "10090422465",
        "religion": "muslim",
        "source": "OS OpenData StreetView",
        "wheelchair": "limited",
        "wikidata": "Q1888733",
        "wikipedia": "en:Manchester Central Mosque",
        "@geometry": "center"
      },
      "geometry": {
        "type": "Point",
        "coordinates": [
          -2.2189768,
          53.4557094
        ]
      },
      "id": "way/79716221"
    },
    {
      "type": "Feature",
      "properties": {
        "@id": "way/79818936",
        "amenity": "place_of_worship",
        "building": "yes",
        "name": "Jami Masjid & Islamic Centre",
        "religion": "muslim",
        "source": "visual survey; OS_OpenData_StreetView",
        "@geometry": "center"
      },
      "geometry": {
        "type": "Point",
        "coordinates": [
          -1.8567479,
          52.4687756
        ]
      },
      "id": "way/79818936"
    },
    {
      "type": "Feature",
      "properties": {
        "@id": "way/79818953",
        "addr:city": "Birmingham",
        "addr:housenumber": "505-527",
        "addr:postcode": "B10 0LL",
        "addr:street": "Coventry Road",
        "amenity": "place_of_worship",
        "building": "yes",
        "name": "Jami Masjid & Islamic Centre",
        "religion": "muslim",
        "source": "visual survey; OS_OpenData_StreetView",
        "wikidata": "Q6146367",
        "wikipedia": "en:Jami Masjid and Islamic Centre Birmingham",
        "@geometry": "center"
      },
      "geometry": {
        "type": "Point",
        "coordinates": [
          -1.8560179,
          52.4683532
        ]
      },
      "id": "way/79818953"
    },
    {
      "type": "Feature",
      "properties": {
        "@id": "way/79818963",
        "addr:city": "Birmingham",
        "addr:housenumber": "505-527",
        "addr:postcode": "B10 0LL",
        "addr:street": "Coventry Road",
        "amenity": "place_of_worship",
        "building": "yes",
        "name": "Jami Masjid & Islamic Centre Darul Uloom Al-Islamah",
        "religion": "muslim",
        "source": "visual survey; OS_OpenData_StreetView",
        "@geometry": "center"
      },
      "geometry": {
        "type": "Point",
        "coordinates": [
          -1.8572074,
          52.4689226
        ]
      },
      "id": "way/79818963"
    },
    {
      "type": "Feature",
      "properties": {
        "@id": "way/79868255",
        "amenity": "place_of_worship",
        "building": "yes",
        "name": "Dar Ul Irfan",
        "religion": "muslim",
        "source": "visual survey;cities_revealed_aerial_ imagery",
        "@geometry": "center"
      },
      "geometry": {
        "type": "Point",
        "coordinates": [
          -1.8575071,
          52.4763471
        ]
      },
      "id": "way/79868255"
    },
    {
      "type": "Feature",
      "properties": {
        "@id": "way/80154109",
        "addr:city": "Wembley",
        "addr:country": "GB",
        "addr:postcode": "HA0 4AE",
        "amenity": "place_of_worship",
        "building": "yes",
        "denomination": "sunni",
        "name": "Central Mosque Wembley",
        "ref:GB:uprn": "202102176",
        "religion": "muslim",
        "source": "OS",
        "wikidata": "Q5061456",
        "@geometry": "center"
      },
      "geometry": {
        "type": "Point",
        "coordinates": [
          -0.2978891,
          51.5503635
        ]
      },
      "id": "way/80154109"
    },
    {
      "type": "Feature",
      "properties": {
        "@id": "way/80174656",
        "addr:city": "Birmingham",
        "addr:housenumber": "299",
        "addr:postcode": "B10 9DT",
        "addr:street": "Somerville Road",
        "amenity": "place_of_worship",
        "building": "residential",
        "name": "Masjid e Subshamallah",
        "religion": "muslim",
        "source": "bing",
        "@geometry": "center"
      },
      "geometry": {
        "type": "Point",
        "coordinates": [
          -1.8426885,
          52.4702969
        ]
      },
      "id": "way/80174656"
    },
    {
      "type": "Feature",
      "properties": {
        "@id": "way/80249100",
        "addr:city": "Glasgow",
        "addr:housenumber": "179",
        "addr:postcode": "G32 8PJ",
        "addr:street": "Braidfauld Street",
        "amenity": "place_of_worship",
        "building": "yes",
        "listed_status": "Category B",
        "name": "Al-Tawheed Mosque",
        "old_name": "St Margaret's Church",
        "ref:GB:uprn": "906700347008",
        "religion": "muslim",
        "wikidata": "Q17815452",
        "@geometry": "center"
      },
      "geometry": {
        "type": "Point",
        "coordinates": [
          -4.1777266,
          55.8417756
        ]
      },
      "id": "way/80249100"
    },
    {
      "type": "Feature",
      "properties": {
        "@id": "way/80251878",
        "addr:city": "Birmingham",
        "addr:housenumber": "101-105",
        "addr:postcode": "B10 0JA",
        "addr:street": "Oldknow Road",
        "amenity": "place_of_worship",
        "building": "yes",
        "name": "Hazrat Shah-e-Walayat Education Centre",
        "religion": "muslim",
        "source": "bing",
        "@geometry": "center"
      },
      "geometry": {
        "type": "Point",
        "coordinates": [
          -1.8486475,
          52.4638521
        ]
      },
      "id": "way/80251878"
    },
    {
      "type": "Feature",
      "properties": {
        "@id": "way/80338759",
        "addr:city": "Leicester",
        "addr:housenumber": "159",
        "addr:postcode": "LE4 5LR",
        "addr:street": "Loughborough Road",
        "alt_name": "Masjid al Bukhari",
        "amenity": "place_of_worship",
        "building": "mosque",
        "denomination": "sunni",
        "name": "Masjid Ul Imam Il Bukhari",
        "name:ar": "مسجد الإمام البخاري",
        "phone": "+44 116 266 6688",
        "religion": "muslim",
        "source": "os_opendata_streetview",
        "subdenomination": "deobandi",
        "website": "https://madrasahimambukhari.com/",
        "@geometry": "center"
      },
      "geometry": {
        "type": "Point",
        "coordinates": [
          -1.1218172,
          52.6578551
        ]
      },
      "id": "way/80338759"
    },
    {
      "type": "Feature",
      "properties": {
        "@id": "way/80433254",
        "addr:city": "Clacton-on-Sea",
        "addr:housenumber": "94",
        "addr:postcode": "CO15 1NJ",
        "amenity": "place_of_worship",
        "building": "yes",
        "name": "Tendring Deen Education Centre",
        "religion": "muslim",
        "source:building": "bing",
        "@geometry": "center"
      },
      "geometry": {
        "type": "Point",
        "coordinates": [
          1.1497724,
          51.7916257
        ]
      },
      "id": "way/80433254"
    },
    {
      "type": "Feature",
      "properties": {
        "@id": "way/81100077",
        "addr:city": "Birmingham",
        "addr:housenumber": "147",
        "addr:postcode": "B11 1SS",
        "addr:street": "Kyrwicks Lane",
        "amenity": "place_of_worship",
        "building": "residential",
        "name": "Masjid Taqw",
        "religion": "muslim",
        "source": "bing",
        "@geometry": "center"
      },
      "geometry": {
        "type": "Point",
        "coordinates": [
          -1.8815156,
          52.4624369
        ]
      },
      "id": "way/81100077"
    },
    {
      "type": "Feature",
      "properties": {
        "@id": "way/81148529",
        "addr:city": "London",
        "addr:postcode": "N15 4JZ",
        "alt_name": "Islamic Community Centre",
        "amenity": "place_of_worship",
        "building": "yes",
        "name": "Masjid Ayesha",
        "old_name": "Tottenham Mosque",
        "ref:GB:uprn": "100023153117",
        "religion": "muslim",
        "source": "OS;website",
        "source:addr:postcode": "ONSUD;OS Open UPRN",
        "url": "http://www.icconline.org.uk/index.php",
        "@geometry": "center"
      },
      "geometry": {
        "type": "Point",
        "coordinates": [
          -0.0784815,
          51.5877588
        ]
      },
      "id": "way/81148529"
    },
    {
      "type": "Feature",
      "properties": {
        "@id": "way/81161613",
        "addr:city": "Birmingham",
        "addr:housenumber": "1",
        "addr:postcode": "B12 9NS",
        "addr:street": "Willows Crescent",
        "amenity": "place_of_worship",
        "building": "mosque",
        "name": "Jamia Mosque Bilal",
        "religion": "muslim",
        "@geometry": "center"
      },
      "geometry": {
        "type": "Point",
        "coordinates": [
          -1.8960253,
          52.4556015
        ]
      },
      "id": "way/81161613"
    },
    {
      "type": "Feature",
      "properties": {
        "@id": "way/81176724",
        "addr:city": "Birmingham",
        "addr:postcode": "B7 4QN",
        "addr:street": "Duddeston Mill Road",
        "amenity": "place_of_worship",
        "building": "yes",
        "name": "Nimab Trust Mosque",
        "religion": "muslim",
        "source": "visual survey;cities_revealed_aerial_ imagery",
        "@geometry": "center"
      },
      "geometry": {
        "type": "Point",
        "coordinates": [
          -1.873357,
          52.4888869
        ]
      },
      "id": "way/81176724"
    },
    {
      "type": "Feature",
      "properties": {
        "@id": "way/81204932",
        "addr:city": "Reading",
        "addr:housenumber": "226",
        "addr:postcode": "RG6 1AH",
        "addr:street": "London Road",
        "amenity": "place_of_worship",
        "building": "yes",
        "denomination": "sunni",
        "name": "Aisha Masjid & Islamic Centre",
        "ref:GB:uprn": "14056351",
        "religion": "muslim",
        "source:building": "OS_OpenData_StreetView",
        "website": "https://aishaislamiccentre.org.uk/",
        "@geometry": "center"
      },
      "geometry": {
        "type": "Point",
        "coordinates": [
          -0.9364635,
          51.4549365
        ]
      },
      "id": "way/81204932"
    },
    {
      "type": "Feature",
      "properties": {
        "@id": "way/81330344",
        "addr:city": "Preston",
        "addr:postcode": "PR1 1QS",
        "addr:street": "Noor Street",
        "amenity": "place_of_worship",
        "building": "mosque",
        "name": "Masjid-e-Noor",
        "ref:GB:uprn": "100012744763",
        "religion": "muslim",
        "source:building": "Auto_OS_OpenData_StreetView",
        "@geometry": "center"
      },
      "geometry": {
        "type": "Point",
        "coordinates": [
          -2.6946018,
          53.7654773
        ]
      },
      "id": "way/81330344"
    },
    {
      "type": "Feature",
      "properties": {
        "@id": "way/81333651",
        "addr:city": "Preston",
        "addr:postcode": "PR1 1UH",
        "addr:street": "St Paul's Road",
        "amenity": "place_of_worship",
        "building": "mosque",
        "name": "Raza Masjid",
        "ref:GB:uprn": "10007612039",
        "religion": "muslim",
        "source:building": "Auto_OS_OpenData_StreetView",
        "@geometry": "center"
      },
      "geometry": {
        "type": "Point",
        "coordinates": [
          -2.6959783,
          53.7658631
        ]
      },
      "id": "way/81333651"
    },
    {
      "type": "Feature",
      "properties": {
        "@id": "way/81333756",
        "addr:city": "Preston",
        "addr:postcode": "PR2 8JE",
        "amenity": "place_of_worship",
        "building": "mosque",
        "mapseg:extra_node": "FIXME",
        "name": "Noorani Masjid",
        "ref:GB:uprn": "10002223223;100012403281",
        "religion": "muslim",
        "source": "Auto_OS_OpenData_StreetView",
        "website": "https://nooranimasjid.com/",
        "@geometry": "center"
      },
      "geometry": {
        "type": "Point",
        "coordinates": [
          -2.7107515,
          53.7773196
        ]
      },
      "id": "way/81333756"
    },
    {
      "type": "Feature",
      "properties": {
        "@id": "way/81335306",
        "addr:city": "Preston",
        "addr:housenumber": "49",
        "addr:postcode": "PR2 8EA",
        "addr:street": "Watling Street Road",
        "addr:suburb": "Fulwood",
        "amenity": "place_of_worship",
        "building": "mosque",
        "name": "Masjid e Salaam",
        "ref:GB:uprn": "100012750248",
        "religion": "muslim",
        "source": "Auto_OS_OpenData_StreetView",
        "@geometry": "center"
      },
      "geometry": {
        "type": "Point",
        "coordinates": [
          -2.7018724,
          53.7779299
        ]
      },
      "id": "way/81335306"
    },
    {
      "type": "Feature",
      "properties": {
        "@id": "way/81349520",
        "addr:city": "London",
        "addr:housenumber": "389",
        "addr:postcode": "N8 0NA",
        "addr:street": "Wightman Road",
        "amenity": "place_of_worship",
        "building": "yes",
        "name": "London Islamic Cultural Society",
        "religion": "muslim",
        "source": "OS",
        "wikidata": "Q121775535",
        "wikipedia": "en:London Islamic Cultural Society",
        "@geometry": "center"
      },
      "geometry": {
        "type": "Point",
        "coordinates": [
          -0.10925,
          51.5873027
        ]
      },
      "id": "way/81349520"
    },
    {
      "type": "Feature",
      "properties": {
        "@id": "way/81363384",
        "addr:city": "Birmingham",
        "addr:housenumber": "81-85",
        "addr:postcode": "B10 9RB",
        "addr:street": "St Oswalds Road",
        "amenity": "place_of_worship",
        "building": "yes",
        "name": "Mosque Noor-ul-Uloom",
        "religion": "muslim",
        "source": "visual survey;OS_OpenData_StreetView",
        "@geometry": "center"
      },
      "geometry": {
        "type": "Point",
        "coordinates": [
          -1.8507632,
          52.4699075
        ]
      },
      "id": "way/81363384"
    },
    {
      "type": "Feature",
      "properties": {
        "@id": "way/83076252",
        "amenity": "place_of_worship",
        "building": "yes",
        "religion": "muslim",
        "source": "visual survey;cities_revealed_aerial_ imagery",
        "@geometry": "center"
      },
      "geometry": {
        "type": "Point",
        "coordinates": [
          -1.8616072,
          52.4881733
        ]
      },
      "id": "way/83076252"
    },
    {
      "type": "Feature",
      "properties": {
        "@id": "way/83080915",
        "amenity": "place_of_worship",
        "building": "yes",
        "name": "Witton Islamic Centre",
        "religion": "muslim",
        "source": "OS OpenData StreetView",
        "@geometry": "center"
      },
      "geometry": {
        "type": "Point",
        "coordinates": [
          -1.8878611,
          52.5105704
        ]
      },
      "id": "way/83080915"
    },
    {
      "type": "Feature",
      "properties": {
        "@id": "way/83665615",
        "amenity": "place_of_worship",
        "building": "yes",
        "name": "Wakefield Central Mosque",
        "ref:GB:uprn": "63154160",
        "religion": "muslim",
        "source": "survey;OS_OpenData_StreetView",
        "@geometry": "center"
      },
      "geometry": {
        "type": "Point",
        "coordinates": [
          -1.4875755,
          53.6799836
        ]
      },
      "id": "way/83665615"
    },
    {
      "type": "Feature",
      "properties": {
        "@id": "way/83665677",
        "addr:city": "Wakefield",
        "addr:postcode": "WF1 4NJ",
        "addr:street": "Park Hill Lane",
        "amenity": "place_of_worship",
        "building": "yes",
        "name": "Jamia Sawafia Mosque",
        "ref:GB:uprn": "63154157",
        "religion": "muslim",
        "source": "OS_OpenData_StreetView",
        "@geometry": "center"
      },
      "geometry": {
        "type": "Point",
        "coordinates": [
          -1.4859963,
          53.6815045
        ]
      },
      "id": "way/83665677"
    },
    {
      "type": "Feature",
      "properties": {
        "@id": "way/83677669",
        "amenity": "place_of_worship",
        "building": "mosque",
        "name": "Aston Mosque & Community Centre",
        "religion": "muslim",
        "source": "visual survey; OS_OpenData_StreetView",
        "@geometry": "center"
      },
      "geometry": {
        "type": "Point",
        "coordinates": [
          -1.8878955,
          52.5029207
        ]
      },
      "id": "way/83677669"
    },
    {
      "type": "Feature",
      "properties": {
        "@id": "way/83677768",
        "amenity": "place_of_worship",
        "building": "yes",
        "name": "Masjid E Noor",
        "religion": "muslim",
        "source": "OS_OpenData_StreetView",
        "@geometry": "center"
      },
      "geometry": {
        "type": "Point",
        "coordinates": [
          -1.8856727,
          52.501642
        ]
      },
      "id": "way/83677768"
    },
    {
      "type": "Feature",
      "properties": {
        "@id": "way/83897443",
        "amenity": "place_of_worship",
        "building": "yes",
        "religion": "muslim",
        "source": "visual survey; OS_OpenData_StreetView",
        "@geometry": "center"
      },
      "geometry": {
        "type": "Point",
        "coordinates": [
          -1.8851026,
          52.4562189
        ]
      },
      "id": "way/83897443"
    },
    {
      "type": "Feature",
      "properties": {
        "@id": "way/84589957",
        "amenity": "place_of_worship",
        "building": "yes",
        "name": "Al-Hijrah Mosque",
        "religion": "muslim",
        "@geometry": "center"
      },
      "geometry": {
        "type": "Point",
        "coordinates": [
          -1.8392704,
          52.4742071
        ]
      },
      "id": "way/84589957"
    },
    {
      "type": "Feature",
      "properties": {
        "@id": "way/84589962",
        "amenity": "place_of_worship",
        "building": "yes",
        "name": "Qamarul Islam Mosque",
        "religion": "muslim",
        "source": "visual survey; OS_OpenData_StreetView",
        "@geometry": "center"
      },
      "geometry": {
        "type": "Point",
        "coordinates": [
          -1.832314,
          52.4717544
        ]
      },
      "id": "way/84589962"
    },
    {
      "type": "Feature",
      "properties": {
        "@id": "way/84820247",
        "addr:city": "London",
        "addr:street": "Shacklewell Lane",
        "amenity": "place_of_worship",
        "building": "mosque",
        "name": "Shacklewell Lane Mosque",
        "name:tr": "Shacklewell Camii",
        "old_name": "New Dalston Synagogue",
        "religion": "muslim",
        "roof:shape": "flat",
        "source": "OS_OpenData_StreetView",
        "wikidata": "Q7460188",
        "wikipedia": "en:Shacklewell Lane Mosque",
        "@geometry": "center"
      },
      "geometry": {
        "type": "Point",
        "coordinates": [
          -0.0740297,
          51.5510022
        ]
      },
      "id": "way/84820247"
    },
    {
      "type": "Feature",
      "properties": {
        "@id": "way/85712328",
        "addr:city": "Wakefield",
        "addr:postcode": "WF1 3PD",
        "amenity": "place_of_worship",
        "building": "yes",
        "name": "Jamia Mosque",
        "ref:GB:uprn": "63154158",
        "religion": "muslim",
        "source": "OS_OpenData_StreetView",
        "@geometry": "center"
      },
      "geometry": {
        "type": "Point",
        "coordinates": [
          -1.4924296,
          53.6876289
        ]
      },
      "id": "way/85712328"
    },
    {
      "type": "Feature",
      "properties": {
        "@id": "way/86482552",
        "addr:city": "Reading",
        "addr:country": "GB",
        "addr:housenumber": "46",
        "addr:postcode": "RG1 5PF",
        "addr:street": "Alexandra Road",
        "amenity": "place_of_worship",
        "building": "yes",
        "name": "Jamme Masjid Reading",
        "phone": "+44 118 926 1565",
        "ref:GB:uprn": "310011626",
        "religion": "muslim",
        "@geometry": "center"
      },
      "geometry": {
        "type": "Point",
        "coordinates": [
          -0.9522605,
          51.4482295
        ]
      },
      "id": "way/86482552"
    },
    {
      "type": "Feature",
      "properties": {
        "@id": "way/86915148",
        "addr:city": "Elgin",
        "addr:housenumber": "78",
        "addr:postcode": "IV30 1JG",
        "addr:street": "South Street",
        "amenity": "place_of_worship",
        "building": "yes",
        "name": "Elgin Mosque",
        "religion": "muslim",
        "@geometry": "center"
      },
      "geometry": {
        "type": "Point",
        "coordinates": [
          -3.3179197,
          57.6468723
        ]
      },
      "id": "way/86915148"
    },
    {
      "type": "Feature",
      "properties": {
        "@id": "way/88046838",
        "amenity": "place_of_worship",
        "building": "yes",
        "name": "Jamia Masjid Hanfia Ghousia",
        "religion": "muslim",
        "@geometry": "center"
      },
      "geometry": {
        "type": "Point",
        "coordinates": [
          -0.483291,
          52.1326128
        ]
      },
      "id": "way/88046838"
    },
    {
      "type": "Feature",
      "properties": {
        "@id": "way/88857317",
        "addr:city": "Solihull",
        "addr:housenumber": "1021",
        "addr:postcode": "B91 3HG",
        "addr:street": "Warwick Road",
        "amenity": "place_of_worship",
        "building": "mosque",
        "name": "Solihull Central Masjid and Community Centre",
        "ref:GB:uprn": "200003824240",
        "religion": "muslim",
        "source": "visual survey;OS_OpenData_StreetView",
        "website": "https://solihullmasjid.org.uk/",
        "@geometry": "center"
      },
      "geometry": {
        "type": "Point",
        "coordinates": [
          -1.7613905,
          52.4089938
        ]
      },
      "id": "way/88857317"
    },
    {
      "type": "Feature",
      "properties": {
        "@id": "way/89453536",
        "addr:city": "Solihull",
        "addr:postcode": "B92 7DY",
        "addr:street": "Kineton Green Road",
        "amenity": "place_of_worship",
        "building": "mosque",
        "denomination": "sunni",
        "name": "The Olton Project",
        "religion": "muslim",
        "source": "OS_OpenData_StreetView",
        "website": "https://theoltonproject.com",
        "wheelchair": "yes",
        "@geometry": "center"
      },
      "geometry": {
        "type": "Point",
        "coordinates": [
          -1.8091518,
          52.4369878
        ]
      },
      "id": "way/89453536"
    },
    {
      "type": "Feature",
      "properties": {
        "@id": "way/90330500",
        "addr:housename": "St Stephens Church",
        "addr:housenumber": "85",
        "addr:street": "Mount Stuart Square",
        "amenity": "place_of_worship",
        "building": "yes",
        "name": "Imam Ali Centre",
        "religion": "muslim",
        "@geometry": "center"
      },
      "geometry": {
        "type": "Point",
        "coordinates": [
          -3.1670777,
          51.4655056
        ]
      },
      "id": "way/90330500"
    },
    {
      "type": "Feature",
      "properties": {
        "@id": "way/90439479",
        "addr:postcode": "SS2 6JG",
        "amenity": "place_of_worship",
        "building": "mosque",
        "check_date": "2024-09-08",
        "name": "Essex Jamme Masjid Trust",
        "ref:GB:uprn": "10024164892",
        "religion": "muslim",
        "source:addr:postcode": "ONSUD;OS Open UPRN",
        "@geometry": "center"
      },
      "geometry": {
        "type": "Point",
        "coordinates": [
          0.7033029,
          51.5459012
        ]
      },
      "id": "way/90439479"
    },
    {
      "type": "Feature",
      "properties": {
        "@id": "way/90524311",
        "addr:city": "Edinburgh",
        "addr:housenumber": "123",
        "addr:postcode": "EH6 5JB",
        "addr:street": "Great Junction Street",
        "amenity": "place_of_worship",
        "building": "church",
        "check_date": "2022-10-18",
        "denomination": "sufi",
        "name": "Mohiuddin Jamia Masjid & Education Centre",
        "phone": "+44 131 555 1116",
        "religion": "muslim",
        "source": "NLS_OS_Edinburgh_map_1940s;Bing;survey",
        "@geometry": "center"
      },
      "geometry": {
        "type": "Point",
        "coordinates": [
          -3.1752063,
          55.9721944
        ]
      },
      "id": "way/90524311"
    },
    {
      "type": "Feature",
      "properties": {
        "@id": "way/91302691",
        "amenity": "place_of_worship",
        "building": "yes",
        "name": "Qurani Murkuz",
        "religion": "muslim",
        "@geometry": "center"
      },
      "geometry": {
        "type": "Point",
        "coordinates": [
          0.0286139,
          51.592929
        ]
      },
      "id": "way/91302691"
    },
    {
      "type": "Feature",
      "properties": {
        "@id": "way/93168445",
        "addr:city": "Sheffield",
        "addr:postcode": "S2 5AD",
        "addr:street": "Maltravers Road",
        "amenity": "place_of_worship",
        "building": "yes",
        "building:levels": "2",
        "name": "Wybourn Islamic Centre",
        "ref:GB:uprn": "100052089931",
        "religion": "muslim",
        "source": "Bing",
        "@geometry": "center"
      },
      "geometry": {
        "type": "Point",
        "coordinates": [
          -1.4470049,
          53.3831281
        ]
      },
      "id": "way/93168445"
    },
    {
      "type": "Feature",
      "properties": {
        "@id": "way/93234815",
        "amenity": "place_of_worship",
        "building": "mosque",
        "check_date": "2025-03-23",
        "denomination": "sunni",
        "name": "Anwar-E-Madina Mosque and Community Centre",
        "religion": "muslim",
        "source": "Bing;survey",
        "unisex": "yes",
        "website": "http://www.anwar-e-madina.co.uk/",
        "@geometry": "center"
      },
      "geometry": {
        "type": "Point",
        "coordinates": [
          -3.1852708,
          55.9605648
        ]
      },
      "id": "way/93234815"
    },
    {
      "type": "Feature",
      "properties": {
        "@id": "way/94346915",
        "addr:city": "London",
        "addr:housenumber": "79",
        "addr:postcode": "E17 8QR",
        "addr:street": "Queens Road",
        "amenity": "place_of_worship",
        "building": "yes",
        "denomination": "sunni",
        "name": "Masjid-e-Umer",
        "religion": "muslim",
        "source": "OS;website",
        "website": "https://www.masjideumer.org.uk/",
        "@geometry": "center"
      },
      "geometry": {
        "type": "Point",
        "coordinates": [
          -0.0232799,
          51.5784508
        ]
      },
      "id": "way/94346915"
    },
    {
      "type": "Feature",
      "properties": {
        "@id": "way/95131530",
        "addr:city": "Wolverhampton",
        "addr:postcode": "WV6 0RU",
        "amenity": "place_of_worship",
        "building": "yes",
        "ref:GB:uprn": "10033908255",
        "religion": "muslim",
        "@geometry": "center"
      },
      "geometry": {
        "type": "Point",
        "coordinates": [
          -2.1466678,
          52.5935865
        ]
      },
      "id": "way/95131530"
    },
    {
      "type": "Feature",
      "properties": {
        "@id": "way/95252712",
        "amenity": "place_of_worship",
        "building": "mosque",
        "name": "Makki Jamia Mosque",
        "ref:GB:uprn": "100052118947",
        "religion": "muslim",
        "source": "Bing",
        "wheelchair": "limited",
        "@geometry": "center"
      },
      "geometry": {
        "type": "Point",
        "coordinates": [
          -1.4731201,
          53.3586671
        ]
      },
      "id": "way/95252712"
    },
    {
      "type": "Feature",
      "properties": {
        "@id": "way/95479853",
        "addr:city": "Bristol",
        "addr:suburb": "Easton",
        "amenity": "place_of_worship",
        "building": "mosque",
        "check_date": "2026-08-03",
        "name": "Easton Jamia Masjid",
        "phone": "+44 117 951 0317",
        "postal_code": "BS5 6JH",
        "religion": "muslim",
        "@geometry": "center"
      },
      "geometry": {
        "type": "Point",
        "coordinates": [
          -2.5645486,
          51.4672082
        ]
      },
      "id": "way/95479853"
    },
    {
      "type": "Feature",
      "properties": {
        "@id": "way/95612395",
        "addr:city": "Reading",
        "addr:country": "GB",
        "addr:housenumber": "50,52",
        "addr:postcode": "RG1 4QU",
        "addr:street": "South Street",
        "amenity": "place_of_worship",
        "building": "yes",
        "name": "Jamia Masjid Ghousia Reading Islamic Centre",
        "operator": "JAMME MASJID GHAUSIA - READING ISLAMIC CENTRE (ANJUMAN MUHIBBAN-E-RASOOL, READING)",
        "ref:GB:charity_no": "295423",
        "ref:GB:uprn": "310069496",
        "religion": "muslim",
        "source:building": "OS_OpenData_StreetView",
        "@geometry": "center"
      },
      "geometry": {
        "type": "Point",
        "coordinates": [
          -0.9640844,
          51.4523897
        ]
      },
      "id": "way/95612395"
    },
    {
      "type": "Feature",
      "properties": {
        "@id": "way/95850902",
        "amenity": "place_of_worship",
        "building": "yes",
        "name": "Bilal Mosque",
        "religion": "muslim",
        "source": "Bing;survey",
        "@geometry": "center"
      },
      "geometry": {
        "type": "Point",
        "coordinates": [
          -3.2002817,
          51.4837002
        ]
      },
      "id": "way/95850902"
    },
    {
      "type": "Feature",
      "properties": {
        "@id": "way/97662231",
        "addr:city": "Reading",
        "addr:housenumber": "18a",
        "addr:postcode": "RG1 7UR",
        "addr:street": "Waylen Street",
        "amenity": "place_of_worship",
        "building": "yes",
        "denomination": "sunni",
        "name": "Central Jamme Masjid (Reading)",
        "phone": "+44 1189 508 860",
        "religion": "muslim",
        "source:building": "OS_OpenData_StreetView",
        "website": "https://www.readingmosque.com/",
        "@geometry": "center"
      },
      "geometry": {
        "type": "Point",
        "coordinates": [
          -0.981639,
          51.4540971
        ]
      },
      "id": "way/97662231"
    },
    {
      "type": "Feature",
      "properties": {
        "@id": "way/98281103",
        "addr:city": "Southampton",
        "addr:postcode": "SO14 0BH",
        "amenity": "place_of_worship",
        "building": "yes",
        "name": "Medina Mosque",
        "ref:GB:uprn": "10034862311",
        "religion": "muslim",
        "source": "Bing",
        "@geometry": "center"
      },
      "geometry": {
        "type": "Point",
        "coordinates": [
          -1.3996202,
          50.9093886
        ]
      },
      "id": "way/98281103"
    },
    {
      "type": "Feature",
      "properties": {
        "@id": "way/98345540",
        "addr:city": "Maldon",
        "addr:country": "GB",
        "addr:housename": "Muslim Hall",
        "addr:street": "Church Street",
        "amenity": "place_of_worship",
        "building": "yes",
        "denomination": "sunni",
        "name": "Maldon District Islamic Cultural Association",
        "operator": "Maldon District Islamic Cultural Association",
        "ref:GB-EAW:charity": "1082087",
        "religion": "muslim",
        "@geometry": "center"
      },
      "geometry": {
        "type": "Point",
        "coordinates": [
          0.6858819,
          51.7288629
        ]
      },
      "id": "way/98345540"
    },
    {
      "type": "Feature",
      "properties": {
        "@id": "way/99509751",
        "addr:city": "London",
        "addr:housenumber": "156-158",
        "addr:postcode": "NW5 4NU",
        "addr:street": "Weedington Road",
        "amenity": "place_of_worship",
        "building": "yes",
        "name": "Kentish Town Baitul Aman Masjid",
        "religion": "muslim",
        "website": "https://ktbam.co.uk/",
        "@geometry": "center"
      },
      "geometry": {
        "type": "Point",
        "coordinates": [
          -0.1505116,
          51.5500785
        ]
      },
      "id": "way/99509751"
    },
    {
      "type": "Feature",
      "properties": {
        "@id": "way/100623138",
        "addr:city": "London",
        "addr:housenumber": "9-11",
        "addr:postcode": "E1 1SE",
        "addr:street": "Christian Street",
        "amenity": "place_of_worship",
        "building": "yes",
        "name": "Markazi Mosque",
        "religion": "muslim",
        "source": "OS;web",
        "@geometry": "center"
      },
      "geometry": {
        "type": "Point",
        "coordinates": [
          -0.0643535,
          51.511696
        ]
      },
      "id": "way/100623138"
    },
    {
      "type": "Feature",
      "properties": {
        "@id": "way/100723597",
        "addr:city": "Batley",
        "addr:housenumber": "1039",
        "addr:postcode": "WF12 7HY",
        "addr:street": "Leeds Road",
        "amenity": "place_of_worship",
        "building": "yes",
        "food": "yes",
        "name": "Upper Soothill Islamic Centre",
        "religion": "muslim",
        "source": "Survey;Bing",
        "website": "https://www.usic.org.uk/timings",
        "@geometry": "center"
      },
      "geometry": {
        "type": "Point",
        "coordinates": [
          -1.593665,
          53.7159255
        ]
      },
      "id": "way/100723597"
    },
    {
      "type": "Feature",
      "properties": {
        "@id": "way/101594312",
        "amenity": "place_of_worship",
        "building": "church",
        "check_date": "2025-06-05",
        "contact:facebook": "https://www.facebook.com/daralarqamedin",
        "height": "12",
        "name": "Dar Al-Arqam",
        "old_name": "Lauriston United Presbyterian Church",
        "phone": "+44 131 563 8246",
        "religion": "muslim",
        "source": "NLS_OS_Edinburgh_map_1940s;Bing;survey",
        "website": "http://www.dar-alarqam.org/",
        "@geometry": "center"
      },
      "geometry": {
        "type": "Point",
        "coordinates": [
          -3.2001538,
          55.9444914
        ]
      },
      "id": "way/101594312"
    },
    {
      "type": "Feature",
      "properties": {
        "@id": "way/101883103",
        "addr:city": "Norwich",
        "addr:country": "GB",
        "addr:housenumber": "286",
        "addr:postcode": "NR2 3UU",
        "addr:street": "Dereham Road",
        "amenity": "place_of_worship",
        "building": "yes",
        "denomination": "sunni",
        "name": "Norwich and Norfolk Community Centre",
        "operator": "Norwich and Norfolk Muslim Association",
        "ref:GB-EAW:charity": "1056974",
        "ref:GB:uprn": "100091553043",
        "religion": "muslim",
        "website": "https://norwichmuslims.org.uk/",
        "@geometry": "center"
      },
      "geometry": {
        "type": "Point",
        "coordinates": [
          1.2668274,
          52.6354144
        ]
      },
      "id": "way/101883103"
    },
    {
      "type": "Feature",
      "properties": {
        "@id": "way/101939993",
        "amenity": "place_of_worship",
        "building": "yes",
        "name": "Masjid Salahuddin",
        "religion": "muslim",
        "source": "Bing",
        "@geometry": "center"
      },
      "geometry": {
        "type": "Point",
        "coordinates": [
          -1.627668,
          53.6941594
        ]
      },
      "id": "way/101939993"
    },
    {
      "type": "Feature",
      "properties": {
        "@id": "way/101992058",
        "amenity": "place_of_worship",
        "building": "yes",
        "name": "Aaliyah Mosque",
        "religion": "muslim",
        "@geometry": "center"
      },
      "geometry": {
        "type": "Point",
        "coordinates": [
          -1.4326618,
          53.3914475
        ]
      },
      "id": "way/101992058"
    },
    {
      "type": "Feature",
      "properties": {
        "@id": "way/102326668",
        "amenity": "place_of_worship",
        "building": "yes",
        "name": "Jamia Mosque",
        "religion": "muslim",
        "source": "Bing",
        "@geometry": "center"
      },
      "geometry": {
        "type": "Point",
        "coordinates": [
          -1.4307366,
          53.3942371
        ]
      },
      "id": "way/102326668"
    },
    {
      "type": "Feature",
      "properties": {
        "@id": "way/102994813",
        "amenity": "place_of_worship",
        "building": "yes",
        "religion": "muslim",
        "source": "OS StreetView",
        "@geometry": "center"
      },
      "geometry": {
        "type": "Point",
        "coordinates": [
          -2.2113976,
          53.8336132
        ]
      },
      "id": "way/102994813"
    },
    {
      "type": "Feature",
      "properties": {
        "@id": "way/103021050",
        "addr:city": "Nottingham",
        "addr:housenumber": "12",
        "addr:postcode": "NG9 1LH",
        "addr:street": "Victory Road",
        "addr:suburb": "Beeston Rylands",
        "amenity": "place_of_worship",
        "building": "mosque",
        "denomination": "sunni",
        "name": "Masjid Taybah",
        "ref:GB:uprn": "100032132086",
        "religion": "muslim",
        "source:addr": "website",
        "@geometry": "center"
      },
      "geometry": {
        "type": "Point",
        "coordinates": [
          -1.2049352,
          52.9189149
        ]
      },
      "id": "way/103021050"
    },
    {
      "type": "Feature",
      "properties": {
        "@id": "way/103044268",
        "addr:city": "Birmingham",
        "addr:housenumber": "14",
        "addr:postcode": "B28 0LE",
        "addr:street": "Etwall Road",
        "amenity": "place_of_worship",
        "building": "yes",
        "name": "Masjid Esa Ibn Maryam",
        "old_name": "Trinity United Reform Church",
        "old_religion": "christian",
        "ref:GB:uprn": "10094291201",
        "religion": "muslim",
        "source": "bing",
        "source:addr:postcode": "ONSUD;OS Open UPRN",
        "@geometry": "center"
      },
      "geometry": {
        "type": "Point",
        "coordinates": [
          -1.8481512,
          52.4228526
        ]
      },
      "id": "way/103044268"
    },
    {
      "type": "Feature",
      "properties": {
        "@id": "way/103353745",
        "amenity": "place_of_worship",
        "building": "yes",
        "name": "Jamia Mosque",
        "religion": "muslim",
        "source": "Bing",
        "@geometry": "center"
      },
      "geometry": {
        "type": "Point",
        "coordinates": [
          0.5447703,
          51.3843027
        ]
      },
      "id": "way/103353745"
    },
    {
      "type": "Feature",
      "properties": {
        "@id": "way/103388005",
        "amenity": "place_of_worship",
        "building": "yes",
        "name": "Noor El Islam Mosque",
        "ref:GB:uprn": "200002932047",
        "religion": "muslim",
        "@geometry": "center"
      },
      "geometry": {
        "type": "Point",
        "coordinates": [
          -3.173287,
          51.4728076
        ]
      },
      "id": "way/103388005"
    },
    {
      "type": "Feature",
      "properties": {
        "@id": "way/106125057",
        "amenity": "place_of_worship",
        "building": "school",
        "name": "Al-Huda Academy",
        "old_name": "Hammerton Street School",
        "religion": "muslim",
        "source": "Bing",
        "@geometry": "center"
      },
      "geometry": {
        "type": "Point",
        "coordinates": [
          -1.4259568,
          53.3883078
        ]
      },
      "id": "way/106125057"
    },
    {
      "type": "Feature",
      "properties": {
        "@id": "way/107024172",
        "addr:city": "London",
        "addr:housenumber": "6-7",
        "addr:street": "Park Lane",
        "amenity": "place_of_worship",
        "building": "yes",
        "check_date": "2025-01-13",
        "name": "Masjid Taha",
        "religion": "muslim",
        "source": "Bing",
        "was:name": "Christ Disciples Faith Ministries;Baglamukhi Temple",
        "was:religion": "christian;hindu",
        "@geometry": "center"
      },
      "geometry": {
        "type": "Point",
        "coordinates": [
          -0.0042438,
          51.5370355
        ]
      },
      "id": "way/107024172"
    },
    {
      "type": "Feature",
      "properties": {
        "@id": "way/108691280",
        "amenity": "place_of_worship",
        "building": "yes",
        "name": "Elahi Jame Mosque",
        "religion": "muslim",
        "source": "Bing",
        "@geometry": "center"
      },
      "geometry": {
        "type": "Point",
        "coordinates": [
          -1.4238977,
          53.3893492
        ]
      },
      "id": "way/108691280"
    },
    {
      "type": "Feature",
      "properties": {
        "@id": "way/109438038",
        "addr:city": "Sheffield",
        "addr:housenumber": "13",
        "addr:postcode": "S9 5FP",
        "addr:street": "Industry Road",
        "amenity": "place_of_worship",
        "building": "yes",
        "name": "Markazi Jamia",
        "phone": "+44 114 244 1500",
        "religion": "muslim",
        "source": "Bing",
        "@geometry": "center"
      },
      "geometry": {
        "type": "Point",
        "coordinates": [
          -1.4160641,
          53.3900027
        ]
      },
      "id": "way/109438038"
    },
    {
      "type": "Feature",
      "properties": {
        "@id": "way/112072560",
        "addr:city": "London",
        "addr:country": "GB",
        "addr:housenumber": "245",
        "addr:street": "Old Marylebone Road",
        "amenity": "place_of_worship",
        "building": "commercial",
        "building:levels": "3",
        "name": "Former St Mark's School,",
        "religion": "muslim",
        "source": "Bing;survey",
        "wikidata": "Q26668935",
        "@geometry": "center"
      },
      "geometry": {
        "type": "Point",
        "coordinates": [
          -0.1664523,
          51.5184418
        ]
      },
      "id": "way/112072560"
    },
    {
      "type": "Feature",
      "properties": {
        "@id": "way/115504646",
        "addr:city": "London",
        "addr:postcode": "NW2 3UY",
        "amenity": "place_of_worship",
        "building": "yes",
        "name": "Dar al-Islam Foundation",
        "note": "Check exactly which building this is in.",
        "ref:GB:uprn": "202135027",
        "religion": "muslim",
        "source": "Bing",
        "@geometry": "center"
      },
      "geometry": {
        "type": "Point",
        "coordinates": [
          -0.2170266,
          51.553547
        ]
      },
      "id": "way/115504646"
    },
    {
      "type": "Feature",
      "properties": {
        "@id": "way/115639424",
        "amenity": "place_of_worship",
        "building": "yes",
        "name": "Madani Education Centre",
        "religion": "muslim",
        "source": "Bing",
        "@geometry": "center"
      },
      "geometry": {
        "type": "Point",
        "coordinates": [
          -1.3979522,
          53.4140059
        ]
      },
      "id": "way/115639424"
    },
    {
      "type": "Feature",
      "properties": {
        "@id": "way/116235249",
        "amenity": "place_of_worship",
        "building": "mosque",
        "name": "Hanfia Masjid",
        "religion": "muslim",
        "source": "Bing",
        "@geometry": "center"
      },
      "geometry": {
        "type": "Point",
        "coordinates": [
          -1.3982016,
          53.4164538
        ]
      },
      "id": "way/116235249"
    },
    {
      "type": "Feature",
      "properties": {
        "@id": "way/116536722",
        "amenity": "place_of_worship",
        "building": "yes",
        "name": "Yorkshire Muslim Academy",
        "religion": "muslim",
        "source": "Bing",
        "@geometry": "center"
      },
      "geometry": {
        "type": "Point",
        "coordinates": [
          -1.4379336,
          53.4045528
        ]
      },
      "id": "way/116536722"
    },
    {
      "type": "Feature",
      "properties": {
        "@id": "way/117007188",
        "addr:city": "Sheffield",
        "addr:postcode": "S9 1WZ",
        "addr:street": "Bawtry Road",
        "amenity": "place_of_worship",
        "building": "yes",
        "denomination": "sunni",
        "name": "Masjid Abu Bakr",
        "religion": "muslim",
        "source": "Bing",
        "@geometry": "center"
      },
      "geometry": {
        "type": "Point",
        "coordinates": [
          -1.3961115,
          53.4109674
        ]
      },
      "id": "way/117007188"
    },
    {
      "type": "Feature",
      "properties": {
        "@id": "way/117924965",
        "addr:city": "Nottingham",
        "addr:housenumber": "215",
        "addr:postcode": "NG7 1QJ",
        "addr:street": "Derby Road",
        "amenity": "place_of_worship",
        "building": "yes",
        "denomination": "sunni",
        "name": "Abu Bakr As-Saddique Mosque",
        "ref:GB:uprn": "100032127539",
        "religion": "muslim",
        "source": "Bing;survey",
        "source:addr": "survey",
        "source:postcode": "ONS",
        "@geometry": "center"
      },
      "geometry": {
        "type": "Point",
        "coordinates": [
          -1.1718087,
          52.9519971
        ]
      },
      "id": "way/117924965"
    },
    {
      "type": "Feature",
      "properties": {
        "@id": "way/119569263",
        "addr:city": "Norwich",
        "addr:country": "GB",
        "addr:housenumber": "58",
        "addr:postcode": "NR1 2NR",
        "addr:street": "Sandy Lane",
        "alt_name": "Al Madina Community Centre",
        "amenity": "place_of_worship",
        "building": "commercial",
        "building:levels": "1",
        "denomination": "sunni",
        "image": "https://www.geograph.org.uk/photo/6389229",
        "name": "Al-Madinah Muslim Community Centre",
        "note": "alt_name is the first line of the address on the charity register.",
        "opening_hours": "Fr,Sa 12:00-13:30",
        "operator": "Al Madinah Ltd",
        "operator:type": "charity",
        "ref:GB-EAW:charity": "1181722",
        "ref:GB-EAW:company": "11226871",
        "ref:GB-EAW:rpow": "85272",
        "ref:GB:uprn": "100091541728",
        "religion": "muslim",
        "roof:shape": "flat",
        "@geometry": "center"
      },
      "geometry": {
        "type": "Point",
        "coordinates": [
          1.2967489,
          52.6051152
        ]
      },
      "id": "way/119569263"
    },
    {
      "type": "Feature",
      "properties": {
        "@id": "way/120199562",
        "addr:city": "Reading",
        "addr:postcode": "RG31 5AL",
        "amenity": "place_of_worship",
        "building": "yes",
        "name": "Zain Abiya",
        "ref:GB:uprn": "310009545",
        "religion": "muslim",
        "source:addr:postcode": "ONSUD;OS Open UPRN",
        "source:building": "OS_OpenData_StreetView",
        "@geometry": "center"
      },
      "geometry": {
        "type": "Point",
        "coordinates": [
          -1.0376918,
          51.4609564
        ]
      },
      "id": "way/120199562"
    },
    {
      "type": "Feature",
      "properties": {
        "@id": "way/120515027",
        "amenity": "place_of_worship",
        "building": "yes",
        "check_date": "2024-07-25",
        "name": "Bournemouth Islamic Centre & Central Mosque",
        "religion": "muslim",
        "source": "Bing",
        "@geometry": "center"
      },
      "geometry": {
        "type": "Point",
        "coordinates": [
          -1.8800898,
          50.7218195
        ]
      },
      "id": "way/120515027"
    },
    {
      "type": "Feature",
      "properties": {
        "@id": "way/121060370",
        "amenity": "place_of_worship",
        "building": "yes",
        "religion": "muslim",
        "source": "bing",
        "@geometry": "center"
      },
      "geometry": {
        "type": "Point",
        "coordinates": [
          -1.8505449,
          52.4860987
        ]
      },
      "id": "way/121060370"
    },
    {
      "type": "Feature",
      "properties": {
        "@id": "way/121084113",
        "addr:city": "Sheffield",
        "addr:housenumber": "191",
        "addr:postcode": "S4 7EU",
        "addr:street": "Grimesthorpe Road",
        "amenity": "place_of_worship",
        "building": "school",
        "name": "Grimesthorpe Academy",
        "religion": "muslim",
        "source": "Bing",
        "@geometry": "center"
      },
      "geometry": {
        "type": "Point",
        "coordinates": [
          -1.4545551,
          53.3979191
        ]
      },
      "id": "way/121084113"
    },
    {
      "type": "Feature",
      "properties": {
        "@id": "way/121296432",
        "amenity": "place_of_worship",
        "building": "yes",
        "name": "Fatima Community Centre",
        "religion": "muslim",
        "source": "Bing",
        "@geometry": "center"
      },
      "geometry": {
        "type": "Point",
        "coordinates": [
          -1.4608548,
          53.3915347
        ]
      },
      "id": "way/121296432"
    },
    {
      "type": "Feature",
      "properties": {
        "@id": "way/121297907",
        "amenity": "place_of_worship",
        "building": "yes",
        "check_date": "2025-04-29",
        "name": "Dar Ul Aloom Saddiqia",
        "religion": "muslim",
        "source": "Bing",
        "@geometry": "center"
      },
      "geometry": {
        "type": "Point",
        "coordinates": [
          -1.4595601,
          53.3938198
        ]
      },
      "id": "way/121297907"
    },
    {
      "type": "Feature",
      "properties": {
        "@id": "way/121669840",
        "addr:city": "Birmingham",
        "addr:housenumber": "42",
        "addr:postcode": "B9 5QF",
        "addr:street": "Yardley Green Road",
        "amenity": "place_of_worship",
        "building": "yes",
        "heritage": "2",
        "heritage:operator": "Historic England",
        "listed_status": "Grade II",
        "name": "Masjid Noor-Us-Sunnah",
        "previous_name": "Samson & Lion",
        "previous_use": "pub",
        "religion": "muslim",
        "source": "local_knowledge;bing;Birmingham_City_Council",
        "wikidata": "Q26667360",
        "@geometry": "center"
      },
      "geometry": {
        "type": "Point",
        "coordinates": [
          -1.8401362,
          52.4763178
        ]
      },
      "id": "way/121669840"
    },
    {
      "type": "Feature",
      "properties": {
        "@id": "way/121913864",
        "amenity": "place_of_worship",
        "building": "yes",
        "name": "Masjid E Madani",
        "religion": "muslim",
        "source": "Bing",
        "@geometry": "center"
      },
      "geometry": {
        "type": "Point",
        "coordinates": [
          -1.656013,
          53.6878088
        ]
      },
      "id": "way/121913864"
    },
    {
      "type": "Feature",
      "properties": {
        "@id": "way/122868372",
        "addr:city": "Dagenham",
        "addr:housenumber": "539",
        "addr:postcode": "RM10 7XJ",
        "addr:street": "Rainham Road South",
        "amenity": "place_of_worship",
        "building": "yes",
        "name": "Madina Foundation Dagenham East Islamic Centre",
        "religion": "muslim",
        "@geometry": "center"
      },
      "geometry": {
        "type": "Point",
        "coordinates": [
          0.165126,
          51.5457643
        ]
      },
      "id": "way/122868372"
    },
    {
      "type": "Feature",
      "properties": {
        "@id": "way/123528135",
        "amenity": "place_of_worship",
        "building": "mosque",
        "name": "Jamia Dar Ul Uloom Qadiria Jillania Centre",
        "religion": "muslim",
        "source": "Bing",
        "@geometry": "center"
      },
      "geometry": {
        "type": "Point",
        "coordinates": [
          -1.4529525,
          53.4063078
        ]
      },
      "id": "way/123528135"
    },
    {
      "type": "Feature",
      "properties": {
        "@id": "way/126065058",
        "amenity": "place_of_worship",
        "building": "mosque",
        "check_date": "2024-03-09",
        "name": "Abu Bakr Masjid",
        "ref:GB:uprn": "310085974",
        "religion": "muslim",
        "wheelchair": "yes",
        "@geometry": "center"
      },
      "geometry": {
        "type": "Point",
        "coordinates": [
          -0.9959209,
          51.456964
        ]
      },
      "id": "way/126065058"
    },
    {
      "type": "Feature",
      "properties": {
        "@id": "way/126129757",
        "addr:city": "Bristol",
        "addr:street": "Green Street",
        "amenity": "place_of_worship",
        "building": "mosque",
        "building:levels": "1",
        "name": "Bristol Jamia Mosque",
        "ref:GB:uprn": "119614",
        "religion": "muslim",
        "wikidata": "Q4968939",
        "wikipedia": "en:Bristol Jamia Mosque",
        "@geometry": "center"
      },
      "geometry": {
        "type": "Point",
        "coordinates": [
          -2.5815615,
          51.4421603
        ]
      },
      "id": "way/126129757"
    },
    {
      "type": "Feature",
      "properties": {
        "@id": "way/126419135",
        "addr:city": "Birmingham",
        "addr:housenumber": "766",
        "addr:postcode": "B8 3PX",
        "addr:street": "Alum Rock Road",
        "amenity": "place_of_worship",
        "building": "yes",
        "denomination": "sunni",
        "name": "Jamia Masjid Haroonia",
        "religion": "muslim",
        "source": "bing",
        "@geometry": "center"
      },
      "geometry": {
        "type": "Point",
        "coordinates": [
          -1.8311133,
          52.4890707
        ]
      },
      "id": "way/126419135"
    },
    {
      "type": "Feature",
      "properties": {
        "@id": "way/126483845",
        "addr:city": "London",
        "addr:country": "GB",
        "addr:housenumber": "59",
        "addr:postcode": "E1 6QL",
        "addr:street": "Brick Lane",
        "amenity": "place_of_worship",
        "building": "yes",
        "name": "Brick Lane Jamme Masjid",
        "ref:GB:uprn": "6001096",
        "religion": "muslim",
        "wikidata": "Q4965928",
        "wikipedia": "en:Brick Lane Mosque",
        "@geometry": "center"
      },
      "geometry": {
        "type": "Point",
        "coordinates": [
          -0.0720518,
          51.5194535
        ]
      },
      "id": "way/126483845"
    },
    {
      "type": "Feature",
      "properties": {
        "@id": "way/127886465",
        "amenity": "place_of_worship",
        "building": "mosque",
        "name": "Madrassa Tul Madinah",
        "ref:GB:uprn": "10013162792",
        "religion": "muslim",
        "source": "Bing",
        "was:amenity": "library",
        "@geometry": "center"
      },
      "geometry": {
        "type": "Point",
        "coordinates": [
          -1.4442422,
          53.4128675
        ]
      },
      "id": "way/127886465"
    },
    {
      "type": "Feature",
      "properties": {
        "@id": "way/128681429",
        "amenity": "place_of_worship",
        "building": "yes",
        "name": "Trowbridge Mosque",
        "religion": "muslim",
        "source": "OS_OpenData_StreetView",
        "@geometry": "center"
      },
      "geometry": {
        "type": "Point",
        "coordinates": [
          -2.2026872,
          51.3160194
        ]
      },
      "id": "way/128681429"
    },
    {
      "type": "Feature",
      "properties": {
        "@id": "way/131447031",
        "addr:city": "Bridgwater",
        "addr:country": "GB",
        "addr:county": "Somerset",
        "addr:housenumber": "10",
        "addr:postcode": "TA6 3LH",
        "addr:street": "Friarn Street",
        "amenity": "place_of_worship",
        "building": "yes",
        "name": "Bridgwater Islamic Centre",
        "religion": "muslim",
        "service_times": "Fr 08:00-18:00",
        "@geometry": "center"
      },
      "geometry": {
        "type": "Point",
        "coordinates": [
          -3.0036163,
          51.1269689
        ]
      },
      "id": "way/131447031"
    },
    {
      "type": "Feature",
      "properties": {
        "@id": "way/132922473",
        "amenity": "place_of_worship",
        "building": "yes",
        "name": "Bangladeshi Islamic Centre & Jami Mosque",
        "religion": "muslim",
        "source": "bing",
        "@geometry": "center"
      },
      "geometry": {
        "type": "Point",
        "coordinates": [
          -1.9101584,
          52.5016007
        ]
      },
      "id": "way/132922473"
    },
    {
      "type": "Feature",
      "properties": {
        "@id": "way/132922474",
        "amenity": "place_of_worship",
        "building": "yes",
        "name": "Jamia Mosque and Islamic Welfare Association Lozells",
        "religion": "muslim",
        "source": "visual survey; bing",
        "@geometry": "center"
      },
      "geometry": {
        "type": "Point",
        "coordinates": [
          -1.9118207,
          52.501258
        ]
      },
      "id": "way/132922474"
    },
    {
      "type": "Feature",
      "properties": {
        "@id": "way/132999509",
        "amenity": "place_of_worship",
        "building": "yes",
        "name": "Jalalabad Sunni Jame Masjid & Islamic Community Centre",
        "religion": "muslim",
        "source": "bing",
        "@geometry": "center"
      },
      "geometry": {
        "type": "Point",
        "coordinates": [
          -1.896298,
          52.5034237
        ]
      },
      "id": "way/132999509"
    },
    {
      "type": "Feature",
      "properties": {
        "@id": "way/132999516",
        "addr:city": "Birmingham",
        "addr:housenumber": "125",
        "addr:postcode": "B6 6DA",
        "addr:street": "Mansfield Road",
        "amenity": "place_of_worship",
        "building": "yes",
        "email": "info@astonmasjid.com",
        "name": "Aston Masjid",
        "phone": "+44 121 523 4761",
        "religion": "muslim",
        "source": "bing",
        "website": "https://www.astonmasjid.com/",
        "@geometry": "center"
      },
      "geometry": {
        "type": "Point",
        "coordinates": [
          -1.8996378,
          52.504486
        ]
      },
      "id": "way/132999516"
    },
    {
      "type": "Feature",
      "properties": {
        "@id": "way/132999539",
        "amenity": "place_of_worship",
        "building": "yes",
        "name": "Shahjalal (R:) Sunnia Mosque & Islamic Community Centre",
        "religion": "muslim",
        "source": "bing",
        "@geometry": "center"
      },
      "geometry": {
        "type": "Point",
        "coordinates": [
          -1.8932411,
          52.5047721
        ]
      },
      "id": "way/132999539"
    },
    {
      "type": "Feature",
      "properties": {
        "@id": "way/133014729",
        "amenity": "place_of_worship",
        "building": "yes",
        "name": "Masjid Faizal Islam",
        "religion": "muslim",
        "source": "visual survey;bing",
        "@geometry": "center"
      },
      "geometry": {
        "type": "Point",
        "coordinates": [
          -1.8899462,
          52.5100223
        ]
      },
      "id": "way/133014729"
    },
    {
      "type": "Feature",
      "properties": {
        "@id": "way/133062617",
        "addr:city": "Birmingham",
        "addr:housename": "Kokni Muslim Association",
        "addr:housenumber": "32-34a",
        "addr:postcode": "B6 6AL",
        "addr:street": "Trinity Road",
        "amenity": "place_of_worship",
        "building": "yes",
        "denomination": "sunni",
        "name": "Masjid-Al-Falaah, Kokni Muslim Association",
        "ref:GB:uprn": "10090318914;100070543106;10091752496",
        "religion": "muslim",
        "source": "www.kgn.co.in",
        "@geometry": "center"
      },
      "geometry": {
        "type": "Point",
        "coordinates": [
          -1.9008325,
          52.5083245
        ]
      },
      "id": "way/133062617"
    },
    {
      "type": "Feature",
      "properties": {
        "@id": "way/133304465",
        "addr:city": "Birmingham",
        "addr:postcode": "B19 1RJ",
        "addr:street": "Lozells Road",
        "amenity": "place_of_worship",
        "building": "yes",
        "ref:GB:uprn": "10091553168",
        "religion": "muslim",
        "source": "bing",
        "@geometry": "center"
      },
      "geometry": {
        "type": "Point",
        "coordinates": [
          -1.9137219,
          52.50325
        ]
      },
      "id": "way/133304465"
    },
    {
      "type": "Feature",
      "properties": {
        "@id": "way/134370164",
        "addr:city": "Birmingham",
        "addr:postcode": "B29 6DR",
        "addr:street": "Dartmouth Road",
        "amenity": "place_of_worship",
        "building": "yes",
        "religion": "muslim",
        "source": "bing",
        "@geometry": "center"
      },
      "geometry": {
        "type": "Point",
        "coordinates": [
          -1.9346724,
          52.4425393
        ]
      },
      "id": "way/134370164"
    },
    {
      "type": "Feature",
      "properties": {
        "@id": "way/134666135",
        "addr:city": "Cambridge",
        "addr:housenumber": "4",
        "addr:postcode": "CB1 2BH",
        "addr:street": "Devonshire Road",
        "amenity": "place_of_worship",
        "building": "yes",
        "building:levels": "2",
        "denomination": "sunni",
        "description": "Ground floor appears to be accessible by wheelchair. Male prayer hall is downstairs, apparently with no lift.",
        "email": "info@cambridgemuslimtrust.org",
        "female": "yes",
        "name": "Masjid Al Ikhlas & Cambridge Islamic Centre",
        "operator": "The Cambridge Muslim Trust",
        "phone": "+44 871 242 9696",
        "prayer_times:syndicator": "MyMasjid",
        "prayer_times:url": "https://time.my-masjid.com/timingscreen/294895e1-06c1-4a40-a4e1-9d4f49839cf8",
        "ref:GB:charity_no": "1125964",
        "religion": "muslim",
        "roof:levels": "1",
        "roof:shape": "gabled",
        "shower:male": "yes",
        "website": "https://cambridgeislamiccentre.org/",
        "website:2": "http://cambridgemuslimtrust.org/",
        "wheelchair": "limited",
        "@geometry": "center"
      },
      "geometry": {
        "type": "Point",
        "coordinates": [
          0.1388863,
          52.198761
        ]
      },
      "id": "way/134666135"
    },
    {
      "type": "Feature",
      "properties": {
        "@id": "way/134835587",
        "addr:city": "Cambridge",
        "addr:housenumber": "1A",
        "addr:postcode": "CB1 2DZ",
        "addr:street": "Mawson Road",
        "air_conditioning": "yes",
        "alt_name2": "Cambridge Masjid",
        "alt_name3": "Abu Bakr Jamia Cambridge Mosque",
        "amenity": "place_of_worship",
        "baby_feeding": "room",
        "building": "yes",
        "check_date": "2026-03-24",
        "denomination": "sunni",
        "female": "yes",
        "name": "Abubakr Siddiq Islamic Centre",
        "operator": "Cambridge Muslim Welfare Society",
        "operator:type": "charity",
        "prayer_times:syndicator": "My Masjid",
        "prayer_times:syndicator:url": "https://time.my-masjid.com/timingscreen/66503b47-2659-4d37-b53a-cb2e3d6ea88e",
        "ref:GB-EAW:charity_no": "273568",
        "religion": "muslim",
        "service_times:url": "prayer.cambridgemosque.com",
        "unisex": "yes",
        "website": "https://www.cambridgemosque.com/",
        "wheelchair": "yes",
        "@geometry": "center"
      },
      "geometry": {
        "type": "Point",
        "coordinates": [
          0.1362138,
          52.2001377
        ]
      },
      "id": "way/134835587"
    },
    {
      "type": "Feature",
      "properties": {
        "@id": "way/136988241",
        "addr:city": "Leicester",
        "addr:housenumber": "8",
        "addr:postcode": "LE1 3LE",
        "addr:street": "Britannia Street",
        "amenity": "place_of_worship",
        "building": "yes",
        "denomination": "sunni",
        "female": "yes",
        "male": "yes",
        "name": "Masjid Al Huda",
        "phone": "+44 116 251 4807",
        "religion": "muslim",
        "source": "Bing",
        "@geometry": "center"
      },
      "geometry": {
        "type": "Point",
        "coordinates": [
          -1.1271058,
          52.6427619
        ]
      },
      "id": "way/136988241"
    },
    {
      "type": "Feature",
      "properties": {
        "@id": "way/137833813",
        "addr:city": "Brighton",
        "addr:housenumber": "24",
        "addr:postcode": "BN1 2PT",
        "addr:street": "Bedford Place",
        "alt_name": "Al-Medinah Mosque",
        "amenity": "place_of_worship",
        "building": "church",
        "building:colour": "#EEEEEE",
        "building:levels": "3",
        "building:material": "plaster",
        "denomination": "sunni",
        "name": "Medina Mosque",
        "ref:GB:uprn": "22173291",
        "religion": "muslim",
        "roof:colour": "#B0C0C0",
        "roof:material": "metal",
        "roof:shape": "hipped",
        "url": "https://almedinah.co.uk/",
        "@geometry": "center"
      },
      "geometry": {
        "type": "Point",
        "coordinates": [
          -0.1538865,
          50.824108
        ]
      },
      "id": "way/137833813"
    },
    {
      "type": "Feature",
      "properties": {
        "@id": "way/138128170",
        "addr:city": "Northampton",
        "addr:country": "GB",
        "addr:housenumber": "8",
        "addr:postcode": "NN1 2TR",
        "addr:street": "Saint George's Street",
        "amenity": "place_of_worship",
        "building": "yes",
        "name": "AL-Jamat-Ul-Muslimin of Bangladesh",
        "religion": "muslim",
        "source": "Bing",
        "@geometry": "center"
      },
      "geometry": {
        "type": "Point",
        "coordinates": [
          -0.8989018,
          52.2433843
        ]
      },
      "id": "way/138128170"
    },
    {
      "type": "Feature",
      "properties": {
        "@id": "way/139850347",
        "amenity": "place_of_worship",
        "building": "yes",
        "denomination": "sunni",
        "name": "Keele University Islamic Centre",
        "ref:GB:uprn": "10096587203",
        "religion": "muslim",
        "@geometry": "center"
      },
      "geometry": {
        "type": "Point",
        "coordinates": [
          -2.2722497,
          53.0053007
        ]
      },
      "id": "way/139850347"
    },
    {
      "type": "Feature",
      "properties": {
        "@id": "way/142726905",
        "amenity": "place_of_worship",
        "building": "mosque",
        "name": "Makkah Masjid Mosque",
        "ref:GB:uprn": "72512888",
        "religion": "muslim",
        "source": "local knowledge",
        "wikidata": "Q69818951",
        "@geometry": "center"
      },
      "geometry": {
        "type": "Point",
        "coordinates": [
          -1.5730042,
          53.8110022
        ]
      },
      "id": "way/142726905"
    },
    {
      "type": "Feature",
      "properties": {
        "@id": "way/143926786",
        "amenity": "place_of_worship",
        "building": "yes",
        "name": "Khizra Mosque",
        "ref:GB:uprn": "77195485",
        "religion": "muslim",
        "@geometry": "center"
      },
      "geometry": {
        "type": "Point",
        "coordinates": [
          -2.2376221,
          53.5055565
        ]
      },
      "id": "way/143926786"
    },
    {
      "type": "Feature",
      "properties": {
        "@id": "way/144357679",
        "addr:city": "London",
        "addr:housenumber": "62-66",
        "addr:postcode": "E7 9LN",
        "addr:street": "Upton Lane",
        "addr:suburb": "Forest Gate",
        "amenity": "place_of_worship",
        "building": "yes",
        "building:colour": "tan",
        "building:levels": "4",
        "denomination": "sunni",
        "material": "brick",
        "name": "Quwwat ul Islam Masjid",
        "operator": "QUWWAT-UL-ISLAM SOCIETY NEWHAM LONDON",
        "prayer_times:url": "https://quwwatulislam.org/prayertimes/",
        "ref:GB-EAW:charity": "1201384",
        "religion": "muslim",
        "website": "https://quwwatulislam.org/",
        "@geometry": "center"
      },
      "geometry": {
        "type": "Point",
        "coordinates": [
          0.0256991,
          51.5444158
        ]
      },
      "id": "way/144357679"
    },
    {
      "type": "Feature",
      "properties": {
        "@id": "way/144357797",
        "amenity": "place_of_worship",
        "name": "Masjid Yousuf",
        "religion": "muslim",
        "@geometry": "center"
      },
      "geometry": {
        "type": "Point",
        "coordinates": [
          0.0286684,
          51.5464882
        ]
      },
      "id": "way/144357797"
    },
    {
      "type": "Feature",
      "properties": {
        "@id": "way/144755744",
        "addr:city": "Birmingham",
        "addr:postcode": "B11 3JJ",
        "addr:street": "Evelyn Road",
        "amenity": "place_of_worship",
        "building": "yes",
        "denomination": "sunni",
        "name": "Jamia Abdullah Bin Masoud",
        "religion": "muslim",
        "source": "bing",
        "@geometry": "center"
      },
      "geometry": {
        "type": "Point",
        "coordinates": [
          -1.8597154,
          52.4514046
        ]
      },
      "id": "way/144755744"
    },
    {
      "type": "Feature",
      "properties": {
        "@id": "way/144931123",
        "addr:city": "Sutton Coldfield",
        "addr:street": "Lichfield Road",
        "amenity": "place_of_worship",
        "building": "courthouse",
        "building:use": "mosque",
        "disused:amenity": "courthouse",
        "name": "Sutton Coldfield Masjid",
        "note": "Foremerly the Sutton Coldfield Magistrates Court, now closed (2011)",
        "ref:GB:uprn": "100071418417",
        "religion": "muslim",
        "@geometry": "center"
      },
      "geometry": {
        "type": "Point",
        "coordinates": [
          -1.8234617,
          52.5682966
        ]
      },
      "id": "way/144931123"
    },
    {
      "type": "Feature",
      "properties": {
        "@id": "way/146989588",
        "addr:city": "Slough",
        "addr:country": "GB",
        "addr:housenumber": "83",
        "amenity": "place_of_worship",
        "building": "yes",
        "name": "Jamia Masjid and Islamic Centre",
        "ref:GB:uprn": "10002339215;10090769606",
        "religion": "muslim",
        "source:building": "OS_OpenData_StreetView",
        "toilets:wheelchair": "no",
        "wheelchair": "yes",
        "@geometry": "center"
      },
      "geometry": {
        "type": "Point",
        "coordinates": [
          -0.5989887,
          51.5186289
        ]
      },
      "id": "way/146989588"
    },
    {
      "type": "Feature",
      "properties": {
        "@id": "way/149605558",
        "addr:city": "Stirling",
        "addr:housename": "Central Scotland Islamic Centre",
        "addr:postcode": "FK7 7NZ",
        "addr:street": "Burghmuir Road",
        "amenity": "place_of_worship",
        "building": "yes",
        "loc_name": "Stirling Mosque",
        "name": "Central Scotland Islamic Centre",
        "religion": "muslim",
        "source": "Bing;local knowledge",
        "@geometry": "center"
      },
      "geometry": {
        "type": "Point",
        "coordinates": [
          -3.9329979,
          56.1134618
        ]
      },
      "id": "way/149605558"
    },
    {
      "type": "Feature",
      "properties": {
        "@id": "way/151655147",
        "addr:housenumber": "1",
        "addr:street": "Emily Street",
        "amenity": "place_of_worship",
        "building": "yes",
        "check_date": "2026-03-19",
        "name": "Markazi Jamia Mosque",
        "phone": "+44 1535 607039",
        "religion": "muslim",
        "@geometry": "center"
      },
      "geometry": {
        "type": "Point",
        "coordinates": [
          -1.9023986,
          53.8705033
        ]
      },
      "id": "way/151655147"
    },
    {
      "type": "Feature",
      "properties": {
        "@id": "way/152178608",
        "addr:city": "Leicester",
        "addr:housenumber": "9",
        "addr:postcode": "LE1 3LQ",
        "addr:street": "Upper George Street",
        "amenity": "place_of_worship",
        "building": "yes",
        "denomination": "sunni",
        "name": "Masjid Salahuddin",
        "religion": "muslim",
        "@geometry": "center"
      },
      "geometry": {
        "type": "Point",
        "coordinates": [
          -1.127195,
          52.6411041
        ]
      },
      "id": "way/152178608"
    },
    {
      "type": "Feature",
      "properties": {
        "@id": "way/152323079",
        "amenity": "place_of_worship",
        "building": "mosque",
        "name": "Bradford Central Mosque",
        "religion": "muslim",
        "source": "Bing",
        "@geometry": "center"
      },
      "geometry": {
        "type": "Point",
        "coordinates": [
          -1.7601352,
          53.7979069
        ]
      },
      "id": "way/152323079"
    },
    {
      "type": "Feature",
      "properties": {
        "@id": "way/152438000",
        "amenity": "place_of_worship",
        "building": "mosque",
        "denomination": "sunni",
        "name": "Jamia Masjid Hanfia Mosque",
        "religion": "muslim",
        "source": "Bing",
        "website": "https://jamiamasjidhanfia.co.uk/",
        "@geometry": "center"
      },
      "geometry": {
        "type": "Point",
        "coordinates": [
          -1.7696631,
          53.8057189
        ]
      },
      "id": "way/152438000"
    },
    {
      "type": "Feature",
      "properties": {
        "@id": "way/152545853",
        "addr:city": "Bedford",
        "addr:housenumber": "34",
        "addr:postcode": "MK40 1HU",
        "addr:street": "Brereton Road",
        "amenity": "place_of_worship",
        "building": "yes",
        "name": "Bedford Central Jamee Masjid",
        "religion": "muslim",
        "@geometry": "center"
      },
      "geometry": {
        "type": "Point",
        "coordinates": [
          -0.4745038,
          52.1369895
        ]
      },
      "id": "way/152545853"
    },
    {
      "type": "Feature",
      "properties": {
        "@id": "way/152752718",
        "addr:city": "Watford",
        "addr:postcode": "WD25 0AQ",
        "addr:street": "167 N Western Ave, Watford",
        "amenity": "place_of_worship",
        "building": "mosque",
        "denomination": "sunni",
        "name": "North Jamia Watford Mosque",
        "opening_hours": "24/7",
        "phone": "+44 1923 682325",
        "ref:GB:uprn": "10008849883;10094125165;10094125166;10094125163;10094125164;10094125161;10094125162;10094125160",
        "religion": "muslim",
        "subdenomination": "barelvi",
        "@geometry": "center"
      },
      "geometry": {
        "type": "Point",
        "coordinates": [
          -0.4017903,
          51.6825527
        ]
      },
      "id": "way/152752718"
    },
    {
      "type": "Feature",
      "properties": {
        "@id": "way/152800389",
        "addr:city": "Bradford",
        "addr:housename": "Ahmadiyya Muslim Association",
        "addr:housenumber": "6",
        "addr:postcode": "BD3 0DZ",
        "addr:street": "Rees Way",
        "amenity": "place_of_worship",
        "building": "mosque",
        "denomination": "ahmadiyya",
        "name": "Al‐Mahdi Mosque",
        "name:ur": "مسجد المہدی",
        "note": "Opened November 2008",
        "religion": "muslim",
        "wikidata": "Q311438",
        "wikipedia": "en:Al Mahdi Mosque, Bradford",
        "@geometry": "center"
      },
      "geometry": {
        "type": "Point",
        "coordinates": [
          -1.7445677,
          53.8010402
        ]
      },
      "id": "way/152800389"
    },
    {
      "type": "Feature",
      "properties": {
        "@id": "way/152800433",
        "amenity": "place_of_worship",
        "building": "yes",
        "name": "Jamiyat Tabligh-ul-Islam",
        "religion": "muslim",
        "source": "Bing",
        "@geometry": "center"
      },
      "geometry": {
        "type": "Point",
        "coordinates": [
          -1.737161,
          53.7972085
        ]
      },
      "id": "way/152800433"
    },
    {
      "type": "Feature",
      "properties": {
        "@id": "way/152936747",
        "addr:city": "London",
        "addr:housenumber": "304",
        "addr:postcode": "E14 7DQ",
        "addr:street": "Burdett Road",
        "amenity": "place_of_worship",
        "building": "mosque",
        "name": "Masjid Al-Fath",
        "religion": "muslim",
        "wheelchair": "yes",
        "@geometry": "center"
      },
      "geometry": {
        "type": "Point",
        "coordinates": [
          -0.0290893,
          51.5149566
        ]
      },
      "id": "way/152936747"
    },
    {
      "type": "Feature",
      "properties": {
        "@id": "way/152977703",
        "amenity": "place_of_worship",
        "building": "house",
        "name": "Canterbury Islamic Centre",
        "ref:GB:uprn": "100060813051",
        "religion": "muslim",
        "source": "Bing",
        "@geometry": "center"
      },
      "geometry": {
        "type": "Point",
        "coordinates": [
          1.0648859,
          51.2963498
        ]
      },
      "id": "way/152977703"
    },
    {
      "type": "Feature",
      "properties": {
        "@id": "way/153379176",
        "addr:housenumber": "80A",
        "addr:postcode": "LE11 1LL",
        "addr:street": "Rendell Street",
        "amenity": "place_of_worship",
        "building": "yes",
        "name": "Shah jalal Mosque & Centre",
        "religion": "muslim",
        "@geometry": "center"
      },
      "geometry": {
        "type": "Point",
        "coordinates": [
          -1.2056767,
          52.7780966
        ]
      },
      "id": "way/153379176"
    },
    {
      "type": "Feature",
      "properties": {
        "@id": "way/156336652",
        "amenity": "place_of_worship",
        "building": "yes",
        "name": "Khazra Central Mosque",
        "religion": "muslim",
        "@geometry": "center"
      },
      "geometry": {
        "type": "Point",
        "coordinates": [
          -4.2605152,
          55.8404944
        ]
      },
      "id": "way/156336652"
    },
    {
      "type": "Feature",
      "properties": {
        "@id": "way/156620032",
        "addr:city": "London",
        "addr:housenumber": "10",
        "addr:postcode": "W1F 0PX",
        "addr:street": "Berwick Street",
        "amenity": "place_of_worship",
        "building": "yes",
        "name": "Islamic Centre",
        "ref:GB:uprn": "200001858959",
        "religion": "muslim",
        "source": "Bing",
        "wheelchair": "limited",
        "@geometry": "center"
      },
      "geometry": {
        "type": "Point",
        "coordinates": [
          -0.1344639,
          51.5133127
        ]
      },
      "id": "way/156620032"
    },
    {
      "type": "Feature",
      "properties": {
        "@id": "way/156683355",
        "addr:city": "Glasgow",
        "addr:housenumber": "32-38",
        "addr:postcode": "G42 8EJ",
        "addr:street": "Dixon Avenue",
        "alt_name": "Dixon Avenue Mosque",
        "amenity": "place_of_worship",
        "building": "church",
        "denomination": "sunni",
        "email": "info@afecc.co.uk",
        "name": "AFECC Glasgow",
        "note": "Former church, now converted. If proposing to change the building=church tag, please discuss first. Thanks.",
        "operator": "Al-Farooq Education and Community Centre",
        "operator:type": "charitable",
        "phone": "+44 141 433 2686",
        "prayer_times:url": "https://www.afecc.co.uk/prayer-times/glasgow-prayer-times/",
        "ref:GB-SCO:charity": "SC047177",
        "ref:GB:uprn": "906700256814",
        "religion": "muslim",
        "website": "https://www.afecc.co.uk/",
        "@geometry": "center"
      },
      "geometry": {
        "type": "Point",
        "coordinates": [
          -4.2627193,
          55.8347283
        ]
      },
      "id": "way/156683355"
    },
    {
      "type": "Feature",
      "properties": {
        "@id": "way/157538264",
        "addr:city": "Bristol",
        "addr:postcode": "BS5 6AP",
        "addr:suburb": "Easton",
        "amenity": "place_of_worship",
        "building": "yes",
        "name": "Bristol Central Mosque",
        "ref:GB:uprn": "299298",
        "religion": "muslim",
        "@geometry": "center"
      },
      "geometry": {
        "type": "Point",
        "coordinates": [
          -2.5627135,
          51.4619791
        ]
      },
      "id": "way/157538264"
    },
    {
      "type": "Feature",
      "properties": {
        "@id": "way/158346423",
        "addr:city": "Sutton",
        "addr:housenumber": "25",
        "addr:postcode": "SM1 4LF",
        "addr:street": "Carshalton Road",
        "amenity": "place_of_worship",
        "building": "mosque",
        "denomination": "sunni",
        "name": "Sutton Central Masjid",
        "religion": "muslim",
        "source": "survey;code-point open",
        "@geometry": "center"
      },
      "geometry": {
        "type": "Point",
        "coordinates": [
          -0.1883174,
          51.3624354
        ]
      },
      "id": "way/158346423"
    },
    {
      "type": "Feature",
      "properties": {
        "@id": "way/160046992",
        "addr:postcode": "RH11 9SE",
        "amenity": "place_of_worship",
        "building": "yes",
        "name": "Crawley Mosque",
        "ref:GB:uprn": "10034135043",
        "religion": "muslim",
        "source:addr:postcode": "ONSUD;OS Open UPRN",
        "@geometry": "center"
      },
      "geometry": {
        "type": "Point",
        "coordinates": [
          -0.2138951,
          51.0975348
        ]
      },
      "id": "way/160046992"
    },
    {
      "type": "Feature",
      "properties": {
        "@id": "way/164626137",
        "addr:city": "St Albans",
        "addr:housenumber": "141",
        "addr:street": "Hatfield Road",
        "amenity": "place_of_worship",
        "building": "yes",
        "denomination": "sunni",
        "name": "St Albans Islamic Centre",
        "opening_hours": "Mo-Su 06:00-21:00",
        "operator": "Islamic Centre St Albans (Herts)",
        "prayer_times:url": "https://icsta.org.uk/st-albans-mosque-islamic-centre-prayer-timetable/",
        "ref:GB-EAW:charity": "275546",
        "religion": "muslim",
        "website": "https://icsta.org.uk/",
        "@geometry": "center"
      },
      "geometry": {
        "type": "Point",
        "coordinates": [
          -0.316666,
          51.7528133
        ]
      },
      "id": "way/164626137"
    },
    {
      "type": "Feature",
      "properties": {
        "@id": "way/165628575",
        "addr:city": "Swindon",
        "addr:postcode": "SN1 2AF",
        "amenity": "place_of_worship",
        "building": "yes",
        "name": "Hasrat Shahjal Al Mosque",
        "ref:GB:uprn": "100121342837",
        "religion": "muslim",
        "@geometry": "center"
      },
      "geometry": {
        "type": "Point",
        "coordinates": [
          -1.7802756,
          51.5649655
        ]
      },
      "id": "way/165628575"
    },
    {
      "type": "Feature",
      "properties": {
        "@id": "way/166096922",
        "amenity": "place_of_worship",
        "building": "yes",
        "name": "The IslamBradford Centre",
        "religion": "muslim",
        "source": "Bing",
        "@geometry": "center"
      },
      "geometry": {
        "type": "Point",
        "coordinates": [
          -1.7644641,
          53.7981301
        ]
      },
      "id": "way/166096922"
    },
    {
      "type": "Feature",
      "properties": {
        "@id": "way/166106662",
        "addr:city": "Cheltenham",
        "addr:housenumber": "25",
        "addr:postcode": "GL52 2RS",
        "addr:street": "Sherborne Place",
        "amenity": "place_of_worship",
        "building": "mosque",
        "check_date": "2026-03-24",
        "name": "Masjid Al Madina",
        "religion": "muslim",
        "@geometry": "center"
      },
      "geometry": {
        "type": "Point",
        "coordinates": [
          -2.070014,
          51.9001849
        ]
      },
      "id": "way/166106662"
    },
    {
      "type": "Feature",
      "properties": {
        "@id": "way/166815754",
        "amenity": "place_of_worship",
        "building": "yes",
        "name": "Bashir Ahmed Masjid",
        "religion": "muslim",
        "@geometry": "center"
      },
      "geometry": {
        "type": "Point",
        "coordinates": [
          -1.3948892,
          50.9230772
        ]
      },
      "id": "way/166815754"
    },
    {
      "type": "Feature",
      "properties": {
        "@id": "way/167976345",
        "addr:city": "Birmingham",
        "addr:housenumber": "1164",
        "addr:postcode": "B28 8AF",
        "addr:street": "Stratford Road",
        "amenity": "place_of_worship",
        "building": "yes",
        "name": "Ad Duha Institute",
        "religion": "muslim",
        "source": "visual survey;bing",
        "@geometry": "center"
      },
      "geometry": {
        "type": "Point",
        "coordinates": [
          -1.8470407,
          52.4378488
        ]
      },
      "id": "way/167976345"
    },
    {
      "type": "Feature",
      "properties": {
        "@id": "way/169962101",
        "addr:city": "Birmingham",
        "addr:housenumber": "98",
        "addr:postcode": "B11 4DL",
        "addr:street": "Greswolde Road",
        "amenity": "place_of_worship",
        "building": "yes",
        "name": "Islamic Cultural & Education Centre",
        "religion": "muslim",
        "source": "bing",
        "@geometry": "center"
      },
      "geometry": {
        "type": "Point",
        "coordinates": [
          -1.8632392,
          52.4450741
        ]
      },
      "id": "way/169962101"
    },
    {
      "type": "Feature",
      "properties": {
        "@id": "way/170639451",
        "addr:city": "Norwich",
        "addr:country": "GB",
        "addr:housenumber": "63",
        "addr:postcode": "NR3 2HF",
        "addr:street": "Aylsham Road",
        "amenity": "place_of_worship",
        "building": "pub",
        "denomination": "sunni",
        "name": "Norwich Central Mosque & Islamic Community Centre",
        "operator": "Norwich Central Mosque and Islamic Community Centre",
        "prayer_times:url": "https://norwich-central-mosque.co.uk/prayer-times/",
        "ref:GB-EAW:charity": "1181761",
        "ref:GB:uprn": "10090185401;200004351896",
        "religion": "muslim",
        "website": "https://norwich-central-mosque.co.uk/",
        "@geometry": "center"
      },
      "geometry": {
        "type": "Point",
        "coordinates": [
          1.286786,
          52.6428583
        ]
      },
      "id": "way/170639451"
    },
    {
      "type": "Feature",
      "properties": {
        "@id": "way/172927819",
        "addr:city": "Cambridge",
        "addr:housenumber": "60",
        "addr:postcode": "CB1 7SY",
        "addr:street": "Mowbray Road",
        "alt_name": "Baitul Mueed Mosque;Baitul Moeed Mosque;Baitul Mueed;Baitul Mu'eed Mosque",
        "alt_name:ur": "مسجد بیت المعید",
        "amenity": "place_of_worship",
        "building": "house",
        "denomination": "ahmadiyya",
        "name": "Baitul Mu'eed",
        "name:ur": "بیت المعید",
        "religion": "muslim",
        "source": "survey,Bing",
        "url": "https://www.baitulmueed.org/",
        "@geometry": "center"
      },
      "geometry": {
        "type": "Point",
        "coordinates": [
          0.1499747,
          52.1822081
        ]
      },
      "id": "way/172927819"
    },
    {
      "type": "Feature",
      "properties": {
        "@id": "way/175319483",
        "amenity": "place_of_worship",
        "building": "yes",
        "check_date": "2025-04-26",
        "name": "Exeter Mosque",
        "religion": "muslim",
        "wikidata": "Q65066212",
        "@geometry": "center"
      },
      "geometry": {
        "type": "Point",
        "coordinates": [
          -3.5250632,
          50.7292049
        ]
      },
      "id": "way/175319483"
    },
    {
      "type": "Feature",
      "properties": {
        "@id": "way/175768606",
        "addr:city": "Birmingham",
        "addr:housenumber": "2",
        "addr:postcode": "B11 3AW",
        "addr:street": "Knowle Road",
        "amenity": "place_of_worship",
        "building": "yes",
        "name": "Al-Bhokari Education Centre",
        "religion": "muslim",
        "source": "visual survey; bing",
        "@geometry": "center"
      },
      "geometry": {
        "type": "Point",
        "coordinates": [
          -1.857945,
          52.4476858
        ]
      },
      "id": "way/175768606"
    },
    {
      "type": "Feature",
      "properties": {
        "@id": "way/177511977",
        "amenity": "place_of_worship",
        "building": "yes",
        "check_date": "2026-07-20",
        "name": "North London Mosque",
        "religion": "muslim",
        "@geometry": "center"
      },
      "geometry": {
        "type": "Point",
        "coordinates": [
          -0.0687451,
          51.5649049
        ]
      },
      "id": "way/177511977"
    },
    {
      "type": "Feature",
      "properties": {
        "@id": "way/178352103",
        "amenity": "place_of_worship",
        "building": "mosque",
        "name": "Markazi Jamia Masjid Bilal",
        "ref:GB:uprn": "72048156",
        "religion": "muslim",
        "website": "https://www.bilalmasjid.org.uk/",
        "@geometry": "center"
      },
      "geometry": {
        "type": "Point",
        "coordinates": [
          -1.5137514,
          53.8128071
        ]
      },
      "id": "way/178352103"
    },
    {
      "type": "Feature",
      "properties": {
        "@id": "way/178552469",
        "addr:city": "Edinburgh",
        "addr:housenumber": "1",
        "addr:postcode": "EH6 6TN",
        "addr:street": "King Street",
        "amenity": "place_of_worship",
        "building": "yes",
        "check_date": "2023-09-21",
        "denomination": "shia",
        "name": "Shia Community Centre Edinburgh",
        "operator": "Wali-Al-Asir Trust",
        "religion": "muslim",
        "source": "Bing",
        "website": "https://mosques.muslimsinbritain.org/maps-mobile.php?id=591",
        "@geometry": "center"
      },
      "geometry": {
        "type": "Point",
        "coordinates": [
          -3.1761214,
          55.9737788
        ]
      },
      "id": "way/178552469"
    },
    {
      "type": "Feature",
      "properties": {
        "@id": "way/180756469",
        "addr:city": "St Albans",
        "addr:housenumber": "4-6",
        "addr:postcode": "AL1 2HX",
        "addr:street": "Abbots Avenue",
        "amenity": "place_of_worship",
        "building": "yes",
        "check_date": "2025-12-13",
        "name": "Masjid Ar Rahman SCT",
        "old_name": "Christadelphians St. Albans",
        "religion": "muslim",
        "@geometry": "center"
      },
      "geometry": {
        "type": "Point",
        "coordinates": [
          -0.3333032,
          51.7390235
        ]
      },
      "id": "way/180756469"
    },
    {
      "type": "Feature",
      "properties": {
        "@id": "way/183066031",
        "addr:city": "Coatbridge",
        "addr:housenumber": "10",
        "addr:postcode": "ML5 3PU",
        "addr:street": "Quarry Street",
        "amenity": "place_of_worship",
        "building": "yes",
        "name": "Islamic Society of Airdrie & Coatbridge",
        "ref:GB:uprn": "118169576",
        "religion": "muslim",
        "@geometry": "center"
      },
      "geometry": {
        "type": "Point",
        "coordinates": [
          -4.005083,
          55.8613031
        ]
      },
      "id": "way/183066031"
    },
    {
      "type": "Feature",
      "properties": {
        "@id": "way/183069320",
        "addr:city": "London",
        "addr:housenumber": "23",
        "addr:postcode": "N8 8AE",
        "addr:street": "Edison Road",
        "amenity": "place_of_worship",
        "building": "yes",
        "name": "MTO Shahmaghsoudi",
        "religion": "muslim",
        "@geometry": "center"
      },
      "geometry": {
        "type": "Point",
        "coordinates": [
          -0.1252945,
          51.5777848
        ]
      },
      "id": "way/183069320"
    },
    {
      "type": "Feature",
      "properties": {
        "@id": "way/183327737",
        "amenity": "place_of_worship",
        "building": "yes",
        "name": "Masjid Risalah",
        "religion": "muslim",
        "@geometry": "center"
      },
      "geometry": {
        "type": "Point",
        "coordinates": [
          -1.4816226,
          53.3893216
        ]
      },
      "id": "way/183327737"
    },
    {
      "type": "Feature",
      "properties": {
        "@id": "way/183614407",
        "amenity": "place_of_worship",
        "building": "yes",
        "name": "Makii Marjid & Madrassa",
        "religion": "muslim",
        "@geometry": "center"
      },
      "geometry": {
        "type": "Point",
        "coordinates": [
          -1.9313756,
          52.5051488
        ]
      },
      "id": "way/183614407"
    },
    {
      "type": "Feature",
      "properties": {
        "@id": "way/183848647",
        "addr:city": "Halifax",
        "addr:street": "Gibbet Street",
        "amenity": "place_of_worship",
        "building": "mosque",
        "name": "Jamia Masjid Madni",
        "ref:GB:uprn": "10010168046",
        "religion": "muslim",
        "@geometry": "center"
      },
      "geometry": {
        "type": "Point",
        "coordinates": [
          -1.8722584,
          53.7231845
        ]
      },
      "id": "way/183848647"
    },
    {
      "type": "Feature",
      "properties": {
        "@id": "way/184923960",
        "addr:city": "Nottingham",
        "addr:housenumber": "118A",
        "addr:postcode": "NG7 6HT",
        "addr:street": "Berridge Road",
        "amenity": "place_of_worship",
        "building": "cinema",
        "name": "Jameah Fatimiah Mosque",
        "phone": "+44 115 924 4004",
        "religion": "muslim",
        "source": "survey",
        "@geometry": "center"
      },
      "geometry": {
        "type": "Point",
        "coordinates": [
          -1.1642632,
          52.9706631
        ]
      },
      "id": "way/184923960"
    },
    {
      "type": "Feature",
      "properties": {
        "@id": "way/185269438",
        "addr:city": "Leicester",
        "addr:postcode": "LE5 3GH",
        "addr:street": "Spinney Hill Road",
        "amenity": "place_of_worship",
        "building": "yes",
        "denomination": "sunni",
        "name": "Baytul 'Ilm",
        "phone": "+44 116 251 1018",
        "religion": "muslim",
        "source": "Bing",
        "website": "http://www.baytulilm.com/",
        "@geometry": "center"
      },
      "geometry": {
        "type": "Point",
        "coordinates": [
          -1.1083278,
          52.640024
        ]
      },
      "id": "way/185269438"
    },
    {
      "type": "Feature",
      "properties": {
        "@id": "node/185426385",
        "addr:housenumber": "39",
        "addr:postcode": "LE4 9EE",
        "addr:street": "Edgehill Road",
        "amenity": "place_of_worship",
        "denomination": "sunni",
        "name": "Masjid Al Ansar",
        "name:ar": "مسجد الأنصار",
        "religion": "muslim"
      },
      "geometry": {
        "type": "Point",
        "coordinates": [
          -1.0967755,
          52.6535652
        ]
      },
      "id": "node/185426385"
    },
    {
      "type": "Feature",
      "properties": {
        "@id": "way/186136733",
        "amenity": "place_of_worship",
        "building": "yes",
        "name": "Shah Jalal Jame Masjid",
        "religion": "muslim",
        "@geometry": "center"
      },
      "geometry": {
        "type": "Point",
        "coordinates": [
          -2.56402,
          51.4707216
        ]
      },
      "id": "way/186136733"
    },
    {
      "type": "Feature",
      "properties": {
        "@id": "way/186972121",
        "addr:city": "Harrow",
        "addr:housenumber": "36-38",
        "addr:postcode": "HA1 2SQ",
        "addr:street": "Station Road",
        "amenity": "place_of_worship",
        "building": "mosque",
        "check_date": "2025-09-27",
        "email": "info@harrowmosque.org.uk",
        "fhrs:id": "276725",
        "name": "Harrow Central Mosque",
        "phone": "+44 20 8861 2071",
        "religion": "muslim",
        "source:addr": "FHRS Open Data",
        "website": "https://harrowmosque.org.uk/",
        "wheelchair": "yes",
        "wikidata": "Q15223100",
        "wikipedia": "en:Harrow Central Mosque",
        "@geometry": "center"
      },
      "geometry": {
        "type": "Point",
        "coordinates": [
          -0.3321979,
          51.5890841
        ]
      },
      "id": "way/186972121"
    },
    {
      "type": "Feature",
      "properties": {
        "@id": "way/187727191",
        "addr:city": "Southampton",
        "addr:postcode": "SO14 0BQ",
        "amenity": "place_of_worship",
        "building": "yes",
        "name": "The Abu Bakr Jamia Masjid",
        "ref:GB:uprn": "100062500908;10024441394",
        "religion": "muslim",
        "@geometry": "center"
      },
      "geometry": {
        "type": "Point",
        "coordinates": [
          -1.3974368,
          50.9099171
        ]
      },
      "id": "way/187727191"
    },
    {
      "type": "Feature",
      "properties": {
        "@id": "way/190114300",
        "addr:city": "Southampton",
        "addr:housenumber": "189",
        "addr:postcode": "SO14 0EL",
        "addr:street": "Northumberland Road",
        "amenity": "place_of_worship",
        "building": "yes",
        "denomination": "sunni",
        "name": "Masjid Ar-Rahmah",
        "religion": "muslim",
        "website": "https://masjidrahmah.co.uk/",
        "@geometry": "center"
      },
      "geometry": {
        "type": "Point",
        "coordinates": [
          -1.3923797,
          50.9124364
        ]
      },
      "id": "way/190114300"
    },
    {
      "type": "Feature",
      "properties": {
        "@id": "node/190396731",
        "addr:city": "Leicester",
        "addr:country": "GB",
        "addr:housenumber": "1",
        "addr:postcode": "LE5 2EP",
        "addr:street": "Gervas Road",
        "addr:suburb": "Humberstone",
        "amenity": "place_of_worship",
        "denomination": "sunni",
        "name": "Darul Ihsaan",
        "religion": "muslim"
      },
      "geometry": {
        "type": "Point",
        "coordinates": [
          -1.0683882,
          52.6402022
        ]
      },
      "id": "node/190396731"
    },
    {
      "type": "Feature",
      "properties": {
        "@id": "way/190426345",
        "addr:city": "Loughborough",
        "addr:country": "GB",
        "addr:county": "Leicestershire",
        "addr:housenumber": "83-85",
        "addr:postcode": "LE11 1SB",
        "addr:street": "King Street",
        "amenity": "place_of_worship",
        "building": "yes",
        "capacity": "540",
        "denomination": "sunni",
        "name": "Loughborough Mosque and Islamic Cultural Association",
        "note": "Bangladeshi",
        "phone": "+44 1509 214500",
        "religion": "muslim",
        "source": "Bing",
        "@geometry": "center"
      },
      "geometry": {
        "type": "Point",
        "coordinates": [
          -1.1981466,
          52.7695431
        ]
      },
      "id": "way/190426345"
    },
    {
      "type": "Feature",
      "properties": {
        "@id": "way/190840560",
        "addr:city": "Basingstoke",
        "addr:housenumber": "35-37",
        "addr:postcode": "RG21 8SS",
        "addr:street": "Sarum Hill",
        "amenity": "place_of_worship",
        "building": "yes",
        "name": "Basingstoke Mosque",
        "religion": "muslim",
        "website": "https://albirr.com",
        "@geometry": "center"
      },
      "geometry": {
        "type": "Point",
        "coordinates": [
          -1.0923195,
          51.2635076
        ]
      },
      "id": "way/190840560"
    },
    {
      "type": "Feature",
      "properties": {
        "@id": "way/192337758",
        "addr:city": "London",
        "addr:housenumber": "256",
        "addr:postcode": "E1 3DW",
        "addr:street": "Stepney Way",
        "amenity": "place_of_worship",
        "building": "yes",
        "name": "Redcoat Community Centre and Mosque",
        "religion": "muslim",
        "source": "Bing;survey",
        "@geometry": "center"
      },
      "geometry": {
        "type": "Point",
        "coordinates": [
          -0.0484559,
          51.5165909
        ]
      },
      "id": "way/192337758"
    },
    {
      "type": "Feature",
      "properties": {
        "@id": "way/193318315",
        "addr:city": "Norwich",
        "addr:housenumber": "17",
        "addr:postcode": "NR2 1SF",
        "addr:street": "Chapelfield East",
        "alt_name": "Ihsan Mosque Norwich",
        "amenity": "place_of_worship",
        "building": "mosque",
        "denomination": "sunni",
        "female": "yes",
        "fhrs:id": "918743",
        "name": "The Ihsan Mosque and Islamic Centre",
        "note": "query operator: their website gives bank details for Blackstone Foundation for donations, but charity commission shows no income for several years. alt_name is their style on the website: check on the ground",
        "operator": "Blackstone Foundation",
        "operator:type": "charity",
        "prayer_times:url": "https://ihsanmosque.com/prayer-times/",
        "ref:GB-EAW:charity": "1027789",
        "religion": "muslim",
        "website": "http://muslimsofnorwich.org.uk/",
        "@geometry": "center"
      },
      "geometry": {
        "type": "Point",
        "coordinates": [
          1.2890366,
          52.6271996
        ]
      },
      "id": "way/193318315"
    },
    {
      "type": "Feature",
      "properties": {
        "@id": "way/194109868",
        "addr:city": "Birmingham",
        "addr:housenumber": "111",
        "addr:postcode": "B11 1UG",
        "addr:street": "Medlicott Road",
        "amenity": "place_of_worship",
        "building": "mosque",
        "name": "ShahJahil Jami Masjid",
        "religion": "muslim",
        "source": "bing",
        "@geometry": "center"
      },
      "geometry": {
        "type": "Point",
        "coordinates": [
          -1.8667081,
          52.4579276
        ]
      },
      "id": "way/194109868"
    },
    {
      "type": "Feature",
      "properties": {
        "@id": "way/194257865",
        "addr:street": "Hopwood Lane",
        "amenity": "place_of_worship",
        "building": "yes",
        "name": "Jamia Masjid Ahl-e-hadith",
        "religion": "muslim",
        "source": "Bing",
        "@geometry": "center"
      },
      "geometry": {
        "type": "Point",
        "coordinates": [
          -1.8857899,
          53.7197575
        ]
      },
      "id": "way/194257865"
    },
    {
      "type": "Feature",
      "properties": {
        "@id": "way/195584331",
        "addr:city": "Leicester",
        "addr:housenumber": "21",
        "addr:postcode": "LE2 0NQ",
        "addr:street": "Tichborne Street",
        "amenity": "place_of_worship",
        "building": "yes",
        "denomination": "sunni",
        "name": "Markaz Quba",
        "phone": "+44 116 319 0220",
        "religion": "muslim",
        "source": "Bing",
        "@geometry": "center"
      },
      "geometry": {
        "type": "Point",
        "coordinates": [
          -1.1188467,
          52.6285756
        ]
      },
      "id": "way/195584331"
    },
    {
      "type": "Feature",
      "properties": {
        "@id": "way/196201781",
        "addr:city": "Leicester",
        "addr:housenumber": "42-54",
        "addr:postcode": "LE5 4BG",
        "addr:street": "Smith Dorrien Road",
        "alt_name": "Masjid e Ali",
        "amenity": "place_of_worship",
        "building": "yes",
        "denomination": "sunni",
        "female": "no",
        "layer": "1",
        "male": "yes",
        "name": "Masjid Ali",
        "phone": "+44 116 274 2366",
        "religion": "muslim",
        "subdenomination": "deobandi",
        "@geometry": "center"
      },
      "geometry": {
        "type": "Point",
        "coordinates": [
          -1.0942112,
          52.6395135
        ]
      },
      "id": "way/196201781"
    },
    {
      "type": "Feature",
      "properties": {
        "@id": "way/196542658",
        "alt_name": "Dar ul Aloom Qadmia Jilamia",
        "amenity": "place_of_worship",
        "building": "yes",
        "name": "Dar al Aloom Qadmia Jilamia",
        "note": "Religious instruction.",
        "religion": "muslim",
        "@geometry": "center"
      },
      "geometry": {
        "type": "Point",
        "coordinates": [
          -0.0145515,
          51.5837676
        ]
      },
      "id": "way/196542658"
    },
    {
      "type": "Feature",
      "properties": {
        "@id": "way/196901840",
        "addr:city": "Manchester",
        "addr:housename": "Darul Amaan Mosque",
        "addr:housenumber": "15",
        "addr:postcode": "M15 6NQ",
        "addr:street": "Greenheys Lane",
        "alt_name": "Dar-ul-Amaan Mosque",
        "alt_name:en": "Darul Aman",
        "amenity": "place_of_worship",
        "building": "mosque",
        "denomination": "ahmadiyya",
        "name": "Darul Amaan Mosque",
        "name:ar": "مسجد دارألامان",
        "name:ur": "مسجد دارالامان",
        "ref:GB:uprn": "10024150242;10070867246",
        "religion": "muslim",
        "toilets:wheelchair": "yes",
        "wheelchair": "yes",
        "wikidata": "Q23305440",
        "wikipedia": "en:Darul Amaan Mosque",
        "@geometry": "center"
      },
      "geometry": {
        "type": "Point",
        "coordinates": [
          -2.2394218,
          53.4621579
        ]
      },
      "id": "way/196901840"
    },
    {
      "type": "Feature",
      "properties": {
        "@id": "way/196905252",
        "addr:country": "GB",
        "addr:housenumber": "26a",
        "addr:street": "Mansfield Road",
        "amenity": "place_of_worship",
        "building": "yes",
        "name": "Masjid Abu Bakr",
        "religion": "muslim",
        "website": "https://masjidabubakr.co.uk/",
        "@geometry": "center"
      },
      "geometry": {
        "type": "Point",
        "coordinates": [
          -0.0274884,
          51.584883
        ]
      },
      "id": "way/196905252"
    },
    {
      "type": "Feature",
      "properties": {
        "@id": "way/197062685",
        "amenity": "place_of_worship",
        "building": "yes",
        "name": "Central Jamia Mosque & Madrisa (Highfield Branch)",
        "religion": "muslim",
        "source": "Bing;local_knowledge",
        "@geometry": "center"
      },
      "geometry": {
        "type": "Point",
        "coordinates": [
          -1.9104665,
          53.8686784
        ]
      },
      "id": "way/197062685"
    },
    {
      "type": "Feature",
      "properties": {
        "@id": "way/197062689",
        "addr:city": "Keighley",
        "addr:postcode": "BD21 2AH",
        "amenity": "place_of_worship",
        "building": "yes",
        "name": "Shahjalal Jami Masjid & Jamia Quraniah",
        "religion": "muslim",
        "source": "Bing;local_knowledge",
        "website": "http://www.shahjalalmasjidkeighley.co.uk/",
        "@geometry": "center"
      },
      "geometry": {
        "type": "Point",
        "coordinates": [
          -1.9105039,
          53.8667085
        ]
      },
      "id": "way/197062689"
    },
    {
      "type": "Feature",
      "properties": {
        "@id": "way/198717337",
        "addr:country": "GB",
        "addr:housenumber": "7-8",
        "addr:street": "Vestry Road",
        "amenity": "place_of_worship",
        "building": "yes",
        "denomination": "shia",
        "name": "Sakina Trust Centre",
        "religion": "muslim",
        "@geometry": "center"
      },
      "geometry": {
        "type": "Point",
        "coordinates": [
          -0.0131196,
          51.5829834
        ]
      },
      "id": "way/198717337"
    },
    {
      "type": "Feature",
      "properties": {
        "@id": "way/199746713",
        "addr:city": "Corby",
        "addr:housenumber": "33",
        "addr:postcode": "NN17 1RL",
        "addr:street": "Stuart Road",
        "amenity": "place_of_worship",
        "building": "church",
        "denomination": "sunni",
        "name": "Corby Central Masjid",
        "religion": "muslim",
        "@geometry": "center"
      },
      "geometry": {
        "type": "Point",
        "coordinates": [
          -0.6976383,
          52.4877932
        ]
      },
      "id": "way/199746713"
    },
    {
      "type": "Feature",
      "properties": {
        "@id": "way/200055168",
        "addr:city": "Edgware",
        "addr:country": "GB",
        "addr:housenumber": "9a-d",
        "addr:postcode": "HA8 9BE",
        "addr:street": "Deansbrook Road",
        "amenity": "place_of_worship",
        "building": "yes",
        "name": "Islamic Centre of Edgware",
        "religion": "muslim",
        "website": "https://islamiccentreedgware.org/",
        "@geometry": "center"
      },
      "geometry": {
        "type": "Point",
        "coordinates": [
          -0.2737492,
          51.6080025
        ]
      },
      "id": "way/200055168"
    },
    {
      "type": "Feature",
      "properties": {
        "@id": "way/201227502",
        "amenity": "place_of_worship",
        "building": "yes",
        "name": "Firdaws Mosque",
        "religion": "muslim",
        "source": "Bing",
        "@geometry": "center"
      },
      "geometry": {
        "type": "Point",
        "coordinates": [
          -1.7481566,
          53.7885835
        ]
      },
      "id": "way/201227502"
    },
    {
      "type": "Feature",
      "properties": {
        "@id": "way/201280115",
        "amenity": "place_of_worship",
        "building": "yes",
        "denomination": "sunni",
        "name": "Adam Masjid",
        "religion": "muslim",
        "source": "Bing",
        "@geometry": "center"
      },
      "geometry": {
        "type": "Point",
        "coordinates": [
          -1.7829138,
          53.797728
        ]
      },
      "id": "way/201280115"
    },
    {
      "type": "Feature",
      "properties": {
        "@id": "way/201449895",
        "amenity": "place_of_worship",
        "building": "yes",
        "name": "Al-Hikam Institute",
        "religion": "muslim",
        "@geometry": "center"
      },
      "geometry": {
        "type": "Point",
        "coordinates": [
          -1.7960837,
          53.7997419
        ]
      },
      "id": "way/201449895"
    },
    {
      "type": "Feature",
      "properties": {
        "@id": "way/202192052",
        "addr:city": "London",
        "addr:postcode": "N12 0DA",
        "addr:street": "High Road",
        "amenity": "place_of_worship",
        "building": "yes",
        "name": "North Finchley Mosque",
        "ref:GB:uprn": "200140893;200212710",
        "religion": "muslim",
        "@geometry": "center"
      },
      "geometry": {
        "type": "Point",
        "coordinates": [
          -0.1761317,
          51.6114439
        ]
      },
      "id": "way/202192052"
    },
    {
      "type": "Feature",
      "properties": {
        "@id": "way/202721100",
        "addr:city": "London",
        "addr:housename": "Ahmadiyya Muslim Association",
        "addr:housenumber": "67",
        "addr:postcode": "E17 6SA",
        "addr:street": "Erskine Road",
        "alt_name": "Baitul Ahad Mosque;Bait-ul-Ahad;Bait-ul-Ahad Mosque",
        "alt_name:ur": "مسجد بیت الاحد",
        "amenity": "place_of_worship",
        "building": "apartments",
        "denomination": "ahmadiyya",
        "name": "Baitul Ahad",
        "name:ur": "بیت الاحد",
        "religion": "muslim",
        "@geometry": "center"
      },
      "geometry": {
        "type": "Point",
        "coordinates": [
          -0.0269418,
          51.5873716
        ]
      },
      "id": "way/202721100"
    },
    {
      "type": "Feature",
      "properties": {
        "@id": "way/203361356",
        "addr:city": "Leicester",
        "addr:housenumber": "1",
        "addr:postcode": "LE1 2HX",
        "addr:street": "Kamloops Crescent",
        "alt_name": "ACCA Furqan",
        "amenity": "place_of_worship",
        "building": "industrial",
        "denomination": "sunni",
        "female": "yes",
        "male": "yes",
        "name": "Masjid Al-Furqan",
        "religion": "muslim",
        "source": "Bing",
        "@geometry": "center"
      },
      "geometry": {
        "type": "Point",
        "coordinates": [
          -1.125745,
          52.640796
        ]
      },
      "id": "way/203361356"
    },
    {
      "type": "Feature",
      "properties": {
        "@id": "way/204180729",
        "addr:city": "Nottingham",
        "addr:housenumber": "54",
        "addr:postcode": "NG2 4HE",
        "addr:street": "Sneinton Dale",
        "amenity": "place_of_worship",
        "building": "pub",
        "name": "Jamia Masjid Sultania And Education Centre",
        "religion": "muslim",
        "source": "NCC Open Data",
        "source:building": "Bing",
        "@geometry": "center"
      },
      "geometry": {
        "type": "Point",
        "coordinates": [
          -1.1259401,
          52.9519869
        ]
      },
      "id": "way/204180729"
    },
    {
      "type": "Feature",
      "properties": {
        "@id": "way/204545976",
        "amenity": "place_of_worship",
        "building": "yes",
        "name": "Shahporan Masjid",
        "ref:GB:uprn": "77149272",
        "religion": "muslim",
        "@geometry": "center"
      },
      "geometry": {
        "type": "Point",
        "coordinates": [
          -2.2018544,
          53.4508796
        ]
      },
      "id": "way/204545976"
    },
    {
      "type": "Feature",
      "properties": {
        "@id": "way/204657583",
        "addr:city": "Manchester",
        "addr:housenumber": "50A",
        "addr:postcode": "M13 0WN",
        "addr:street": "Birch Lane",
        "amenity": "place_of_worship",
        "building": "mosque",
        "denomination": "sunni",
        "name": "Manchester Jame Masjid",
        "operator": "MANCHESTER JAME MASJID AND CULTURAL CENTRE",
        "prayer_times:url": "https://manchesterjamemasjid.com/timetable/",
        "ref:GB-EAW:charity": "1177124",
        "ref:GB:uprn": "77152524",
        "religion": "muslim",
        "website": "https://manchesterjamemasjid.com/",
        "@geometry": "center"
      },
      "geometry": {
        "type": "Point",
        "coordinates": [
          -2.2054527,
          53.4570834
        ]
      },
      "id": "way/204657583"
    },
    {
      "type": "Feature",
      "properties": {
        "@id": "way/205770893",
        "addr:city": "Banbury",
        "addr:housename": "Banbury Makkah Masjid",
        "addr:postcode": "OX16 0BP",
        "addr:street": "Boxhedge Road",
        "amenity": "place_of_worship",
        "building": "church",
        "denomination": "sunni",
        "name": "Banbury Makkah Masjid",
        "religion": "muslim",
        "source": "website",
        "source:geometry": "Bing",
        "website": "https://banburymadnimasjid.com",
        "@geometry": "center"
      },
      "geometry": {
        "type": "Point",
        "coordinates": [
          -1.3461983,
          52.0633073
        ]
      },
      "id": "way/205770893"
    },
    {
      "type": "Feature",
      "properties": {
        "@id": "way/206255283",
        "addr:city": "Aberystwyth",
        "addr:street": "Llanbadarn Road",
        "alt_name": "Aberystwyth Mosque",
        "amenity": "place_of_worship",
        "building": "yes",
        "check_date": "2025-03-16",
        "contact:facebook": "https://www.facebook.com/aberystwythmosque/",
        "name": "Aberystwyth Masjid",
        "religion": "muslim",
        "@geometry": "center"
      },
      "geometry": {
        "type": "Point",
        "coordinates": [
          -4.0747863,
          52.412773
        ]
      },
      "id": "way/206255283"
    },
    {
      "type": "Feature",
      "properties": {
        "@id": "way/208245274",
        "amenity": "place_of_worship",
        "building": "yes",
        "religion": "muslim",
        "@geometry": "center"
      },
      "geometry": {
        "type": "Point",
        "coordinates": [
          -2.1060838,
          53.4861233
        ]
      },
      "id": "way/208245274"
    },
    {
      "type": "Feature",
      "properties": {
        "@id": "way/208354540",
        "addr:city": "Ipswich",
        "addr:housenumber": "32-36",
        "addr:postcode": "IP4 1JE",
        "addr:street": "Bond Street",
        "alt_name": "Suffolk Muslim Centre",
        "amenity": "place_of_worship",
        "building": "yes",
        "denomination": "sunni",
        "name": "Ipswich Mosque",
        "note": "Multiple signs with various names. Most prominent is Suffolk Muslim Centre, inc Ipswich Mosque as a subtitle below it. Ipswich Mosque most numerous and apparently habitual",
        "operator": "Ipswich & Suffolk Bangladeshi Muslim Community Centre and Mosque",
        "phone": "+44 1473 226879",
        "prayer_times:url": "https://www.ipswichmosque.org/prayer_time.php",
        "ref:GB-EAW:charity": "1104877",
        "ref:GB-EAW:company": "04261698",
        "religion": "muslim",
        "subdenomination": "deobandi",
        "type": "multipolygon",
        "website": "https://www.ipswichmosque.org/",
        "@geometry": "center"
      },
      "geometry": {
        "type": "Point",
        "coordinates": [
          1.1601487,
          52.055926
        ]
      },
      "id": "way/208354540"
    },
    {
      "type": "Feature",
      "properties": {
        "@id": "way/210529380",
        "addr:city": "Nottingham",
        "addr:postcode": "NG9 2EU",
        "addr:street": "Evelyn Street",
        "addr:suburb": "Beeston",
        "amenity": "place_of_worship",
        "building": "yes",
        "name": "Beeston Muslim Centre",
        "ref:GB:uprn": "10002216671",
        "religion": "muslim",
        "source": "survey;Bing",
        "@geometry": "center"
      },
      "geometry": {
        "type": "Point",
        "coordinates": [
          -1.2048107,
          52.9277725
        ]
      },
      "id": "way/210529380"
    },
    {
      "type": "Feature",
      "properties": {
        "@id": "way/212743071",
        "addr:city": "Cambridge",
        "addr:postcode": "CB4 2PF",
        "addr:street": "Kirkwood Road",
        "amenity": "place_of_worship",
        "building": "mosque",
        "check_date": "2026-09-07",
        "denomination": "sunni",
        "name": "Omar Faruque Mosque and Cultural Centre",
        "prayer_times:url": "http://omarfaruquemosque.org.uk",
        "ref:GB-EAW:charity": "1117040",
        "ref:GB-EAW:rpow": "82874",
        "religion": "muslim",
        "source": "aerials;almost_survey",
        "website": "http://omarfaruquemosque.org.uk/",
        "@geometry": "center"
      },
      "geometry": {
        "type": "Point",
        "coordinates": [
          0.1357544,
          52.2320251
        ]
      },
      "id": "way/212743071"
    },
    {
      "type": "Feature",
      "properties": {
        "@id": "way/213185512",
        "addr:city": "Lincoln",
        "addr:postcode": "LN6 7DA",
        "amenity": "place_of_worship",
        "building": "yes",
        "ref:GB:uprn": "235046620",
        "religion": "muslim",
        "@geometry": "center"
      },
      "geometry": {
        "type": "Point",
        "coordinates": [
          -0.5445179,
          53.2305857
        ]
      },
      "id": "way/213185512"
    },
    {
      "type": "Feature",
      "properties": {
        "@id": "way/215451913",
        "amenity": "place_of_worship",
        "building": "mosque",
        "name": "Markazi Mosque",
        "religion": "muslim",
        "wikipedia": "en:Markazi mosque",
        "@geometry": "center"
      },
      "geometry": {
        "type": "Point",
        "coordinates": [
          -1.6281319,
          53.6810094
        ]
      },
      "id": "way/215451913"
    },
    {
      "type": "Feature",
      "properties": {
        "@id": "way/215452110",
        "amenity": "place_of_worship",
        "building": "yes",
        "name": "Masjid e Zakaria",
        "religion": "muslim",
        "@geometry": "center"
      },
      "geometry": {
        "type": "Point",
        "coordinates": [
          -1.6312226,
          53.6839928
        ]
      },
      "id": "way/215452110"
    },
    {
      "type": "Feature",
      "properties": {
        "@id": "way/217435181",
        "addr:city": "Coventry",
        "addr:street": "George Street",
        "amenity": "place_of_worship",
        "building": "yes",
        "name": "Jamia Mosque",
        "religion": "muslim",
        "@geometry": "center"
      },
      "geometry": {
        "type": "Point",
        "coordinates": [
          -1.502865,
          52.4177165
        ]
      },
      "id": "way/217435181"
    },
    {
      "type": "Feature",
      "properties": {
        "@id": "way/217567659",
        "addr:city": "London",
        "addr:country": "GB",
        "addr:housenumber": "8",
        "addr:postcode": "E17 3JZ",
        "addr:street": "Corbett Road",
        "addr:suburb": "Walthamstow",
        "amenity": "place_of_worship",
        "building": "yes",
        "name": "Faizan-e-Islam Centre",
        "religion": "muslim",
        "source": "survey",
        "@geometry": "center"
      },
      "geometry": {
        "type": "Point",
        "coordinates": [
          -0.003659,
          51.5900857
        ]
      },
      "id": "way/217567659"
    },
    {
      "type": "Feature",
      "properties": {
        "@id": "way/218636830",
        "addr:city": "Great Yarmouth",
        "addr:housenumber": "39",
        "addr:postcode": "NR30 1BH",
        "alt_name": "Masjid At-Tauwheed",
        "amenity": "place_of_worship",
        "building": "yes",
        "denomination": "sunni",
        "name": "Masjid-at-Tauwheed Mosque",
        "name:ar": "مسجد التوحيد",
        "operator": "Norfolk and Suffolk Islamic Mission",
        "prayer_times:syndicator": "masjidbox",
        "prayer_times:url": "masjidtauwheed.co.uk",
        "ref:GB-EAW:charity": "1017587",
        "ref:GB-EAW:rpow": "84028",
        "religion": "muslim",
        "website": "https://masjidtauwheed.co.uk",
        "@geometry": "center"
      },
      "geometry": {
        "type": "Point",
        "coordinates": [
          1.7265192,
          52.6133455
        ]
      },
      "id": "way/218636830"
    },
    {
      "type": "Feature",
      "properties": {
        "@id": "way/220751030",
        "addr:city": "Grantham",
        "addr:housenumber": "7",
        "addr:postcode": "NG31 6RE",
        "addr:street": "Elmer Street North",
        "alt_name": "GMCA",
        "amenity": "place_of_worship",
        "building": "yes",
        "name": "Grantham Islamic Centre",
        "ref:GB:uprn": "100032254685",
        "religion": "muslim",
        "@geometry": "center"
      },
      "geometry": {
        "type": "Point",
        "coordinates": [
          -0.641504,
          52.9127955
        ]
      },
      "id": "way/220751030"
    },
    {
      "type": "Feature",
      "properties": {
        "@id": "way/221529835",
        "addr:city": "Nottingham",
        "addr:housenumber": "379",
        "addr:postcode": "NG7 7EU",
        "addr:street": "Nottingham Road",
        "amenity": "place_of_worship",
        "building": "yes",
        "disused:amenity": "church_hall",
        "email": "basfordculturecentre@hotmail.com",
        "mobile": "+44 7970 970205",
        "name": "Basford Culture Centre",
        "old_name": "Saint Leodegarius Church Hall",
        "ref:GB:uprn": "200001392857",
        "religion": "muslim",
        "source": "survey;local knowledge",
        "source:building": "Bing",
        "website": "https://basfordcc.org/",
        "@geometry": "center"
      },
      "geometry": {
        "type": "Point",
        "coordinates": [
          -1.1724348,
          52.97942
        ]
      },
      "id": "way/221529835"
    },
    {
      "type": "Feature",
      "properties": {
        "@id": "way/222044089",
        "addr:city": "Nottingham",
        "addr:housenumber": "398",
        "addr:postcode": "NG7 5NG",
        "addr:street": "Alfreton Road",
        "amenity": "place_of_worship",
        "building": "yes",
        "name": "Masjid Umar",
        "old_amenity": "pub",
        "old_name": "Le Grand",
        "ref:GB:uprn": "10000134727;100032129887;100031511382",
        "religion": "muslim",
        "source": "survey",
        "source:addr": "NCC Open Data",
        "website": "https://www.masjidumar.org.uk/",
        "@geometry": "center"
      },
      "geometry": {
        "type": "Point",
        "coordinates": [
          -1.178144,
          52.9643126
        ]
      },
      "id": "way/222044089"
    },
    {
      "type": "Feature",
      "properties": {
        "@id": "way/222442853",
        "addr:city": "Glasgow",
        "addr:housenumber": "1",
        "addr:postcode": "G5 9TA",
        "addr:street": "Mosque Avenue",
        "addr:suburb": "Gorbals",
        "amenity": "place_of_worship",
        "building": "mosque",
        "denomination": "sunni",
        "female": "yes",
        "height": "3",
        "heritage": "2",
        "heritage:operator": "Historic Environment Scotland",
        "name": "Glasgow Central Mosque",
        "operator": "Jamiat Ittihad-Ul-Muslimin",
        "ref:GB-SCT:charity": "SC013142",
        "ref:GB:hs": "LB52642",
        "religion": "muslim",
        "source": "OS OpenData StreetView",
        "website": "https://centralmosque.co.uk/",
        "wikidata": "Q3493426",
        "wikipedia": "en:Glasgow Central Mosque",
        "@geometry": "center"
      },
      "geometry": {
        "type": "Point",
        "coordinates": [
          -4.2509527,
          55.852444
        ]
      },
      "id": "way/222442853"
    },
    {
      "type": "Feature",
      "properties": {
        "@id": "way/224279521",
        "amenity": "place_of_worship",
        "building": "mosque",
        "religion": "muslim",
        "source": "visual survey; bing",
        "@geometry": "center"
      },
      "geometry": {
        "type": "Point",
        "coordinates": [
          -1.9431681,
          52.4869188
        ]
      },
      "id": "way/224279521"
    },
    {
      "type": "Feature",
      "properties": {
        "@id": "way/224540651",
        "addr:city": "Shipley",
        "addr:postcode": "BD18 3ED",
        "addr:street": "Bradford Road",
        "amenity": "place_of_worship",
        "building": "yes",
        "fhrs:id": "327526",
        "name": "Markaz Al-Furqaan",
        "religion": "muslim",
        "source": "Bing",
        "source:addr": "FHRS Open Data",
        "@geometry": "center"
      },
      "geometry": {
        "type": "Point",
        "coordinates": [
          -1.7838795,
          53.8310524
        ]
      },
      "id": "way/224540651"
    },
    {
      "type": "Feature",
      "properties": {
        "@id": "node/224748434",
        "amenity": "place_of_worship",
        "name": "Masjid Umar",
        "religion": "muslim"
      },
      "geometry": {
        "type": "Point",
        "coordinates": [
          -1.4565333,
          53.4044437
        ]
      },
      "id": "node/224748434"
    },
    {
      "type": "Feature",
      "properties": {
        "@id": "way/224884567",
        "addr:city": "London",
        "addr:housenumber": "53-55",
        "addr:postcode": "E2 7DJ",
        "addr:street": "Redchurch Street",
        "amenity": "place_of_worship",
        "building": "yes",
        "building:colour": "brown",
        "building:levels": "3",
        "building:material": "brick",
        "name": "Shoreditch Masjid Trust",
        "religion": "muslim",
        "roof:colour": "darkgrey",
        "wheelchair": "limited",
        "@geometry": "center"
      },
      "geometry": {
        "type": "Point",
        "coordinates": [
          -0.0747866,
          51.5245585
        ]
      },
      "id": "way/224884567"
    },
    {
      "type": "Feature",
      "properties": {
        "@id": "way/225473030",
        "amenity": "place_of_worship",
        "building": "church",
        "religion": "muslim",
        "@geometry": "center"
      },
      "geometry": {
        "type": "Point",
        "coordinates": [
          -3.990526,
          51.6143218
        ]
      },
      "id": "way/225473030"
    },
    {
      "type": "Feature",
      "properties": {
        "@id": "way/225523591",
        "amenity": "place_of_worship",
        "building": "yes",
        "name": "Jamiyat Tabligh-Ul-Islam Mosque",
        "religion": "muslim",
        "@geometry": "center"
      },
      "geometry": {
        "type": "Point",
        "coordinates": [
          -1.8071553,
          53.8168612
        ]
      },
      "id": "way/225523591"
    },
    {
      "type": "Feature",
      "properties": {
        "@id": "way/225682244",
        "addr:city": "Newcastle-under-Lyme",
        "addr:housename": "The Holborn",
        "addr:postcode": "ST5 2SX",
        "addr:street": "Castle Hill Road",
        "amenity": "place_of_worship",
        "building": "yes",
        "denomination": "sunni",
        "name": "Bright Education and Cultural Association",
        "phone": "+44 7471 983940",
        "religion": "muslim",
        "website": "https://brighteducation.org.uk/",
        "@geometry": "center"
      },
      "geometry": {
        "type": "Point",
        "coordinates": [
          -2.2318334,
          53.0124984
        ]
      },
      "id": "way/225682244"
    },
    {
      "type": "Feature",
      "properties": {
        "@id": "way/225726609",
        "addr:city": "Croydon",
        "addr:housenumber": "170",
        "addr:postcode": "CR0 3LE",
        "addr:street": "Handcroft Road",
        "amenity": "place_of_worship",
        "building": "yes",
        "email": "info@shahjalalmosque.co.uk",
        "facebook": "https://www.facebook.com/shahjalalmasjidcroydon/",
        "name": "Shahjalal masjid",
        "religion": "muslim",
        "website": "https://shahjalalmosque.co.uk/",
        "@geometry": "center"
      },
      "geometry": {
        "type": "Point",
        "coordinates": [
          -0.1086315,
          51.3836264
        ]
      },
      "id": "way/225726609"
    },
    {
      "type": "Feature",
      "properties": {
        "@id": "way/226613539",
        "amenity": "place_of_worship",
        "building": "yes",
        "name": "Jemia Mosque",
        "religion": "muslim",
        "source": "Bing;survey",
        "@geometry": "center"
      },
      "geometry": {
        "type": "Point",
        "coordinates": [
          -1.3643398,
          53.4310666
        ]
      },
      "id": "way/226613539"
    },
    {
      "type": "Feature",
      "properties": {
        "@id": "way/226676129",
        "addr:city": "Birmingham",
        "addr:housenumber": "221",
        "addr:postcode": "B27 6ET",
        "addr:street": "Alexander Road",
        "amenity": "place_of_worship",
        "building": "residential",
        "building:levels": "2",
        "name": "Madrassa Islamia Razvia (reg)",
        "religion": "muslim",
        "source": "OS_OpenData_StreetView",
        "@geometry": "center"
      },
      "geometry": {
        "type": "Point",
        "coordinates": [
          -1.8278346,
          52.4525407
        ]
      },
      "id": "way/226676129"
    },
    {
      "type": "Feature",
      "properties": {
        "@id": "way/227179456",
        "addr:city": "Oxford",
        "addr:housenumber": "1",
        "addr:postcode": "OX4 2EN",
        "addr:street": "Oxford Road",
        "amenity": "place_of_worship",
        "building": "yes",
        "check_date": "2025-03-22",
        "denomination": "shia",
        "name": "Ahlul Bayt Centre",
        "operator": "Ahlul Bayt Centre Oxford",
        "ref:GB:uprn": "100120848391;10091103032",
        "religion": "muslim",
        "source:building": "Bing",
        "website": "http://www.ahlulbaytcentreoxford.co.uk/",
        "@geometry": "center"
      },
      "geometry": {
        "type": "Point",
        "coordinates": [
          -1.219508,
          51.7382063
        ]
      },
      "id": "way/227179456"
    },
    {
      "type": "Feature",
      "properties": {
        "@id": "way/227417956",
        "addr:city": "Croydon",
        "addr:housename": "Ahmadiyya Muslim Association",
        "addr:housenumber": "59",
        "addr:postcode": "CR0 2US",
        "addr:street": "St James Road",
        "alt_name": "Baitus Subhan;Bait-Us-Subhan;Bait-Us-Subhan Mosque",
        "alt_name:ur": "بیت السبحان",
        "amenity": "place_of_worship",
        "building": "yes",
        "denomination": "ahmadiyya",
        "name": "Baitus Subhan Mosque",
        "name:ur": "مسجد بیت السبحان",
        "ref:GB:uprn": "100022904427",
        "religion": "muslim",
        "@geometry": "center"
      },
      "geometry": {
        "type": "Point",
        "coordinates": [
          -0.1037258,
          51.3839835
        ]
      },
      "id": "way/227417956"
    },
    {
      "type": "Feature",
      "properties": {
        "@id": "way/227651356",
        "addr:city": "Winchester",
        "addr:country": "GB",
        "addr:housenumber": "55",
        "addr:place": "Hyde",
        "addr:postcode": "SO23 7DY",
        "addr:street": "Hyde Street",
        "amenity": "place_of_worship",
        "building": "yes",
        "denomination": "sunni",
        "name": "Winchester Islamic Centre",
        "religion": "muslim",
        "website": "https://www.winchestermuslims.org.uk/",
        "wikidata": "Q26633876",
        "@geometry": "center"
      },
      "geometry": {
        "type": "Point",
        "coordinates": [
          -1.3147683,
          51.0693816
        ]
      },
      "id": "way/227651356"
    },
    {
      "type": "Feature",
      "properties": {
        "@id": "way/228486383",
        "addr:city": "Nottingham",
        "addr:housenumber": "24",
        "addr:postcode": "NG7 6GA",
        "addr:street": "Gladstone Street",
        "alt_name": "Jami Masjid, Muslim Foundation & Dar ul 'Uloom",
        "amenity": "place_of_worship",
        "building": "yes",
        "name": "Jami Masjid",
        "old_name": "Gurdwara Baba Budha Ji",
        "old_religion": "sikh",
        "ref:GB:uprn": "200001381511;10023985858;10023985857",
        "religion": "muslim",
        "source": "survey",
        "@geometry": "center"
      },
      "geometry": {
        "type": "Point",
        "coordinates": [
          -1.1738295,
          52.9709277
        ]
      },
      "id": "way/228486383"
    },
    {
      "type": "Feature",
      "properties": {
        "@id": "way/228867524",
        "amenity": "place_of_worship",
        "building": "yes",
        "name": "Masjid Imam Ali",
        "religion": "muslim",
        "@geometry": "center"
      },
      "geometry": {
        "type": "Point",
        "coordinates": [
          -0.3195106,
          51.5571072
        ]
      },
      "id": "way/228867524"
    },
    {
      "type": "Feature",
      "properties": {
        "@id": "way/229364057",
        "addr:city": "Airdrie",
        "addr:housenumber": "41",
        "addr:postcode": "ML6 0BS",
        "addr:street": "Bell Street",
        "amenity": "place_of_worship",
        "building": "yes",
        "name": "Airdrie & Coatbridge Islamic Centre",
        "religion": "muslim",
        "@geometry": "center"
      },
      "geometry": {
        "type": "Point",
        "coordinates": [
          -3.9849344,
          55.8666552
        ]
      },
      "id": "way/229364057"
    },
    {
      "type": "Feature",
      "properties": {
        "@id": "way/231275929",
        "addr:city": "London",
        "addr:housenumber": "91-93",
        "addr:postcode": "N7 0LP",
        "addr:street": "Parkhurst Road",
        "amenity": "place_of_worship",
        "building": "yes",
        "name": "Al-Risaalah Mosque & Islington Islamic Centre",
        "name:fa": "مسجد الرساله و مرکز اسلامی ایسلینگتون",
        "ref:GB:uprn": "10094610858;10094610859;5300071323",
        "religion": "muslim",
        "website": "http://al-risaalah.org",
        "@geometry": "center"
      },
      "geometry": {
        "type": "Point",
        "coordinates": [
          -0.1202505,
          51.5575487
        ]
      },
      "id": "way/231275929"
    },
    {
      "type": "Feature",
      "properties": {
        "@id": "way/232214059",
        "addr:city": "Glasgow",
        "addr:postcode": "G41 2TA",
        "amenity": "place_of_worship",
        "building": "church",
        "ref:GB:uprn": "906700351268",
        "religion": "muslim",
        "source": "OS_OpenData_StreetView;bing",
        "@geometry": "center"
      },
      "geometry": {
        "type": "Point",
        "coordinates": [
          -4.2699656,
          55.8426216
        ]
      },
      "id": "way/232214059"
    },
    {
      "type": "Feature",
      "properties": {
        "@id": "way/232368175",
        "addr:city": "Birmingham",
        "addr:housenumber": "113-115",
        "addr:postcode": "B14 7TA",
        "addr:street": "Station Road",
        "amenity": "place_of_worship",
        "building": "mosque",
        "name": "Kings Heath Mosque",
        "phone": "+44 121 444 8988",
        "religion": "muslim",
        "@geometry": "center"
      },
      "geometry": {
        "type": "Point",
        "coordinates": [
          -1.896777,
          52.4359555
        ]
      },
      "id": "way/232368175"
    },
    {
      "type": "Feature",
      "properties": {
        "@id": "way/234425713",
        "addr:city": "Southall",
        "addr:housename": "Ahmadiyya Muslim Association Southall",
        "addr:housenumber": "11",
        "addr:postcode": "UB1 3BT",
        "addr:street": "Boyd Avenue",
        "alt_name": "Darus Salam;Dar-Us-Salaam;Dar-Us-Salam Mosque;Darus Salam",
        "alt_name:ur": "دار اسلام;مسجد دار اسلام;داراسلام",
        "amenity": "place_of_worship",
        "building": "mosque",
        "denomination": "ahmadiyya",
        "name": "Darus Salaam Mosque",
        "name:ur": "مسجد داراسلام",
        "religion": "muslim",
        "website": "https://www.loveforallhatredfornone.org/",
        "@geometry": "center"
      },
      "geometry": {
        "type": "Point",
        "coordinates": [
          -0.3730984,
          51.510049
        ]
      },
      "id": "way/234425713"
    },
    {
      "type": "Feature",
      "properties": {
        "@id": "way/234986330",
        "addr:city": "Wembley",
        "addr:country": "GB",
        "addr:housenumber": "8-10",
        "addr:postcode": "HA9 8JW",
        "addr:street": "Forty Avenue",
        "amenity": "place_of_worship",
        "building": "mosque",
        "denomination": "sunni",
        "name": "Faiza-e-Madinah Wembley",
        "religion": "muslim",
        "source": "survey;OS_OpenData_StreetView",
        "survey:date": "2013-08-23",
        "@geometry": "center"
      },
      "geometry": {
        "type": "Point",
        "coordinates": [
          -0.2899787,
          51.5622153
        ]
      },
      "id": "way/234986330"
    },
    {
      "type": "Feature",
      "properties": {
        "@id": "way/235960872",
        "addr:city": "Glasgow",
        "addr:postcode": "G14 0XA",
        "addr:street": "Burnham Road",
        "amenity": "place_of_worship",
        "building": "yes",
        "building:levels": "2",
        "name": "Masjid Umar",
        "ref:GB:uprn": "906700352888",
        "religion": "muslim",
        "source": "bing",
        "@geometry": "center"
      },
      "geometry": {
        "type": "Point",
        "coordinates": [
          -4.363733,
          55.8822216
        ]
      },
      "id": "way/235960872"
    },
    {
      "type": "Feature",
      "properties": {
        "@id": "way/236058204",
        "ablution": "yes",
        "addr:city": "Peterborough",
        "addr:housenumber": "116",
        "addr:place": "West Town",
        "addr:postcode": "PE3 6DD",
        "addr:street": "Midland Road",
        "amenity": "place_of_worship",
        "building": "yes",
        "denomination": "sunni",
        "description:female": "Girls' madrassa room may be made available for a woman in need of prayer space, but this is not standard provision. If it is made available, toilets and wudu facilities are available, too.",
        "female": "limited",
        "name": "Madina Madrassa & Spiritual Centre",
        "operator": "Darassalam",
        "operator:type": "charitable",
        "ref:GB:charity_no": "1127717",
        "religion": "muslim",
        "service_times:syndicator": "Masjid Timetable (Lentrica Software)",
        "service_times:syndicator:url": "https://masjid-timetable.com/masjid-data/",
        "shower": "no",
        "toilet": "yes",
        "website": "https://darassalaam.org.uk",
        "wheelchair": "no",
        "@geometry": "center"
      },
      "geometry": {
        "type": "Point",
        "coordinates": [
          -0.2543777,
          52.5769497
        ]
      },
      "id": "way/236058204"
    },
    {
      "type": "Feature",
      "properties": {
        "@id": "way/236434058",
        "addr:city": "Enfield",
        "addr:postcode": "EN3 4EZ",
        "addr:street": "High Street, Ponders End",
        "amenity": "place_of_worship",
        "building": "mosque",
        "name": "Jalalia Jamme Masjeed",
        "religion": "muslim",
        "@geometry": "center"
      },
      "geometry": {
        "type": "Point",
        "coordinates": [
          -0.0471284,
          51.6459495
        ]
      },
      "id": "way/236434058"
    },
    {
      "type": "Feature",
      "properties": {
        "@id": "way/238840395",
        "addr:city": "Birmingham",
        "addr:housenumber": "171",
        "addr:postcode": "B11 1QJ",
        "addr:street": "Walford Road",
        "amenity": "place_of_worship",
        "building": "yes",
        "name": "Mohammedi Islamic Centre",
        "religion": "muslim",
        "@geometry": "center"
      },
      "geometry": {
        "type": "Point",
        "coordinates": [
          -1.8633833,
          52.4595403
        ]
      },
      "id": "way/238840395"
    },
    {
      "type": "Feature",
      "properties": {
        "@id": "way/240726684",
        "amenity": "place_of_worship",
        "building": "yes",
        "name": "Jamia Masjid Ghousia",
        "ref:GB:uprn": "72030148",
        "religion": "muslim",
        "@geometry": "center"
      },
      "geometry": {
        "type": "Point",
        "coordinates": [
          -1.5859436,
          53.7956519
        ]
      },
      "id": "way/240726684"
    },
    {
      "type": "Feature",
      "properties": {
        "@id": "way/241107520",
        "addr:city": "London",
        "addr:housenumber": "82-92",
        "addr:postcode": "E1 1JQ",
        "addr:street": "Whitechapel Road",
        "amenity": "place_of_worship",
        "building": "mosque",
        "building:levels": "2",
        "building:material": "brick",
        "name": "East London Mosque",
        "religion": "muslim",
        "wikidata": "Q3352688",
        "wikipedia": "en:East London Mosque",
        "@geometry": "center"
      },
      "geometry": {
        "type": "Point",
        "coordinates": [
          -0.065376,
          51.517377
        ]
      },
      "id": "way/241107520"
    },
    {
      "type": "Feature",
      "properties": {
        "@id": "way/241754389",
        "addr:city": "Hove",
        "addr:housenumber": "252",
        "addr:postcode": "BN3 5QT",
        "addr:street": "Portland Road",
        "amenity": "place_of_worship",
        "building": "church",
        "name": "Shahjalal Mosque & Islamic Center",
        "ref:GB:uprn": "22016866;22017122",
        "religion": "muslim",
        "@geometry": "center"
      },
      "geometry": {
        "type": "Point",
        "coordinates": [
          -0.190434,
          50.8337237
        ]
      },
      "id": "way/241754389"
    },
    {
      "type": "Feature",
      "properties": {
        "@id": "way/241950400",
        "addr:city": "Nottingham",
        "addr:housenumber": "15",
        "addr:postcode": "NG7 1SD",
        "addr:street": "Osmaston Street",
        "amenity": "place_of_worship",
        "building": "yes",
        "name": "Al Zahra Foundation",
        "old_amenity": "school",
        "old_name": "Lenton Primary School",
        "religion": "muslim",
        "source": "survey",
        "source:addr": "website",
        "website": "http://www.alzahrafoundation.org.uk/",
        "@geometry": "center"
      },
      "geometry": {
        "type": "Point",
        "coordinates": [
          -1.1735217,
          52.9472361
        ]
      },
      "id": "way/241950400"
    },
    {
      "type": "Feature",
      "properties": {
        "@id": "way/242049090",
        "addr:city": "Norwich",
        "addr:housenumber": "70-72",
        "addr:postcode": "NR1 1PT",
        "addr:street": "Rose Lane",
        "alt_name": "East Anglian Bangladeshi Islamic Centre",
        "alt_name2": "Bangladesh Islamic Centre",
        "amenity": "place_of_worship",
        "building": "yes",
        "denomination": "sunni",
        "female": "no",
        "founded": "2001",
        "name": "Rose Lane Masjid",
        "note": "Musalla is the full length and width of the narrower rectangle visible on cadastral parcels. Capacity: equivalent of 8 sufuf across a whole diagonal (at qibla angle, obvs) Fiqh usSunnah on the shelves: deobandi?",
        "operator": "East Anglian Bangladeshi Islamic Trust",
        "prayer_times:syndicator": "MyMasjid",
        "prayer_times:syndicator:url": "https://time.my-masjid.com/timingscreen/1329d675-5a7d-40fc-a0b0-c1c74bb5555d",
        "prayer_times:url": "https://roselanemasjid.co.uk/",
        "ref:GB-EAW:charity": "1190589",
        "ref:GB:uprn": "10090481832;100091541402",
        "religion": "muslim",
        "website": "https://roselanemasjid.co.uk/",
        "@geometry": "center"
      },
      "geometry": {
        "type": "Point",
        "coordinates": [
          1.3025285,
          52.6286995
        ]
      },
      "id": "way/242049090"
    },
    {
      "type": "Feature",
      "properties": {
        "@id": "way/242168914",
        "addr:city": "London",
        "addr:housenumber": "1",
        "addr:postcode": "W2 1QN",
        "addr:street": "Norfolk Place",
        "amenity": "place_of_worship",
        "building": "yes",
        "name": "Masjid Salahuddin",
        "phone": "+44 20 7402 6874",
        "ref:GB:uprn": "10033567989;100023477601;10033539282;100023477759",
        "religion": "muslim",
        "website": "http://salahuddintrust.co.uk/",
        "@geometry": "center"
      },
      "geometry": {
        "type": "Point",
        "coordinates": [
          -0.1715291,
          51.516306
        ]
      },
      "id": "way/242168914"
    },
    {
      "type": "Feature",
      "properties": {
        "@id": "way/243007668",
        "addr:city": "Edinburgh",
        "addr:postcode": "EH11 3RH",
        "addr:street": "Broomhouse Crescent",
        "amenity": "place_of_worship",
        "building": "mosque",
        "building:levels": "1",
        "height": "3",
        "name": "Broomhouse Mosque",
        "religion": "muslim",
        "@geometry": "center"
      },
      "geometry": {
        "type": "Point",
        "coordinates": [
          -3.27709,
          55.9284073
        ]
      },
      "id": "way/243007668"
    },
    {
      "type": "Feature",
      "properties": {
        "@id": "way/244636915",
        "addr:city": "London",
        "addr:postcode": "E2 9HF",
        "addr:street": "Bishops Way",
        "amenity": "place_of_worship",
        "building": "yes",
        "name": "Bishops Way Community Centre",
        "religion": "muslim",
        "@geometry": "center"
      },
      "geometry": {
        "type": "Point",
        "coordinates": [
          -0.05431,
          51.5330991
        ]
      },
      "id": "way/244636915"
    },
    {
      "type": "Feature",
      "properties": {
        "@id": "way/245252962",
        "amenity": "place_of_worship",
        "building": "mosque",
        "name": "Croydon Mosque & Islamic Centre",
        "religion": "muslim",
        "wikidata": "Q5189678",
        "wikipedia": "en:Croydon Mosque",
        "@geometry": "center"
      },
      "geometry": {
        "type": "Point",
        "coordinates": [
          -0.1126267,
          51.3894662
        ]
      },
      "id": "way/245252962"
    },
    {
      "type": "Feature",
      "properties": {
        "@id": "way/248635628",
        "amenity": "place_of_worship",
        "building": "mosque",
        "name": "Bournemouth Jamei Mosque",
        "religion": "muslim",
        "@geometry": "center"
      },
      "geometry": {
        "type": "Point",
        "coordinates": [
          -1.8770498,
          50.7424819
        ]
      },
      "id": "way/248635628"
    },
    {
      "type": "Feature",
      "properties": {
        "@id": "way/252172173",
        "amenity": "place_of_worship",
        "building": "yes",
        "name": "Jami'ah-tul-Madinah",
        "religion": "muslim",
        "@geometry": "center"
      },
      "geometry": {
        "type": "Point",
        "coordinates": [
          -1.7323061,
          53.7938887
        ]
      },
      "id": "way/252172173"
    },
    {
      "type": "Feature",
      "properties": {
        "@id": "way/252172174",
        "amenity": "place_of_worship",
        "building": "yes",
        "name": "Faizan e Madina Masjid",
        "religion": "muslim",
        "@geometry": "center"
      },
      "geometry": {
        "type": "Point",
        "coordinates": [
          -1.7317961,
          53.7941576
        ]
      },
      "id": "way/252172174"
    },
    {
      "type": "Feature",
      "properties": {
        "@id": "way/252174496",
        "amenity": "place_of_worship",
        "building": "yes",
        "name": "Baitul Aman Jam-E Mosque",
        "religion": "muslim",
        "@geometry": "center"
      },
      "geometry": {
        "type": "Point",
        "coordinates": [
          -1.7367972,
          53.7943063
        ]
      },
      "id": "way/252174496"
    },
    {
      "type": "Feature",
      "properties": {
        "@id": "way/253656751",
        "addr:street": "Haynes Road",
        "amenity": "place_of_worship",
        "building": "yes",
        "name": "Abu Huraira",
        "religion": "muslim",
        "@geometry": "center"
      },
      "geometry": {
        "type": "Point",
        "coordinates": [
          -1.0940344,
          52.6414669
        ]
      },
      "id": "way/253656751"
    },
    {
      "type": "Feature",
      "properties": {
        "@id": "way/253664420",
        "addr:city": "Leicester",
        "addr:housenumber": "8",
        "addr:postcode": "LE4 9EE",
        "addr:street": "Essex Road",
        "amenity": "place_of_worship",
        "building": "yes",
        "denomination": "sunni",
        "name": "Northfields Education Centre",
        "religion": "muslim",
        "subdenomination": "deobandi",
        "@geometry": "center"
      },
      "geometry": {
        "type": "Point",
        "coordinates": [
          -1.0954757,
          52.6525675
        ]
      },
      "id": "way/253664420"
    },
    {
      "type": "Feature",
      "properties": {
        "@id": "way/254523652",
        "addr:city": "Birkenhead",
        "addr:housenumber": "371-375",
        "addr:street": "Borough Road",
        "amenity": "place_of_worship",
        "building": "yes",
        "building:levels": "2",
        "name": "Wirral Deen Centre",
        "ref:GB:uprn": "42168038;42192475;42013431",
        "religion": "muslim",
        "smoking": "no",
        "@geometry": "center"
      },
      "geometry": {
        "type": "Point",
        "coordinates": [
          -3.0323839,
          53.385356
        ]
      },
      "id": "way/254523652"
    },
    {
      "type": "Feature",
      "properties": {
        "@id": "way/255612129",
        "addr:city": "Manchester",
        "addr:housename": "Masjid-E-Hidayah",
        "addr:housenumber": "19",
        "addr:postcode": "M16 9DD",
        "addr:street": "Humphrey Road",
        "amenity": "place_of_worship",
        "building": "mosque",
        "building:levels": "2",
        "building:part": "yes",
        "name": "Masjid-E-Hidayah",
        "ref:GB:uprn": "10070452626",
        "religion": "muslim",
        "roof:shape": "gabled",
        "website": "http://www.masjidehidayah.co.uk/",
        "@geometry": "center"
      },
      "geometry": {
        "type": "Point",
        "coordinates": [
          -2.275117,
          53.4611704
        ]
      },
      "id": "way/255612129"
    },
    {
      "type": "Feature",
      "properties": {
        "@id": "way/256959715",
        "amenity": "place_of_worship",
        "building": "yes",
        "name": "Stoke-on-Trent Muslim Welfare and Community Centre",
        "religion": "muslim",
        "source": "OS_OpenData_StreetView",
        "@geometry": "center"
      },
      "geometry": {
        "type": "Point",
        "coordinates": [
          -2.1866171,
          53.0175969
        ]
      },
      "id": "way/256959715"
    },
    {
      "type": "Feature",
      "properties": {
        "@id": "way/257581906",
        "addr:city": "Chatham",
        "addr:housenumber": "115",
        "addr:postcode": "ME5 7DR",
        "addr:street": "Thorold Road",
        "amenity": "place_of_worship",
        "building": "yes",
        "name": "Muslim Community Centre",
        "religion": "muslim",
        "@geometry": "center"
      },
      "geometry": {
        "type": "Point",
        "coordinates": [
          0.5393628,
          51.3758693
        ]
      },
      "id": "way/257581906"
    },
    {
      "type": "Feature",
      "properties": {
        "@id": "way/257604434",
        "addr:city": "Worcester",
        "addr:postcode": "WR5 1JU",
        "amenity": "place_of_worship",
        "building": "mosque",
        "name": "Jamia Masjid Ghousia",
        "ref:GB:uprn": "100121275426",
        "religion": "muslim",
        "source:name": "www.muslimsinbritain.org",
        "@geometry": "center"
      },
      "geometry": {
        "type": "Point",
        "coordinates": [
          -2.2106967,
          52.1935014
        ]
      },
      "id": "way/257604434"
    },
    {
      "type": "Feature",
      "properties": {
        "@id": "way/258406537",
        "amenity": "place_of_worship",
        "building": "commercial",
        "check_date": "2024-10-31",
        "name": "Juma Jamat Mosque",
        "religion": "muslim",
        "source": "Bing",
        "@geometry": "center"
      },
      "geometry": {
        "type": "Point",
        "coordinates": [
          -1.9594509,
          52.48624
        ]
      },
      "id": "way/258406537"
    },
    {
      "type": "Feature",
      "properties": {
        "@id": "way/258458722",
        "addr:city": "Bonnyrigg",
        "addr:housenumber": "12",
        "addr:postcode": "EH19 3AD",
        "addr:street": "Lothian Street",
        "amenity": "place_of_worship",
        "building": "library",
        "contact:website": "https://mmccbonnyriggmosque.co.uk/",
        "name": "Madinah Masjid & Community Centre",
        "religion": "muslim",
        "wikidata": "Q17826568",
        "@geometry": "center"
      },
      "geometry": {
        "type": "Point",
        "coordinates": [
          -3.1050124,
          55.8753148
        ]
      },
      "id": "way/258458722"
    },
    {
      "type": "Feature",
      "properties": {
        "@id": "way/259571875",
        "amenity": "place_of_worship",
        "building": "industrial",
        "name": "Bangladeshi Islamic Association Centre",
        "religion": "muslim",
        "source": "bing",
        "@geometry": "center"
      },
      "geometry": {
        "type": "Point",
        "coordinates": [
          -1.965927,
          52.5005566
        ]
      },
      "id": "way/259571875"
    },
    {
      "type": "Feature",
      "properties": {
        "@id": "way/259575664",
        "amenity": "place_of_worship",
        "building": "yes",
        "name": "Masjid-e-Baitul Amaan",
        "religion": "muslim",
        "source": "bing",
        "@geometry": "center"
      },
      "geometry": {
        "type": "Point",
        "coordinates": [
          -1.9678284,
          52.5020124
        ]
      },
      "id": "way/259575664"
    },
    {
      "type": "Feature",
      "properties": {
        "@id": "node/259645058",
        "amenity": "place_of_worship",
        "name": "Jami Madina Ashiful Loom Masjid",
        "religion": "muslim",
        "source": "survey"
      },
      "geometry": {
        "type": "Point",
        "coordinates": [
          -1.8493971,
          52.4883971
        ]
      },
      "id": "node/259645058"
    },
    {
      "type": "Feature",
      "properties": {
        "@id": "way/261857325",
        "addr:city": "Birmingham",
        "addr:housenumber": "26",
        "addr:postcode": "B12 8JL",
        "addr:street": "Alfred Street",
        "amenity": "place_of_worship",
        "building": "residential",
        "name": "Qadria Trust Islamic Education",
        "religion": "muslim",
        "source": "OS_OpenData_StreetView",
        "@geometry": "center"
      },
      "geometry": {
        "type": "Point",
        "coordinates": [
          -1.8736573,
          52.4572577
        ]
      },
      "id": "way/261857325"
    },
    {
      "type": "Feature",
      "properties": {
        "@id": "way/263380444",
        "addr:city": "London",
        "addr:housenumber": "411-413",
        "addr:postcode": "E7 8LT",
        "addr:street": "Katherine Road",
        "addr:suburb": "Forest Gate",
        "amenity": "place_of_worship",
        "building": "yes",
        "name": "Al-Karam Mosque",
        "religion": "muslim",
        "source:addr:housenumber": "interpolated",
        "@geometry": "center"
      },
      "geometry": {
        "type": "Point",
        "coordinates": [
          0.0367092,
          51.5424983
        ]
      },
      "id": "way/263380444"
    },
    {
      "type": "Feature",
      "properties": {
        "@id": "way/266155111",
        "addr:city": "Worcester",
        "addr:postcode": "WR4 9PS",
        "amenity": "place_of_worship",
        "building": "yes",
        "name": "Al-Madina Jami Masjid",
        "ref:GB:uprn": "10000853674",
        "religion": "muslim",
        "source": "bing",
        "source:name": "www.muslimsinbritain.org",
        "@geometry": "center"
      },
      "geometry": {
        "type": "Point",
        "coordinates": [
          -2.2107648,
          52.1964375
        ]
      },
      "id": "way/266155111"
    },
    {
      "type": "Feature",
      "properties": {
        "@id": "way/268562217",
        "amenity": "place_of_worship",
        "building": "mosque",
        "name": "Jamia al Karim",
        "religion": "muslim",
        "source": "local_knowledge",
        "@geometry": "center"
      },
      "geometry": {
        "type": "Point",
        "coordinates": [
          -2.2378823,
          51.8608005
        ]
      },
      "id": "way/268562217"
    },
    {
      "type": "Feature",
      "properties": {
        "@id": "way/270418360",
        "addr:city": "London",
        "addr:housenumber": "3",
        "addr:postcode": "E15 1NA",
        "addr:street": "Brydges Road",
        "addr:suburb": "Maryland",
        "amenity": "place_of_worship",
        "building": "mosque",
        "building:levels": "2",
        "check_date": "2025-09-04",
        "name": "Masjid Stratford",
        "religion": "muslim",
        "roof:shape": "dome",
        "wheelchair": "yes",
        "@geometry": "center"
      },
      "geometry": {
        "type": "Point",
        "coordinates": [
          0.0015906,
          51.5491776
        ]
      },
      "id": "way/270418360"
    },
    {
      "type": "Feature",
      "properties": {
        "@id": "way/270765051",
        "addr:city": "London",
        "addr:housenumber": "152",
        "addr:postcode": "N7 8DD",
        "addr:street": "Holloway Road",
        "amenity": "place_of_worship",
        "building": "yes",
        "denomination": "sunni",
        "name": "Holloway Mosque",
        "name:fa": "مسجد هالووی",
        "religion": "muslim",
        "source": "survey",
        "@geometry": "center"
      },
      "geometry": {
        "type": "Point",
        "coordinates": [
          -0.1098397,
          51.5509743
        ]
      },
      "id": "way/270765051"
    },
    {
      "type": "Feature",
      "properties": {
        "@id": "way/270770714",
        "addr:city": "London",
        "addr:housenumber": "16",
        "addr:postcode": "N16 9ND",
        "addr:street": "Green Lanes",
        "amenity": "place_of_worship",
        "building": "yes",
        "name": "London Islamic Turkish Association",
        "name:de": "Islamisch-türkische Vereinigung London",
        "name:en": "London Islamic Turkish Association",
        "name:tr": "Londra Türk İslam Cemiyeti",
        "religion": "muslim",
        "source": "survey",
        "@geometry": "center"
      },
      "geometry": {
        "type": "Point",
        "coordinates": [
          -0.0866061,
          51.5527209
        ]
      },
      "id": "way/270770714"
    },
    {
      "type": "Feature",
      "properties": {
        "@id": "way/271731109",
        "amenity": "place_of_worship",
        "building": "yes",
        "name": "Al-Rahma Mosque",
        "religion": "muslim",
        "wikidata": "Q311444",
        "wikipedia": "en:Al-Rahma Mosque, Liverpool",
        "@geometry": "center"
      },
      "geometry": {
        "type": "Point",
        "coordinates": [
          -2.9606484,
          53.3943047
        ]
      },
      "id": "way/271731109"
    },
    {
      "type": "Feature",
      "properties": {
        "@id": "way/273916864",
        "addr:city": "Dunfermline",
        "addr:country": "GB",
        "addr:housenumber": "6",
        "addr:postcode": "KY12 7PX",
        "addr:street": "Canmore Street",
        "amenity": "place_of_worship",
        "building": "yes",
        "denomination": "sunni",
        "name": "Green Dome Mosque",
        "ref:GB:uprn": "320188566",
        "religion": "muslim",
        "wikidata": "Q135665566",
        "@geometry": "center"
      },
      "geometry": {
        "type": "Point",
        "coordinates": [
          -3.4606722,
          56.0706783
        ]
      },
      "id": "way/273916864"
    },
    {
      "type": "Feature",
      "properties": {
        "@id": "way/275263095",
        "addr:city": "Birmingham",
        "addr:housenumber": "30;32",
        "addr:postcode": "B10 0EP",
        "addr:street": "Waverley Road",
        "amenity": "place_of_worship",
        "building": "yes",
        "name": "Surma Islamic Education Centre Madrassa & Masjid",
        "religion": "muslim",
        "source": "bing",
        "@geometry": "center"
      },
      "geometry": {
        "type": "Point",
        "coordinates": [
          -1.8524865,
          52.4617508
        ]
      },
      "id": "way/275263095"
    },
    {
      "type": "Feature",
      "properties": {
        "@id": "way/277030928",
        "addr:city": "Birmingham",
        "addr:housenumber": "240",
        "addr:postcode": "B14 6DR",
        "addr:street": "Alcester Road South",
        "amenity": "place_of_worship",
        "building": "yes",
        "denomination": "sunni",
        "healthcare:speciality": "education",
        "name": "Green Oak Academy (Kings Heath)",
        "operator": "Green Oak Academy",
        "religion": "muslim",
        "source": "OS_OpenData_StreetView",
        "@geometry": "center"
      },
      "geometry": {
        "type": "Point",
        "coordinates": [
          -1.89269,
          52.4224378
        ]
      },
      "id": "way/277030928"
    },
    {
      "type": "Feature",
      "properties": {
        "@id": "way/277148064",
        "addr:city": "Peterborough",
        "addr:housenumber": "175",
        "addr:postcode": "PE1 2BN",
        "addr:street": "Gladstone Street",
        "amenity": "place_of_worship",
        "building": "mosque",
        "denomination": "sunni",
        "facebook": "https://www.facebook.com/FEMPboro",
        "female": "limited",
        "name": "Faizan-e-Madina Mosque",
        "operator": "Faizan-E-Madina Mosque Committee (Trust)",
        "operator:type": "charitable",
        "ref:GB-EAW:charity": "1045629",
        "religion": "muslim",
        "service_times:url": "https://faizanemadina.org/prayer-times/",
        "source": "local knowledge;Bing",
        "website": "https://faizanemadina.org/",
        "wheelchair": "limited",
        "wikidata": "Q5431359",
        "@geometry": "center"
      },
      "geometry": {
        "type": "Point",
        "coordinates": [
          -0.2489767,
          52.5803299
        ]
      },
      "id": "way/277148064"
    },
    {
      "type": "Feature",
      "properties": {
        "@id": "way/278144293",
        "addr:city": "Bellshill",
        "addr:country": "GB",
        "addr:postcode": "ML4 2RS",
        "amenity": "place_of_worship",
        "building": "yes",
        "ref:GB:uprn": "118170479",
        "religion": "muslim",
        "@geometry": "center"
      },
      "geometry": {
        "type": "Point",
        "coordinates": [
          -3.9916862,
          55.8170835
        ]
      },
      "id": "way/278144293"
    },
    {
      "type": "Feature",
      "properties": {
        "@id": "node/286479004",
        "amenity": "place_of_worship",
        "created_by": "Potlatch 0.10b",
        "name": "Balham Mosque",
        "religion": "muslim"
      },
      "geometry": {
        "type": "Point",
        "coordinates": [
          -0.1491658,
          51.4465338
        ]
      },
      "id": "node/286479004"
    },
    {
      "type": "Feature",
      "properties": {
        "@id": "way/286613924",
        "addr:city": "Redditch",
        "addr:postcode": "B98 7AZ",
        "amenity": "place_of_worship",
        "building": "mosque",
        "name": "Masjid AlBirr",
        "religion": "muslim",
        "source:name": "www.muslimsinbritain.org",
        "@geometry": "center"
      },
      "geometry": {
        "type": "Point",
        "coordinates": [
          -1.9379387,
          52.3043744
        ]
      },
      "id": "way/286613924"
    },
    {
      "type": "Feature",
      "properties": {
        "@id": "way/286614750",
        "addr:city": "Redditch",
        "addr:postcode": "B98 7AZ",
        "amenity": "place_of_worship",
        "building": "mosque",
        "name": "Redditch New Mosque",
        "religion": "muslim",
        "source": "bing",
        "@geometry": "center"
      },
      "geometry": {
        "type": "Point",
        "coordinates": [
          -1.9365465,
          52.3006432
        ]
      },
      "id": "way/286614750"
    },
    {
      "type": "Feature",
      "properties": {
        "@id": "way/286733131",
        "addr:city": "Brierley Hill",
        "addr:housename": "Razvia Mosque",
        "addr:postcode": "DY5 3EE",
        "addr:street": "Albion Street",
        "amenity": "place_of_worship",
        "building": "yes",
        "name": "Jamia Masjid Rizvia",
        "ref:GB:uprn": "90143656",
        "religion": "muslim",
        "@geometry": "center"
      },
      "geometry": {
        "type": "Point",
        "coordinates": [
          -2.1233205,
          52.4831481
        ]
      },
      "id": "way/286733131"
    },
    {
      "type": "Feature",
      "properties": {
        "@id": "way/289877310",
        "addr:city": "Manchester",
        "addr:country": "GB",
        "addr:housenumber": "347-349",
        "addr:postcode": "M13 0LF",
        "addr:street": "Stockport Road",
        "amenity": "place_of_worship",
        "building": "mosque",
        "building:colour": "red",
        "building:material": "brick",
        "check_date": "2024-09-07",
        "name": "City Jamia Masjid",
        "ref:GB:uprn": "10093076722",
        "religion": "muslim",
        "roof:colour": "red",
        "roof:material": "brick",
        "website": "https://islamicacademy.co.uk/",
        "@geometry": "center"
      },
      "geometry": {
        "type": "Point",
        "coordinates": [
          -2.2077526,
          53.4619184
        ]
      },
      "id": "way/289877310"
    },
    {
      "type": "Feature",
      "properties": {
        "@id": "way/290003709",
        "amenity": "place_of_worship",
        "building": "mosque",
        "name": "Wolverhampton Central Mosque",
        "religion": "muslim",
        "source": "visual survey; bing",
        "@geometry": "center"
      },
      "geometry": {
        "type": "Point",
        "coordinates": [
          -2.1299633,
          52.5960705
        ]
      },
      "id": "way/290003709"
    },
    {
      "type": "Feature",
      "properties": {
        "@id": "node/293505032",
        "amenity": "place_of_worship",
        "check_date": "2024-06-26",
        "name": "Camberwell Islamic Centre",
        "religion": "muslim"
      },
      "geometry": {
        "type": "Point",
        "coordinates": [
          -0.0944046,
          51.4787255
        ]
      },
      "id": "node/293505032"
    },
    {
      "type": "Feature",
      "properties": {
        "@id": "way/293584177",
        "addr:postcode": "BB2 6ER",
        "addr:street": "Leamington Road",
        "amenity": "place_of_worship",
        "building": "yes",
        "name": "Leamington Road Mosque",
        "ref:GB:uprn": "10010322434",
        "religion": "muslim",
        "source:addr:postcode": "ONSUD;OS Open UPRN",
        "@geometry": "center"
      },
      "geometry": {
        "type": "Point",
        "coordinates": [
          -2.501614,
          53.7506683
        ]
      },
      "id": "way/293584177"
    },
    {
      "type": "Feature",
      "properties": {
        "@id": "node/294745606",
        "amenity": "place_of_worship",
        "name": "Shahjalal Jame Masjid Euston Mosque",
        "name:fa": "مسجد جامع شاه‌جلال",
        "postal_code": "NW1 2LY",
        "religion": "muslim"
      },
      "geometry": {
        "type": "Point",
        "coordinates": [
          -0.1374519,
          51.527302
        ]
      },
      "id": "node/294745606"
    },
    {
      "type": "Feature",
      "properties": {
        "@id": "way/294761723",
        "addr:city": "Wolverhampton",
        "addr:housename": "Ahmadiyya Muslim Association",
        "addr:housenumber": "146",
        "addr:postcode": "WV1 2HT",
        "addr:street": "Willenhall Road",
        "alt_name": "Baitul Atta;Baitul Ata;Bait-ul-Atta",
        "alt_name:ur": "بیت العطا;بیت العطاء;مسجد بیت العطاء",
        "amenity": "place_of_worship",
        "building": "yes",
        "denomination": "ahmadiyya",
        "name": "Baitul Atta Mosque",
        "name:ur": "مسجد بیت العطا",
        "ref:GB:uprn": "100071555241",
        "religion": "muslim",
        "@geometry": "center"
      },
      "geometry": {
        "type": "Point",
        "coordinates": [
          -2.1015467,
          52.5831288
        ]
      },
      "id": "way/294761723"
    },
    {
      "type": "Feature",
      "properties": {
        "@id": "way/295867680",
        "addr:city": "Nottingham",
        "addr:housename": "Ahmadiyya Muslim Association",
        "addr:housenumber": "308",
        "addr:postcode": "NG3 7DN",
        "addr:street": "Sneinton Dale",
        "alt_name": "Baitul Hafeez",
        "alt_name:ur": "بیت الحفیظ",
        "amenity": "place_of_worship",
        "building": "yes",
        "denomination": "ahmadiyya",
        "name": "Baitul Hafeez Mosque",
        "name:ur": "مسجد بیت الحفیظ",
        "ref:GB:uprn": "10090904997",
        "religion": "muslim",
        "website": "https://loveforallhatredfornone.org",
        "@geometry": "center"
      },
      "geometry": {
        "type": "Point",
        "coordinates": [
          -1.1171158,
          52.9559521
        ]
      },
      "id": "way/295867680"
    },
    {
      "type": "Feature",
      "properties": {
        "@id": "way/298119290",
        "amenity": "place_of_worship",
        "name": "Jamia Masjid Gulzar-E-Madina",
        "religion": "muslim",
        "@geometry": "center"
      },
      "geometry": {
        "type": "Point",
        "coordinates": [
          -1.6390015,
          53.6894331
        ]
      },
      "id": "way/298119290"
    },
    {
      "type": "Feature",
      "properties": {
        "@id": "node/298388469",
        "amenity": "place_of_worship",
        "name": "Qadria Jilania Islamic (S+E) Centre",
        "religion": "muslim"
      },
      "geometry": {
        "type": "Point",
        "coordinates": [
          -2.2029736,
          53.4569713
        ]
      },
      "id": "node/298388469"
    },
    {
      "type": "Feature",
      "properties": {
        "@id": "node/299171016",
        "amenity": "place_of_worship",
        "name": "Al Madina Jamia Mosque",
        "religion": "muslim"
      },
      "geometry": {
        "type": "Point",
        "coordinates": [
          -1.5679579,
          53.8113009
        ]
      },
      "id": "node/299171016"
    },
    {
      "type": "Feature",
      "properties": {
        "@id": "way/299732114",
        "addr:city": "Nottingham",
        "addr:housenumber": "28",
        "addr:postcode": "NG3 1JE",
        "addr:street": "Handel Street",
        "amenity": "place_of_worship",
        "building": "cemevi",
        "contact:website": "http://www.alevinet.org/SAP.aspx?pid=About_en-GB",
        "denomination": "alevi",
        "image": "https://www.mapillary.com/map/im/8Bsz79Wya6gjlitBAqr8Tw",
        "name": "Nottingham Alevi Cultural Centre & Cemevi",
        "name:tr": "Nottingham Alevi Kültür Merkezi ve Cemevi",
        "ref:GB:uprn": "100032116655",
        "religion": "muslim",
        "source:addr": "survey",
        "@geometry": "center"
      },
      "geometry": {
        "type": "Point",
        "coordinates": [
          -1.1357401,
          52.9552083
        ]
      },
      "id": "way/299732114"
    },
    {
      "type": "Feature",
      "properties": {
        "@id": "way/299990066",
        "addr:city": "London",
        "addr:housenumber": "1",
        "addr:street": "Sandringham Road",
        "amenity": "place_of_worship",
        "building": "yes",
        "check_date": "2026-06-04",
        "description": "London Madrasa & Mosque",
        "name": "Markazul Uloom",
        "religion": "muslim",
        "wheelchair": "no",
        "@geometry": "center"
      },
      "geometry": {
        "type": "Point",
        "coordinates": [
          -0.0740416,
          51.5499152
        ]
      },
      "id": "way/299990066"
    },
    {
      "type": "Feature",
      "properties": {
        "@id": "way/300007192",
        "addr:city": "Horsham",
        "addr:housename": "Church House",
        "addr:housenumber": "2",
        "addr:postcode": "RH13 5DN",
        "addr:street": "Park Terrace East",
        "amenity": "place_of_worship",
        "building": "yes",
        "name": "Madina Mosque",
        "religion": "muslim",
        "wikidata": "Q6727777",
        "wikipedia": "en:Madina Mosque, Horsham",
        "@geometry": "center"
      },
      "geometry": {
        "type": "Point",
        "coordinates": [
          -0.3230504,
          51.0609241
        ]
      },
      "id": "way/300007192"
    },
    {
      "type": "Feature",
      "properties": {
        "@id": "way/300020975",
        "amenity": "place_of_worship",
        "building": "mosque",
        "name": "Mosque & Islamic Centre",
        "religion": "muslim",
        "source": "visual survey;bing",
        "@geometry": "center"
      },
      "geometry": {
        "type": "Point",
        "coordinates": [
          -2.0754748,
          52.4733407
        ]
      },
      "id": "way/300020975"
    },
    {
      "type": "Feature",
      "properties": {
        "@id": "way/300937851",
        "amenity": "place_of_worship",
        "building": "yes",
        "religion": "muslim",
        "@geometry": "center"
      },
      "geometry": {
        "type": "Point",
        "coordinates": [
          -0.1193336,
          51.4674469
        ]
      },
      "id": "way/300937851"
    },
    {
      "type": "Feature",
      "properties": {
        "@id": "node/301609106",
        "amenity": "place_of_worship",
        "name": "Jamia Mosque Tabligh-ul-Islam",
        "religion": "muslim"
      },
      "geometry": {
        "type": "Point",
        "coordinates": [
          -1.7712511,
          53.7909358
        ]
      },
      "id": "node/301609106"
    },
    {
      "type": "Feature",
      "properties": {
        "@id": "way/302245826",
        "addr:city": "Chester",
        "addr:country": "GB",
        "addr:county": "Cheshire",
        "addr:postcode": "CH1 5LT",
        "amenity": "place_of_worship",
        "building": "yes",
        "height": "6.65",
        "height:median": "4.51",
        "name": "Shah Jalal Mosque",
        "ref:GB:uprn": "200000987488",
        "religion": "muslim",
        "@geometry": "center"
      },
      "geometry": {
        "type": "Point",
        "coordinates": [
          -2.9244912,
          53.1990065
        ]
      },
      "id": "way/302245826"
    },
    {
      "type": "Feature",
      "properties": {
        "@id": "way/303656639",
        "addr:city": "Hartlepool",
        "addr:housename": "Nasir Mosque",
        "addr:housenumber": "42",
        "addr:postcode": "TS24 8EY",
        "addr:street": "Brougham Terrace",
        "amenity": "place_of_worship",
        "building": "mosque",
        "building:levels": "2",
        "denomination": "ahmadiyya",
        "name": "Nasir Mosque",
        "name:he": "מסגד נאצר",
        "name:pa-Arab": "ناصر مسیت",
        "name:pnb": "ناصر مسیت",
        "name:ur": "مسجد ناصر",
        "ref:GB:uprn": "10009715752",
        "religion": "muslim",
        "start_date": "2005-11-11",
        "toilets": "yes",
        "wikidata": "Q6967145",
        "wikipedia": "en:Nasir Mosque",
        "@geometry": "center"
      },
      "geometry": {
        "type": "Point",
        "coordinates": [
          -1.2162475,
          54.6930551
        ]
      },
      "id": "way/303656639"
    },
    {
      "type": "Feature",
      "properties": {
        "@id": "way/303875798",
        "amenity": "place_of_worship",
        "building": "mosque",
        "check_date": "2025-10-14",
        "name": "City Central Mosque",
        "religion": "muslim",
        "@geometry": "center"
      },
      "geometry": {
        "type": "Point",
        "coordinates": [
          -2.1769677,
          53.0183531
        ]
      },
      "id": "way/303875798"
    },
    {
      "type": "Feature",
      "properties": {
        "@id": "way/305035308",
        "alt_name": "Suleymaniye",
        "amenity": "place_of_worship",
        "building": "yes",
        "name": "Suleymaniye Mosque",
        "religion": "muslim",
        "wikidata": "Q2381974",
        "wikipedia": "en:Suleymaniye Mosque (London)",
        "@geometry": "center"
      },
      "geometry": {
        "type": "Point",
        "coordinates": [
          -0.0764441,
          51.5353015
        ]
      },
      "id": "way/305035308"
    },
    {
      "type": "Feature",
      "properties": {
        "@id": "node/306463490",
        "addr:city": "Newcastle upon Tyne",
        "addr:housename": "Turkish Community Association",
        "addr:housenumber": "35",
        "addr:postcode": "NE4 8SA",
        "addr:street": "Grainger Park Road",
        "amenity": "place_of_worship",
        "denomination": "sunni",
        "name": "Kotku Mosque",
        "phone": "+44 191 273 9000",
        "religion": "muslim"
      },
      "geometry": {
        "type": "Point",
        "coordinates": [
          -1.6486262,
          54.9705697
        ]
      },
      "id": "node/306463490"
    },
    {
      "type": "Feature",
      "properties": {
        "@id": "way/307864360",
        "addr:city": "Barnsley",
        "addr:postcode": "S70 6PB",
        "addr:street": "Dodworth Road",
        "amenity": "place_of_worship",
        "building": "house",
        "name": "Barnsley Muslim Community Centre",
        "ref:GB:uprn": "100050619590",
        "religion": "muslim",
        "@geometry": "center"
      },
      "geometry": {
        "type": "Point",
        "coordinates": [
          -1.5029837,
          53.5526704
        ]
      },
      "id": "way/307864360"
    },
    {
      "type": "Feature",
      "properties": {
        "@id": "way/311111824",
        "addr:city": "Woking",
        "addr:postcode": "GU22 7BA",
        "amenity": "place_of_worship",
        "building": "mosque",
        "lastcheck": "2017-06-28",
        "name": "Shah Jahan Mosque",
        "religion": "muslim",
        "source": "Surrey Air Survey",
        "wikidata": "Q1549077",
        "wikipedia": "en:Shah Jahan Mosque, Woking",
        "@geometry": "center"
      },
      "geometry": {
        "type": "Point",
        "coordinates": [
          -0.5445501,
          51.3226743
        ]
      },
      "id": "way/311111824"
    },
    {
      "type": "Feature",
      "properties": {
        "@id": "way/312335185",
        "addr:city": "Birmingham",
        "addr:postcode": "B12 9AE",
        "addr:street": "Moseley Road",
        "amenity": "place_of_worship",
        "building": "yes",
        "name": "Bangladeshi Isalmic Social Organisation & Modina Mosque",
        "religion": "muslim",
        "source": "survey",
        "@geometry": "center"
      },
      "geometry": {
        "type": "Point",
        "coordinates": [
          -1.8856076,
          52.4562771
        ]
      },
      "id": "way/312335185"
    },
    {
      "type": "Feature",
      "properties": {
        "@id": "way/315525372",
        "amenity": "place_of_worship",
        "building": "yes",
        "name": "West London Islamic Centre & Greenford Mosque",
        "religion": "muslim",
        "@geometry": "center"
      },
      "geometry": {
        "type": "Point",
        "coordinates": [
          -0.3519161,
          51.5268963
        ]
      },
      "id": "way/315525372"
    },
    {
      "type": "Feature",
      "properties": {
        "@id": "way/316388089",
        "addr:city": "London",
        "addr:postcode": "W13 0SQ",
        "alt_name": "West London Islamic Centre",
        "amenity": "place_of_worship",
        "building": "yes",
        "name": "Jamia Masjid UKIM",
        "ref:GB:uprn": "12198139;12156293;12198138",
        "religion": "muslim",
        "@geometry": "center"
      },
      "geometry": {
        "type": "Point",
        "coordinates": [
          -0.326266,
          51.5104278
        ]
      },
      "id": "way/316388089"
    },
    {
      "type": "Feature",
      "properties": {
        "@id": "way/316802868",
        "addr:city": "Walsall",
        "addr:housenumber": "4",
        "addr:postcode": "WS1 4HJ",
        "addr:street": "Rutter Street",
        "amenity": "place_of_worship",
        "building": "yes",
        "building:levels": "2",
        "denomination": "sunni",
        "name": "Aisha Mosque & Islamic Centre",
        "ref:GB:uprn": "200002160937",
        "religion": "muslim",
        "@geometry": "center"
      },
      "geometry": {
        "type": "Point",
        "coordinates": [
          -1.9850192,
          52.5766956
        ]
      },
      "id": "way/316802868"
    },
    {
      "type": "Feature",
      "properties": {
        "@id": "way/316802906",
        "addr:city": "Walsall",
        "addr:postcode": "WS1 4JJ",
        "addr:street": "Wednesbury Road",
        "amenity": "place_of_worship",
        "building": "yes",
        "denomination": "sunni",
        "name": "Masjid Abu Bakr",
        "ref:GB:uprn": "200003322724;200003322728;200003322727;200003322726;200003322725;10013666205",
        "religion": "muslim",
        "source": "bing",
        "@geometry": "center"
      },
      "geometry": {
        "type": "Point",
        "coordinates": [
          -1.9908742,
          52.576351
        ]
      },
      "id": "way/316802906"
    },
    {
      "type": "Feature",
      "properties": {
        "@id": "way/319706071",
        "addr:city": "London",
        "addr:country": "GB",
        "addr:housenumber": "440",
        "addr:street": "Hornsey Road",
        "amenity": "place_of_worship",
        "building": "yes",
        "building:levels": "3",
        "name": "Masjid e Yusuf",
        "old_name": "Hanley Arms",
        "religion": "muslim",
        "wikidata": "Q26490212",
        "@geometry": "center"
      },
      "geometry": {
        "type": "Point",
        "coordinates": [
          -0.120722,
          51.5659057
        ]
      },
      "id": "way/319706071"
    },
    {
      "type": "Feature",
      "properties": {
        "@id": "way/320044626",
        "addr:city": "Wolverhampton",
        "addr:housenumber": "283",
        "addr:postcode": "WV6 0RS",
        "addr:street": "Newhampton Road West",
        "amenity": "place_of_worship",
        "building": "yes",
        "name": "Hussaini Islamic Mission & Ali (AS) Mosque, Shia Muslim Community & Welfare Centre",
        "ref:GB:uprn": "100071373904",
        "religion": "muslim",
        "source:building": "Bing",
        "@geometry": "center"
      },
      "geometry": {
        "type": "Point",
        "coordinates": [
          -2.1522746,
          52.5953874
        ]
      },
      "id": "way/320044626"
    },
    {
      "type": "Feature",
      "properties": {
        "@id": "way/320746029",
        "amenity": "place_of_worship",
        "building": "yes",
        "name": "Masjid Ibraheem",
        "religion": "muslim",
        "@geometry": "center"
      },
      "geometry": {
        "type": "Point",
        "coordinates": [
          -1.5487639,
          53.773146
        ]
      },
      "id": "way/320746029"
    },
    {
      "type": "Feature",
      "properties": {
        "@id": "way/320881256",
        "addr:city": "Northwich",
        "addr:housenumber": "6",
        "addr:postcode": "CW9 5NT",
        "addr:street": "Church Road",
        "amenity": "place_of_worship",
        "building": "retail",
        "name": "NMC Centre & Masjid",
        "ref:GB:uprn": "100010182220",
        "religion": "muslim",
        "@geometry": "center"
      },
      "geometry": {
        "type": "Point",
        "coordinates": [
          -2.5061801,
          53.2622498
        ]
      },
      "id": "way/320881256"
    },
    {
      "type": "Feature",
      "properties": {
        "@id": "way/322308036",
        "addr:city": "Kilmarnock",
        "addr:housenumber": "58",
        "addr:postcode": "KA3 1JD",
        "addr:street": "Hill Street",
        "alt_name": "Ayrshire Central Mosque",
        "amenity": "place_of_worship",
        "building": "mosque",
        "denomination": "sunni",
        "female": "yes",
        "name": "Ayrshire Central Masjid",
        "ref:GB-SCO:charity": "SC041200",
        "ref:GB:uprn": "127012948",
        "ref:canmore": "365830",
        "religion": "muslim",
        "website": "https://ayrshirecentralmosque.org.uk/",
        "@geometry": "center"
      },
      "geometry": {
        "type": "Point",
        "coordinates": [
          -4.4994781,
          55.6156429
        ]
      },
      "id": "way/322308036"
    },
    {
      "type": "Feature",
      "properties": {
        "@id": "way/322572271",
        "amenity": "place_of_worship",
        "building": "yes",
        "name": "Islamic Cultural Centre",
        "religion": "muslim",
        "@geometry": "center"
      },
      "geometry": {
        "type": "Point",
        "coordinates": [
          -3.4931998,
          53.3200739
        ]
      },
      "id": "way/322572271"
    },
    {
      "type": "Feature",
      "properties": {
        "@id": "way/322578667",
        "amenity": "place_of_worship",
        "building": "yes",
        "name": "Galler Turkish Mosque",
        "religion": "muslim",
        "@geometry": "center"
      },
      "geometry": {
        "type": "Point",
        "coordinates": [
          -3.4781392,
          53.3156099
        ]
      },
      "id": "way/322578667"
    },
    {
      "type": "Feature",
      "properties": {
        "@id": "node/322694965",
        "amenity": "place_of_worship",
        "name": "Noor Al Hadi Mosque",
        "religion": "muslim"
      },
      "geometry": {
        "type": "Point",
        "coordinates": [
          -1.4274416,
          53.3896753
        ]
      },
      "id": "node/322694965"
    },
    {
      "type": "Feature",
      "properties": {
        "@id": "way/324430023",
        "addr:city": "Halesowen",
        "addr:housename": "Ahmadiyya Muslim Association",
        "addr:housenumber": "224",
        "addr:postcode": "B62 9JT",
        "addr:street": "Long Lane",
        "alt_name": "Baitul Ghafoor;Bait-ul-Ghafoor",
        "alt_name:ur": "بیت الغفور",
        "amenity": "place_of_worship",
        "building": "yes",
        "denomination": "ahmadiyya",
        "name": "Baitul Ghafoor Mosque",
        "name:ur": "مسجد بیت الغفور",
        "religion": "muslim",
        "source": "bing",
        "@geometry": "center"
      },
      "geometry": {
        "type": "Point",
        "coordinates": [
          -2.0293757,
          52.4640773
        ]
      },
      "id": "way/324430023"
    },
    {
      "type": "Feature",
      "properties": {
        "@id": "way/324438167",
        "amenity": "place_of_worship",
        "building": "yes",
        "name": "Jamia Mosque Blackheath",
        "religion": "muslim",
        "source": "bing",
        "@geometry": "center"
      },
      "geometry": {
        "type": "Point",
        "coordinates": [
          -2.0351902,
          52.47077
        ]
      },
      "id": "way/324438167"
    },
    {
      "type": "Feature",
      "properties": {
        "@id": "way/324579668",
        "amenity": "place_of_worship",
        "building": "yes",
        "name": "Central Jamia Mosque",
        "religion": "muslim",
        "@geometry": "center"
      },
      "geometry": {
        "type": "Point",
        "coordinates": [
          -0.3847758,
          51.4992687
        ]
      },
      "id": "way/324579668"
    },
    {
      "type": "Feature",
      "properties": {
        "@id": "way/324799887",
        "addr:city": "Lincoln",
        "addr:housenumber": "2",
        "addr:postcode": "LN2 4LA",
        "addr:street": "Proctors Road",
        "amenity": "place_of_worship",
        "building": "yes",
        "denomination": "sunni",
        "name": "Faizan-e-Madina Lincoln Islamic Centre & Mosque",
        "opening_hours": "Mo-Su 12:30-23:30",
        "ref:GB:uprn": "235049192",
        "religion": "muslim",
        "@geometry": "center"
      },
      "geometry": {
        "type": "Point",
        "coordinates": [
          -0.5092627,
          53.239047
        ]
      },
      "id": "way/324799887"
    },
    {
      "type": "Feature",
      "properties": {
        "@id": "way/326269689",
        "addr:city": "Ellesmere Port",
        "addr:country": "GB",
        "addr:housenumber": "82-84",
        "addr:postcode": "CH65 4BH",
        "addr:street": "Station Road",
        "amenity": "place_of_worship",
        "building": "yes",
        "name": "Ellesmere Port Masjid & Islamic Centre",
        "operator": "Ellesmere Port Masjid & Islamic Centre",
        "ref:GB-EAW:charity": "1195799",
        "religion": "muslim",
        "source": "survey",
        "@geometry": "center"
      },
      "geometry": {
        "type": "Point",
        "coordinates": [
          -2.8952859,
          53.2843249
        ]
      },
      "id": "way/326269689"
    },
    {
      "type": "Feature",
      "properties": {
        "@id": "way/327160492",
        "addr:city": "Redhill",
        "addr:country": "GB",
        "addr:housenumber": "30",
        "addr:postcode": "RH1 6HW",
        "addr:street": "Earlswood Road",
        "amenity": "place_of_worship",
        "building": "mosque",
        "name": "Redhill Islamic Centre",
        "religion": "muslim",
        "source": "P141-0342",
        "wheelchair": "limited",
        "wheelchair:description": "Appears to be step-free from footways prayer hall. Narrow passage.",
        "@geometry": "center"
      },
      "geometry": {
        "type": "Point",
        "coordinates": [
          -0.1720894,
          51.2281938
        ]
      },
      "id": "way/327160492"
    },
    {
      "type": "Feature",
      "properties": {
        "@id": "way/330359922",
        "addr:city": "Chesham",
        "addr:housenumber": "212",
        "addr:postcode": "HP5 2NN",
        "addr:street": "Bellingdon Road",
        "amenity": "place_of_worship",
        "building": "mosque",
        "denomination": "sunni",
        "name": "Chesham Mosque",
        "religion": "muslim",
        "website": "https://www.cheshammosque.org.uk/",
        "wikidata": "Q5092928",
        "@geometry": "center"
      },
      "geometry": {
        "type": "Point",
        "coordinates": [
          -0.6143601,
          51.7119026
        ]
      },
      "id": "way/330359922"
    },
    {
      "type": "Feature",
      "properties": {
        "@id": "way/337472195",
        "amenity": "place_of_worship",
        "building": "yes",
        "name": "Gillani Noor Mosque",
        "religion": "muslim",
        "@geometry": "center"
      },
      "geometry": {
        "type": "Point",
        "coordinates": [
          -2.1214011,
          52.9810001
        ]
      },
      "id": "way/337472195"
    },
    {
      "type": "Feature",
      "properties": {
        "@id": "way/338351270",
        "addr:city": "London",
        "addr:housenumber": "31",
        "addr:postcode": "N8 7FB",
        "addr:street": "High Street",
        "amenity": "place_of_worship",
        "building": "yes",
        "denomination": "sunni",
        "name": "Londra Diyanet Camii",
        "name:en": "London Diyanet Mosque",
        "operator": "Turkish Religious Foundation of the United Kingdom",
        "operator:reg_charity_no": "1086377",
        "operator:tk": "İngiltera Türk Diyanet Vakfi",
        "religion": "muslim",
        "@geometry": "center"
      },
      "geometry": {
        "type": "Point",
        "coordinates": [
          -0.1175137,
          51.5880084
        ]
      },
      "id": "way/338351270"
    },
    {
      "type": "Feature",
      "properties": {
        "@id": "way/338674798",
        "addr:city": "Nottingham",
        "addr:postcode": "NG7 6JA",
        "addr:street": "Alberta Terrace",
        "amenity": "place_of_worship",
        "building": "church",
        "denomination": "sunni",
        "name": "Madni Masjid",
        "note": "formerly a Primitive Methodist Church",
        "ref:GB:uprn": "100032130059",
        "religion": "muslim",
        "source": "survey;NCC Places of Worship Open Data",
        "@geometry": "center"
      },
      "geometry": {
        "type": "Point",
        "coordinates": [
          -1.1613821,
          52.9714865
        ]
      },
      "id": "way/338674798"
    },
    {
      "type": "Feature",
      "properties": {
        "@id": "way/339730263",
        "addr:city": "Chorley",
        "addr:postcode": "PR6 0NZ",
        "addr:street": "Charnock Street",
        "amenity": "place_of_worship",
        "building": "mosque",
        "check_date": "2023-10-21",
        "name": "Da'watul Islam Mosque",
        "religion": "muslim",
        "@geometry": "center"
      },
      "geometry": {
        "type": "Point",
        "coordinates": [
          -2.6225499,
          53.6495706
        ]
      },
      "id": "way/339730263"
    },
    {
      "type": "Feature",
      "properties": {
        "@id": "way/340445464",
        "amenity": "place_of_worship",
        "building": "mosque",
        "building:levels": "2",
        "religion": "muslim",
        "@geometry": "center"
      },
      "geometry": {
        "type": "Point",
        "coordinates": [
          -2.4550893,
          53.7502437
        ]
      },
      "id": "way/340445464"
    },
    {
      "type": "Feature",
      "properties": {
        "@id": "way/346297225",
        "addr:city": "Blackburn",
        "addr:street": "Cedar Street",
        "amenity": "place_of_worship",
        "building": "yes",
        "denomination": "sunni",
        "name": "Masjid e Bilaal",
        "ref:GB:uprn": "200002826791",
        "religion": "muslim",
        "@geometry": "center"
      },
      "geometry": {
        "type": "Point",
        "coordinates": [
          -2.4739791,
          53.7628528
        ]
      },
      "id": "way/346297225"
    },
    {
      "type": "Feature",
      "properties": {
        "@id": "way/346991201",
        "addr:city": "Bristol",
        "addr:housenumber": "145-149",
        "addr:postcode": "BS5 6PR",
        "addr:street": "Fishponds Road",
        "amenity": "place_of_worship",
        "building": "yes",
        "name": "Jalalabad Islamic Centre",
        "religion": "muslim",
        "@geometry": "center"
      },
      "geometry": {
        "type": "Point",
        "coordinates": [
          -2.5583833,
          51.4729131
        ]
      },
      "id": "way/346991201"
    },
    {
      "type": "Feature",
      "properties": {
        "@id": "way/355298073",
        "addr:city": "Nottingham",
        "addr:postcode": "NG6 0DG",
        "addr:street": "Queensberry Street",
        "amenity": "place_of_worship",
        "building": "yes",
        "name": "Masjid Al-Kharza",
        "phone": "+44 115 837 1338",
        "ref:GB:uprn": "10034852038",
        "religion": "muslim",
        "source": "survey",
        "source:name": "survey",
        "@geometry": "center"
      },
      "geometry": {
        "type": "Point",
        "coordinates": [
          -1.1801876,
          52.9864102
        ]
      },
      "id": "way/355298073"
    },
    {
      "type": "Feature",
      "properties": {
        "@id": "node/355564504",
        "addr:street": "Lex Street",
        "amenity": "place_of_worship",
        "created_by": "Potlatch 0.10f",
        "opening_hours": "24/7",
        "outdoor_seating": "no",
        "religion": "muslim",
        "website": "http://quwwateducationcentre.org.u"
      },
      "geometry": {
        "type": "Point",
        "coordinates": [
          -2.6790464,
          53.761314
        ]
      },
      "id": "node/355564504"
    },
    {
      "type": "Feature",
      "properties": {
        "@id": "way/356678568",
        "amenity": "place_of_worship",
        "building": "mosque",
        "check_date": "2026-05-29",
        "name": "Surrey Muslim Centre",
        "religion": "muslim",
        "@geometry": "center"
      },
      "geometry": {
        "type": "Point",
        "coordinates": [
          -0.4795683,
          51.3744251
        ]
      },
      "id": "way/356678568"
    },
    {
      "type": "Feature",
      "properties": {
        "@id": "way/356861004",
        "addr:city": "Nottingham",
        "addr:housenumber": "43",
        "addr:postcode": "NG8 1NB",
        "addr:street": "Radford Bridge Road",
        "amenity": "place_of_worship",
        "building": "yes",
        "description": "\"Masjid / The Quran School / Dawah Centre\"",
        "name": "Muslim Cultural Centre Wollaton",
        "operator": "Karimia Institute",
        "religion": "muslim",
        "source": "survey",
        "source:addr": "Banner outside",
        "website": "https://www.karimia.com/",
        "@geometry": "center"
      },
      "geometry": {
        "type": "Point",
        "coordinates": [
          -1.1939007,
          52.9565446
        ]
      },
      "id": "way/356861004"
    },
    {
      "type": "Feature",
      "properties": {
        "@id": "way/358289213",
        "addr:city": "Walsall",
        "addr:housenumber": "34-38",
        "addr:postcode": "WS1 3PJ",
        "addr:street": "Mount Street",
        "amenity": "place_of_worship",
        "building": "yes",
        "denomination": "sunni",
        "name": "Masjid Ghausia Qasmia & Community Hub",
        "phone": "+441922621200",
        "ref:GB:uprn": "10013661294",
        "religion": "muslim",
        "source": "bing",
        "start_date": "1984",
        "@geometry": "center"
      },
      "geometry": {
        "type": "Point",
        "coordinates": [
          -1.9827354,
          52.5784632
        ]
      },
      "id": "way/358289213"
    },
    {
      "type": "Feature",
      "properties": {
        "@id": "way/358291142",
        "amenity": "place_of_worship",
        "building": "mosque",
        "denomination": "sunni",
        "name": "Masjid Al-Farooq",
        "ref:GB:uprn": "10013661293",
        "religion": "muslim",
        "@geometry": "center"
      },
      "geometry": {
        "type": "Point",
        "coordinates": [
          -1.9894955,
          52.575683
        ]
      },
      "id": "way/358291142"
    },
    {
      "type": "Feature",
      "properties": {
        "@id": "way/358297336",
        "addr:city": "Walsall",
        "addr:housenumber": "15",
        "addr:postcode": "WS2 8NF",
        "addr:street": "Birchills Street",
        "amenity": "place_of_worship",
        "building": "yes",
        "denomination": "sunni",
        "name": "Syeda Fatima Zahra Centre",
        "phone": "+44 7961 250756",
        "ref:GB:uprn": "200003321687;10095684274;10095684275;10095684276",
        "religion": "muslim",
        "source": "bing",
        "@geometry": "center"
      },
      "geometry": {
        "type": "Point",
        "coordinates": [
          -1.9914702,
          52.5877344
        ]
      },
      "id": "way/358297336"
    },
    {
      "type": "Feature",
      "properties": {
        "@id": "node/361266226",
        "addr:housenumber": "8-10",
        "addr:postcode": "EH11 1HT",
        "addr:street": "Temple Park Crescent",
        "amenity": "place_of_worship",
        "check_date": "2026-08-18",
        "name": "Idara Taleem Ul Quran Trust",
        "name:en": "Polwarth Mosque",
        "phone": "+44 131 229 3844",
        "religion": "muslim",
        "website": "https://www.polwarth-masjid.co.uk/"
      },
      "geometry": {
        "type": "Point",
        "coordinates": [
          -3.218234,
          55.9384166
        ]
      },
      "id": "node/361266226"
    },
    {
      "type": "Feature",
      "properties": {
        "@id": "way/361778574",
        "addr:city": "Walsall",
        "addr:housename": "Old Blake House",
        "addr:housenumber": "150",
        "addr:postcode": "WS1 3BX",
        "addr:street": "Bath Street",
        "amenity": "place_of_worship",
        "building": "mosque",
        "name": "Jalalia Sunni Jami Masjid & Islamic Education Centre",
        "religion": "muslim",
        "@geometry": "center"
      },
      "geometry": {
        "type": "Point",
        "coordinates": [
          -1.9801244,
          52.5776271
        ]
      },
      "id": "way/361778574"
    },
    {
      "type": "Feature",
      "properties": {
        "@id": "way/361906684",
        "addr:city": "Walsall",
        "addr:housenumber": "48",
        "addr:postcode": "WS1 3PE",
        "addr:street": "Hart Street",
        "amenity": "place_of_worship",
        "building": "yes",
        "denomination": "sunni",
        "name": "Shah Jalal Jami Masjid & Madrasah",
        "phone": "+441922517374",
        "religion": "muslim",
        "source": "bing",
        "start_date": "1985",
        "website": "https://www.shahjalal.org/",
        "@geometry": "center"
      },
      "geometry": {
        "type": "Point",
        "coordinates": [
          -1.9831296,
          52.578412
        ]
      },
      "id": "way/361906684"
    },
    {
      "type": "Feature",
      "properties": {
        "@id": "way/361907268",
        "addr:city": "Walsall",
        "addr:postcode": "WS1 3PS",
        "addr:street": "Brace Street",
        "amenity": "place_of_worship",
        "building": "yes",
        "denomination": "sunni",
        "name": "Masjid-E-Usman",
        "religion": "muslim",
        "@geometry": "center"
      },
      "geometry": {
        "type": "Point",
        "coordinates": [
          -1.9839026,
          52.5779055
        ]
      },
      "id": "way/361907268"
    },
    {
      "type": "Feature",
      "properties": {
        "@id": "way/361926795",
        "addr:city": "Oldham",
        "addr:housename": "Medina Mosque & Islamic Centre",
        "addr:postcode": "OL8 1BT",
        "addr:street": "Clydesdale Street",
        "amenity": "place_of_worship",
        "building": "mosque",
        "denomination": "sunni",
        "email": "info@madinamosqueoldham.org",
        "name": "Medina Mosque & Islamic Centre",
        "phone": "+44161 464 6168",
        "ref:GB:uprn": "422000120561",
        "religion": "muslim",
        "website": "https://themadinamosque.com/",
        "@geometry": "center"
      },
      "geometry": {
        "type": "Point",
        "coordinates": [
          -2.1170457,
          53.5291884
        ]
      },
      "id": "way/361926795"
    },
    {
      "type": "Feature",
      "properties": {
        "@id": "way/362937226",
        "addr:city": "Manchester",
        "addr:housenumber": "115",
        "addr:postcode": "M16 9LT",
        "addr:street": "Stamford Street",
        "amenity": "place_of_worship",
        "building": "yes",
        "building:levels": "2",
        "building:part": "yes",
        "name": "Masjid-e-Noor",
        "ref:GB:uprn": "10070407010",
        "religion": "muslim",
        "roof:shape": "gabled",
        "@geometry": "center"
      },
      "geometry": {
        "type": "Point",
        "coordinates": [
          -2.2631296,
          53.4607508
        ]
      },
      "id": "way/362937226"
    },
    {
      "type": "Feature",
      "properties": {
        "@id": "way/362937229",
        "addr:city": "Manchester",
        "addr:housenumber": "26",
        "addr:postcode": "M16 9LJ",
        "addr:street": "Blackburn Street",
        "amenity": "place_of_worship",
        "building": "yes",
        "building:levels": "2",
        "building:part": "yes",
        "check_date": "2024-06-25",
        "name": "Masjid Imdadia",
        "ref:GB:uprn": "10070453668",
        "religion": "muslim",
        "roof:shape": "gabled",
        "@geometry": "center"
      },
      "geometry": {
        "type": "Point",
        "coordinates": [
          -2.2664899,
          53.4609665
        ]
      },
      "id": "way/362937229"
    },
    {
      "type": "Feature",
      "properties": {
        "@id": "way/364987768",
        "addr:housenumber": "22-24",
        "addr:postcode": "M16 8LD",
        "addr:street": "Clarendon Road",
        "amenity": "place_of_worship",
        "building": "house",
        "building:use": "amenity",
        "name": "Zakaria Mosque",
        "ref:GB:uprn": "10090665108",
        "religion": "muslim",
        "@geometry": "center"
      },
      "geometry": {
        "type": "Point",
        "coordinates": [
          -2.2589191,
          53.4480956
        ]
      },
      "id": "way/364987768"
    },
    {
      "type": "Feature",
      "properties": {
        "@id": "way/369555538",
        "addr:city": "Edinburgh",
        "addr:housenumber": "3",
        "addr:postcode": "EH15 1DH",
        "addr:street": "Fishwives Causeway",
        "alt_name": "Portobello Pakistani Educational & Cultural Centre",
        "amenity": "place_of_worship",
        "building": "industrial",
        "building:levels": "1",
        "denomination": "sunni",
        "loc_name": "Portobello Mosque",
        "name": "Portobello Masjid",
        "operator": "Portobello Pakistani Educational & Cultural Centre (The Madrasah)",
        "prayer_times:url": "https://portobello.go2masjid.website/",
        "ref:GB-SCT:charity": "32274",
        "religion": "muslim",
        "source": "NLS_OS_Edinburgh_map_1940s;Bing",
        "website": "https://portobello.go2masjid.website/",
        "@geometry": "center"
      },
      "geometry": {
        "type": "Point",
        "coordinates": [
          -3.1191868,
          55.9552369
        ]
      },
      "id": "way/369555538"
    },
    {
      "type": "Feature",
      "properties": {
        "@id": "way/370689714",
        "addr:city": "Stockton-on-Tees",
        "addr:housename": "Pragnell House",
        "addr:postcode": "TS18 3TT",
        "addr:street": "Sopwith Close",
        "amenity": "place_of_worship",
        "building": "yes",
        "name": "Tees Valley Muslim Community Centre",
        "religion": "muslim",
        "@geometry": "center"
      },
      "geometry": {
        "type": "Point",
        "coordinates": [
          -1.3248718,
          54.547116
        ]
      },
      "id": "way/370689714"
    },
    {
      "type": "Feature",
      "properties": {
        "@id": "way/371345671",
        "addr:city": "Birmingham",
        "addr:housenumber": "369",
        "addr:postcode": "B10 9DU",
        "addr:street": "Somerville Road",
        "amenity": "place_of_worship",
        "building": "yes",
        "name": "Madrassa Majadidia Taleem-ul-quran",
        "religion": "muslim",
        "source": "bing",
        "@geometry": "center"
      },
      "geometry": {
        "type": "Point",
        "coordinates": [
          -1.8415012,
          52.4695872
        ]
      },
      "id": "way/371345671"
    },
    {
      "type": "Feature",
      "properties": {
        "@id": "way/372940812",
        "amenity": "place_of_worship",
        "building": "mosque",
        "denomination": "sunni",
        "name": "Madina Education Trust",
        "note": "a converted church",
        "ref:GB:uprn": "10008536331",
        "religion": "muslim",
        "source": "bing",
        "@geometry": "center"
      },
      "geometry": {
        "type": "Point",
        "coordinates": [
          -2.014996,
          52.5541868
        ]
      },
      "id": "way/372940812"
    },
    {
      "type": "Feature",
      "properties": {
        "@id": "node/373837499",
        "amenity": "place_of_worship",
        "name": "Jamia Masjid Ghausia",
        "religion": "muslim",
        "source": "survey"
      },
      "geometry": {
        "type": "Point",
        "coordinates": [
          -0.5786375,
          51.5098941
        ]
      },
      "id": "node/373837499"
    },
    {
      "type": "Feature",
      "properties": {
        "@id": "way/380282106",
        "addr:city": "Wellingborough",
        "addr:housenumber": "35",
        "addr:postcode": "NN8 1JF",
        "addr:street": "Winstanley Road",
        "amenity": "place_of_worship",
        "name": "Shahjalal Jame Mosque",
        "religion": "muslim",
        "source": "OS_OpenData_StreetView",
        "@geometry": "center"
      },
      "geometry": {
        "type": "Point",
        "coordinates": [
          -0.6873422,
          52.3028327
        ]
      },
      "id": "way/380282106"
    },
    {
      "type": "Feature",
      "properties": {
        "@id": "way/383540188",
        "addr:city": "Norwich",
        "addr:country": "GB",
        "addr:housename": "St. Remigius Church Hall",
        "addr:postcode": "NR9 3JH",
        "addr:street": "Henstead Road",
        "alt_name": "Hethersett Masjid And Islamic Community Centre",
        "amenity": "place_of_worship",
        "building": "house",
        "denomination": "sunni",
        "name": "Hethersett Masjid",
        "note": "alt_name is first line of address on companies register and places of worship register",
        "old_name": "St. Remigius Church Hall",
        "operator": "Norfolk British Muslim Association",
        "operator:type": "charity",
        "ref:GB-EAW:charity": "1201134",
        "ref:GB-EAW:company": "14159413",
        "ref:GB-EAW:rpow": "85362",
        "ref:GB:uprn": "2630163310",
        "religion": "muslim",
        "source": "OS_OpenData_VectorMapLocal",
        "website": "https://hethersettmasjid.org.uk/",
        "@geometry": "center"
      },
      "geometry": {
        "type": "Point",
        "coordinates": [
          1.1779913,
          52.6022796
        ]
      },
      "id": "way/383540188"
    },
    {
      "type": "Feature",
      "properties": {
        "@id": "way/383796227",
        "addr:city": "Walsall",
        "addr:housename": "Masjid E Umar",
        "addr:postcode": "WS10 8BB",
        "addr:street": "Bills Street",
        "addr:town": "Darlaston",
        "amenity": "place_of_worship",
        "building": "yes",
        "fhrs:id": "708816",
        "name": "Masjid-E-Umar",
        "ref:GB:uprn": "100071548562",
        "religion": "muslim",
        "source": "bing",
        "source:addr": "FHRS Open Data",
        "start_date": "1959",
        "@geometry": "center"
      },
      "geometry": {
        "type": "Point",
        "coordinates": [
          -2.0268166,
          52.5703287
        ]
      },
      "id": "way/383796227"
    },
    {
      "type": "Feature",
      "properties": {
        "@id": "way/384517738",
        "amenity": "place_of_worship",
        "building": "yes",
        "religion": "muslim",
        "@geometry": "center"
      },
      "geometry": {
        "type": "Point",
        "coordinates": [
          -2.4748824,
          53.7578544
        ]
      },
      "id": "way/384517738"
    },
    {
      "type": "Feature",
      "properties": {
        "@id": "way/385304637",
        "amenity": "place_of_worship",
        "building": "yes",
        "name": "Faizan E Madinah",
        "ref:GB:uprn": "10000856353",
        "religion": "muslim",
        "@geometry": "center"
      },
      "geometry": {
        "type": "Point",
        "coordinates": [
          -1.3564904,
          53.4262837
        ]
      },
      "id": "way/385304637"
    },
    {
      "type": "Feature",
      "properties": {
        "@id": "way/385818587",
        "addr:city": "Rotherham",
        "addr:housenumber": "112-114",
        "addr:postcode": "S60 1JF",
        "addr:street": "College Road",
        "amenity": "place_of_worship",
        "building": "yes",
        "name": "Jamia Masjid",
        "religion": "muslim",
        "@geometry": "center"
      },
      "geometry": {
        "type": "Point",
        "coordinates": [
          -1.3684584,
          53.4313444
        ]
      },
      "id": "way/385818587"
    },
    {
      "type": "Feature",
      "properties": {
        "@id": "way/386030104",
        "amenity": "place_of_worship",
        "building": "yes",
        "name": "Jamia Masjid Noor-Ul-Huda",
        "religion": "muslim",
        "@geometry": "center"
      },
      "geometry": {
        "type": "Point",
        "coordinates": [
          -1.3835907,
          53.429692
        ]
      },
      "id": "way/386030104"
    },
    {
      "type": "Feature",
      "properties": {
        "@id": "way/386177692",
        "addr:city": "Lancaster",
        "addr:postcode": "LA1 3BX",
        "addr:street": "Dumbarton Road",
        "amenity": "place_of_worship",
        "building": "church",
        "building:levels": "1",
        "check_date": "2024-02-14",
        "name": "Moorlands Islamic Centre",
        "ref:GB:uprn": "100012622470",
        "religion": "muslim",
        "roof:levels": "0",
        "roof:shape": "gabled",
        "website": "https://moorlandsisoc.org",
        "wheelchair": "no",
        "@geometry": "center"
      },
      "geometry": {
        "type": "Point",
        "coordinates": [
          -2.7922893,
          54.0462893
        ]
      },
      "id": "way/386177692"
    },
    {
      "type": "Feature",
      "properties": {
        "@id": "way/387154517",
        "amenity": "place_of_worship",
        "building": "yes",
        "name": "Jamia Masjid",
        "ref:GB:uprn": "100052102379",
        "religion": "muslim",
        "@geometry": "center"
      },
      "geometry": {
        "type": "Point",
        "coordinates": [
          -1.3507575,
          53.4255672
        ]
      },
      "id": "way/387154517"
    },
    {
      "type": "Feature",
      "properties": {
        "@id": "way/387326981",
        "amenity": "place_of_worship",
        "building": "yes",
        "name": "Markazul Uloom Al Islamiyya",
        "ref:GB:uprn": "200000568479;200000576066",
        "religion": "muslim",
        "@geometry": "center"
      },
      "geometry": {
        "type": "Point",
        "coordinates": [
          -1.3451178,
          53.4340615
        ]
      },
      "id": "way/387326981"
    },
    {
      "type": "Feature",
      "properties": {
        "@id": "way/387360626",
        "amenity": "place_of_worship",
        "building": "mosque",
        "denomination": "sunni",
        "name": "Jamia Masjid Abu Bakr Mosque",
        "ref:GB:uprn": "10093478866",
        "religion": "muslim",
        "@geometry": "center"
      },
      "geometry": {
        "type": "Point",
        "coordinates": [
          -1.3496061,
          53.4376125
        ]
      },
      "id": "way/387360626"
    },
    {
      "type": "Feature",
      "properties": {
        "@id": "way/389102310",
        "addr:city": "Middlesbrough",
        "addr:housenumber": "30",
        "addr:postcode": "TS1 3EX",
        "addr:street": "Southfield Road",
        "amenity": "place_of_worship",
        "building": "church",
        "name": "Dar-ul Islam Central Mosque",
        "phone": "+44 1642 254585",
        "religion": "muslim",
        "source": "Bing",
        "@geometry": "center"
      },
      "geometry": {
        "type": "Point",
        "coordinates": [
          -1.2311806,
          54.5704923
        ]
      },
      "id": "way/389102310"
    },
    {
      "type": "Feature",
      "properties": {
        "@id": "way/391391587",
        "addr:city": "Bexhill-on-Sea",
        "addr:housenumber": "1",
        "addr:postcode": "TN40 1QA",
        "addr:street": "Clifford Road",
        "amenity": "place_of_worship",
        "building": "mosque",
        "building:levels": "2",
        "contact:email": "info@bmic.org.uk",
        "contact:phone": "+44 1424 211977",
        "contact:website": "http://bmic.org.uk/",
        "denomination": "sunni",
        "name": "Bexhill Masjid & Islamic Centre",
        "opening_hours": "06:00-22:00",
        "operator": "Bexhill Islamic Association",
        "ref:GB:uprn": "100060087100;100062587470",
        "ref:charity": "1109609",
        "religion": "muslim",
        "start_date": "2012",
        "wikimedia_commons": "File:Bexhill Masjid & Islamic Centre, Clifford Road, Bexhill.jpg",
        "@geometry": "center"
      },
      "geometry": {
        "type": "Point",
        "coordinates": [
          0.4741471,
          50.841369
        ]
      },
      "id": "way/391391587"
    },
    {
      "type": "Feature",
      "properties": {
        "@id": "way/393878795",
        "amenity": "place_of_worship",
        "building": "yes",
        "name": "Masjidur Raashideen",
        "religion": "muslim",
        "source": "Bing",
        "@geometry": "center"
      },
      "geometry": {
        "type": "Point",
        "coordinates": [
          -1.7839322,
          53.8088891
        ]
      },
      "id": "way/393878795"
    },
    {
      "type": "Feature",
      "properties": {
        "@id": "way/394429179",
        "addr:city": "London",
        "addr:housenumber": "7",
        "addr:postcode": "SW6 4HW",
        "addr:street": "Bridges Place",
        "amenity": "place_of_worship",
        "building": "yes",
        "name": "West London Islamic Cultural Centre",
        "religion": "muslim",
        "website": "https://www.wlicc.org/",
        "@geometry": "center"
      },
      "geometry": {
        "type": "Point",
        "coordinates": [
          -0.2018425,
          51.4766086
        ]
      },
      "id": "way/394429179"
    },
    {
      "type": "Feature",
      "properties": {
        "@id": "way/394676530",
        "addr:city": "Bristol",
        "addr:suburb": "Easton",
        "amenity": "place_of_worship",
        "building": "mosque",
        "denomination": "sunni",
        "name": "Greenbank Masjid",
        "ref:GB:uprn": "300210",
        "religion": "muslim",
        "wikidata": "Q135246232",
        "@geometry": "center"
      },
      "geometry": {
        "type": "Point",
        "coordinates": [
          -2.5577706,
          51.4678463
        ]
      },
      "id": "way/394676530"
    },
    {
      "type": "Feature",
      "properties": {
        "@id": "way/401459734",
        "addr:city": "Gateshead",
        "addr:housenumber": "1",
        "addr:postcode": "NE8 1NR",
        "addr:street": "Ely Street",
        "amenity": "place_of_worship",
        "building": "church",
        "denomination": "sunni",
        "name": "Masjid Awliya Allah",
        "ref:GB:uprn": "10022987590",
        "religion": "muslim",
        "source": "Bing",
        "@geometry": "center"
      },
      "geometry": {
        "type": "Point",
        "coordinates": [
          -1.60335,
          54.9561958
        ]
      },
      "id": "way/401459734"
    },
    {
      "type": "Feature",
      "properties": {
        "@id": "way/402949925",
        "addr:city": "Wellingborough",
        "addr:country": "GB",
        "addr:housenumber": "37",
        "addr:postcode": "NN8 1JD",
        "addr:street": "Winstanley Road",
        "amenity": "place_of_worship",
        "building": "mosque",
        "email": "islahulmuslimeen@hotmail.co.uk",
        "name": "Islah-Ul-Muslimeen",
        "note": "The mosque & community centre",
        "religion": "muslim",
        "website": "https://www.wellingboroughmosque.co.uk/",
        "@geometry": "center"
      },
      "geometry": {
        "type": "Point",
        "coordinates": [
          -0.6868359,
          52.3028771
        ]
      },
      "id": "way/402949925"
    },
    {
      "type": "Feature",
      "properties": {
        "@id": "way/402966795",
        "amenity": "place_of_worship",
        "building": "yes",
        "denomination": "sunni",
        "name": "Masjid Usman",
        "religion": "muslim",
        "@geometry": "center"
      },
      "geometry": {
        "type": "Point",
        "coordinates": [
          -1.7360057,
          53.7937634
        ]
      },
      "id": "way/402966795"
    },
    {
      "type": "Feature",
      "properties": {
        "@id": "node/403630765",
        "addr:city": "Milton Keynes",
        "addr:country": "GB",
        "addr:housenumber": "19",
        "addr:postcode": "MK13 0EE",
        "addr:street": "North Street",
        "addr:suburb": "New Bradwell",
        "amenity": "place_of_worship",
        "check_date": "2024-03-13",
        "name": "Al Karam Trust Mosque",
        "religion": "muslim"
      },
      "geometry": {
        "type": "Point",
        "coordinates": [
          -0.7892129,
          52.0652423
        ]
      },
      "id": "node/403630765"
    },
    {
      "type": "Feature",
      "properties": {
        "@id": "way/404115764",
        "addr:city": "Leicester",
        "addr:housenumber": "176",
        "addr:postcode": "LE2 6BD",
        "addr:street": "Welford Road",
        "amenity": "place_of_worship",
        "building": "yes",
        "name": "Masjid us Sunnah",
        "religion": "muslim",
        "website": "https://masjid-us-sunnah.com/",
        "@geometry": "center"
      },
      "geometry": {
        "type": "Point",
        "coordinates": [
          -1.1260974,
          52.6168852
        ]
      },
      "id": "way/404115764"
    },
    {
      "type": "Feature",
      "properties": {
        "@id": "way/405292731",
        "addr:city": "Leicester",
        "addr:housenumber": "1-3",
        "addr:postcode": "LE5 5PF",
        "addr:street": "Evington Drive",
        "alt_name": "Evington Muslim Centre;Khazinat Al-'Ilm",
        "amenity": "place_of_worship",
        "building": "mosque",
        "denomination": "sunni",
        "name": "Masjid Umar",
        "name:ar": "مسجد عمر",
        "phone": "+44 116 283 5529",
        "ref:GB:uprn": "2465098485",
        "religion": "muslim",
        "subdenomination": "deobandi",
        "website": "https://www.masjid-umar.org/",
        "wikidata": "Q6783356",
        "@geometry": "center"
      },
      "geometry": {
        "type": "Point",
        "coordinates": [
          -1.1018273,
          52.6242263
        ]
      },
      "id": "way/405292731"
    },
    {
      "type": "Feature",
      "properties": {
        "@id": "way/405371866",
        "addr:city": "Bristol",
        "addr:postcode": "BS5 9TG",
        "amenity": "place_of_worship",
        "building": "yes",
        "name": "Tawfiq Masjid & Centre",
        "ref:GB:uprn": "302243",
        "religion": "muslim",
        "@geometry": "center"
      },
      "geometry": {
        "type": "Point",
        "coordinates": [
          -2.5628763,
          51.4534319
        ]
      },
      "id": "way/405371866"
    },
    {
      "type": "Feature",
      "properties": {
        "@id": "way/406990786",
        "addr:city": "Edinburgh",
        "addr:housenumber": "1",
        "addr:postcode": "EH4 2AJ",
        "addr:street": "House O' Hill Road",
        "amenity": "place_of_worship",
        "building": "mosque",
        "email": "info@blackhallmosque.com",
        "name": "Blackhall Mosque",
        "phone": "+44 131 343 3802",
        "religion": "muslim",
        "source": "survey",
        "website": "https://www.blackhallmosque.com/",
        "@geometry": "center"
      },
      "geometry": {
        "type": "Point",
        "coordinates": [
          -3.2575997,
          55.9612397
        ]
      },
      "id": "way/406990786"
    },
    {
      "type": "Feature",
      "properties": {
        "@id": "way/413080443",
        "amenity": "place_of_worship",
        "building": "mosque",
        "name": "Al-Jamia Suffa-Tul-Islam Grand Mosque",
        "religion": "muslim",
        "wikidata": "Q114119919",
        "wikipedia": "en:Bradford Grand Mosque",
        "@geometry": "center"
      },
      "geometry": {
        "type": "Point",
        "coordinates": [
          -1.7693077,
          53.7843598
        ]
      },
      "id": "way/413080443"
    },
    {
      "type": "Feature",
      "properties": {
        "@id": "way/413903618",
        "amenity": "place_of_worship",
        "building": "yes",
        "check_date": "2026-06-15",
        "name": "Kirkcaldy Central Mosque",
        "religion": "muslim",
        "@geometry": "center"
      },
      "geometry": {
        "type": "Point",
        "coordinates": [
          -3.1750972,
          56.1308876
        ]
      },
      "id": "way/413903618"
    },
    {
      "type": "Feature",
      "properties": {
        "@id": "way/414599833",
        "addr:city": "Huddersfield",
        "addr:country": "GB",
        "addr:housename": "Masjid Noor",
        "addr:postcode": "HD1 3JS",
        "addr:street": "Crosland Road",
        "addr:suburb": "Thornton Lodge",
        "amenity": "place_of_worship",
        "building": "church",
        "denomination": "sunni",
        "name": "Jamia Masjid Noor",
        "phone": "+44 1484 423081",
        "religion": "muslim",
        "source": "website",
        "subdenomination": "deobandi",
        "website": "https://www.jamiamasjidnoor.co.uk/",
        "@geometry": "center"
      },
      "geometry": {
        "type": "Point",
        "coordinates": [
          -1.7976717,
          53.6391186
        ]
      },
      "id": "way/414599833"
    },
    {
      "type": "Feature",
      "properties": {
        "@id": "way/415337806",
        "amenity": "place_of_worship",
        "building": "yes",
        "check_date": "2024-07-04",
        "name": "Rugby Mosque",
        "religion": "muslim",
        "@geometry": "center"
      },
      "geometry": {
        "type": "Point",
        "coordinates": [
          -1.2514456,
          52.3745447
        ]
      },
      "id": "way/415337806"
    },
    {
      "type": "Feature",
      "properties": {
        "@id": "way/415634281",
        "addr:city": "Barking",
        "addr:country": "GB",
        "addr:housenumber": "2",
        "addr:postcode": "IG11 8PY",
        "addr:street": "Victoria Road",
        "amenity": "place_of_worship",
        "building": "yes",
        "mapillary": "2270306469823496",
        "name": "Al Madina Mosque Barking",
        "phone": "+44 20 8478 8526",
        "religion": "muslim",
        "source": "os_street_view",
        "survey:date": "2023-02-26",
        "website": "https://barkingmosque.org.uk/",
        "@geometry": "center"
      },
      "geometry": {
        "type": "Point",
        "coordinates": [
          0.077535,
          51.544186
        ]
      },
      "id": "way/415634281"
    },
    {
      "type": "Feature",
      "properties": {
        "@id": "way/416784117",
        "addr:city": "Barking",
        "addr:country": "GB",
        "addr:housenumber": "170",
        "addr:postcode": "IG11 7LH",
        "addr:street": "Gascoigne Road",
        "amenity": "place_of_worship",
        "building": "yes",
        "name": "Masjid Alnoor",
        "religion": "muslim",
        "toilets": "yes",
        "toilets:access": "customers",
        "@geometry": "center"
      },
      "geometry": {
        "type": "Point",
        "coordinates": [
          0.0813532,
          51.5307564
        ]
      },
      "id": "way/416784117"
    },
    {
      "type": "Feature",
      "properties": {
        "@id": "way/419543489",
        "amenity": "place_of_worship",
        "building": "mosque",
        "religion": "muslim",
        "@geometry": "center"
      },
      "geometry": {
        "type": "Point",
        "coordinates": [
          -1.472211,
          52.5181338
        ]
      },
      "id": "way/419543489"
    },
    {
      "type": "Feature",
      "properties": {
        "@id": "way/424071830",
        "addr:city": "Newcastle upon Tyne",
        "addr:postcode": "NE4 6SU",
        "addr:street": "Malvern Street",
        "alt_name": "Central Newcastle Mosque",
        "amenity": "place_of_worship",
        "building": "mosque",
        "name": "Bilal Jamia Masjid",
        "ref:GB:uprn": "4510700977",
        "religion": "muslim",
        "@geometry": "center"
      },
      "geometry": {
        "type": "Point",
        "coordinates": [
          -1.6400528,
          54.96918
        ]
      },
      "id": "way/424071830"
    },
    {
      "type": "Feature",
      "properties": {
        "@id": "way/424502143",
        "amenity": "place_of_worship",
        "building": "yes",
        "denomination": "sunni",
        "name": "Langley Green Islamic Centre & Mosque",
        "ref:GB:uprn": "100062472938",
        "religion": "muslim",
        "subdenomination": "deobandi",
        "@geometry": "center"
      },
      "geometry": {
        "type": "Point",
        "coordinates": [
          -0.1864385,
          51.1310199
        ]
      },
      "id": "way/424502143"
    },
    {
      "type": "Feature",
      "properties": {
        "@id": "node/424533523",
        "addr:city": "Nottingham",
        "addr:housenumber": "2-4",
        "addr:postcode": "NG7 6BG",
        "addr:street": "Gregory Boulevard",
        "amenity": "place_of_worship",
        "name": "Shah Jahan Mosque",
        "religion": "muslim",
        "source": "survey;Yahoo"
      },
      "geometry": {
        "type": "Point",
        "coordinates": [
          -1.1680699,
          52.9656038
        ]
      },
      "id": "node/424533523"
    },
    {
      "type": "Feature",
      "properties": {
        "@id": "way/424606819",
        "addr:city": "Crawley",
        "addr:housename": "Ahmadiyya Muslim Association",
        "addr:postcode": "RH11 7TF",
        "addr:street": "Langley Drive",
        "amenity": "place_of_worship",
        "building": "yes",
        "denomination": "ahmadiyya",
        "former_name": "Elim Church Crawley",
        "name": "Noor Mosque",
        "name:ur": "مسجد نور",
        "ref:GB:uprn": "200001233586",
        "religion": "muslim",
        "website": "http://www.ahmadiyyamosques.info/2013/01/ahmadiyya-mosque-crawley-west-sussex-uk.html",
        "wikidata": "Q28970544",
        "wikipedia": "en:Noor Mosque, Crawley",
        "@geometry": "center"
      },
      "geometry": {
        "type": "Point",
        "coordinates": [
          -0.1926709,
          51.1264477
        ]
      },
      "id": "way/424606819"
    },
    {
      "type": "Feature",
      "properties": {
        "@id": "way/427635460",
        "addr:city": "Banbury",
        "addr:postcode": "OX16 4RP",
        "addr:street": "Merton Street",
        "amenity": "place_of_worship",
        "building": "mosque",
        "name": "Banbury Madni Masjid",
        "religion": "muslim",
        "source": "http://mosques.muslimsinbritain.org/show-mosque.php?id=34",
        "wikidata": "Q4854013",
        "wikipedia": "en:Banbury Mosque",
        "@geometry": "center"
      },
      "geometry": {
        "type": "Point",
        "coordinates": [
          -1.3250553,
          52.061785
        ]
      },
      "id": "way/427635460"
    },
    {
      "type": "Feature",
      "properties": {
        "@id": "way/429214701",
        "addr:city": "Nottingham",
        "addr:housenumber": "22",
        "addr:postcode": "NG7 5AJ",
        "addr:street": "Hubert Street",
        "amenity": "place_of_worship",
        "building": "yes",
        "name": "Jamia Islamia Education Centre",
        "ref:GB:uprn": "100032129561",
        "religion": "muslim",
        "source": "survey",
        "@geometry": "center"
      },
      "geometry": {
        "type": "Point",
        "coordinates": [
          -1.1697434,
          52.9633241
        ]
      },
      "id": "way/429214701"
    },
    {
      "type": "Feature",
      "properties": {
        "@id": "way/430114028",
        "addr:city": "Cambridge",
        "addr:housenumber": "107",
        "addr:postcode": "CB4 3HQ",
        "addr:street": "Darwin Drive",
        "amenity": "place_of_worship",
        "building": "house",
        "denomination": "sunni",
        "house": "semi-detached",
        "ref:GB-EAW:rpow": "85496;83421",
        "religion": "muslim",
        "source": "survey;Bing",
        "website": "https://shahjalalcambridge.org.uk/home",
        "@geometry": "center"
      },
      "geometry": {
        "type": "Point",
        "coordinates": [
          0.116866,
          52.2199523
        ]
      },
      "id": "way/430114028"
    },
    {
      "type": "Feature",
      "properties": {
        "@id": "way/430150560",
        "addr:city": "Southsea",
        "addr:housename": "Portsmouth Hafiziah Madrasah",
        "addr:housenumber": "73,75",
        "addr:postcode": "PO5 2AX",
        "addr:street": "Marmion Road",
        "amenity": "place_of_worship",
        "building": "school",
        "description": "The Quran Memorizing School of Portsmouth",
        "name": "Portsmouth Hafiziah Madrasah",
        "ref:GB:uprn": "1775053748;1775122956",
        "religion": "muslim",
        "@geometry": "center"
      },
      "geometry": {
        "type": "Point",
        "coordinates": [
          -1.084249,
          50.7856786
        ]
      },
      "id": "way/430150560"
    },
    {
      "type": "Feature",
      "properties": {
        "@id": "way/430387463",
        "addr:city": "Wakefield",
        "addr:housenumber": "33",
        "addr:postcode": "WF2 9BL",
        "addr:street": "Dewsbury Road",
        "amenity": "place_of_worship",
        "building": "house",
        "name": "Al Markaz Ul Islami",
        "ref:GB:uprn": "63162646;63031310;63162645",
        "religion": "muslim",
        "@geometry": "center"
      },
      "geometry": {
        "type": "Point",
        "coordinates": [
          -1.5153698,
          53.6789346
        ]
      },
      "id": "way/430387463"
    },
    {
      "type": "Feature",
      "properties": {
        "@id": "way/431435503",
        "access": "private",
        "amenity": "place_of_worship",
        "building": "mosque",
        "name": "Gilwell Mosque",
        "religion": "muslim",
        "@geometry": "center"
      },
      "geometry": {
        "type": "Point",
        "coordinates": [
          0.0015732,
          51.6498721
        ]
      },
      "id": "way/431435503"
    },
    {
      "type": "Feature",
      "properties": {
        "@id": "way/431550889",
        "addr:city": "London",
        "addr:housename": "Ahmadiyya Muslim Association",
        "addr:housenumber": "16",
        "addr:postcode": "SW18 5QL",
        "addr:street": "Gressenhall Road",
        "alt_name": "Fazl Mosque",
        "alt_name:ur": "مسجد فضل",
        "amenity": "place_of_worship",
        "building": "mosque",
        "denomination": "ahmadiyya",
        "name": "The London Mosque",
        "name:ur": "مسجد فضل لندن",
        "phone": "+44 20 8874 5836",
        "ref:GB:uprn": "10024084091",
        "religion": "muslim",
        "website": "http://www.ahmadiyya.org.uk/",
        "wikidata": "Q1399178",
        "wikipedia": "en:Fazl Mosque, London",
        "@geometry": "center"
      },
      "geometry": {
        "type": "Point",
        "coordinates": [
          -0.2073569,
          51.4511567
        ]
      },
      "id": "way/431550889"
    },
    {
      "type": "Feature",
      "properties": {
        "@id": "way/434315492",
        "amenity": "place_of_worship",
        "building": "yes",
        "name": "Sunderland Jami-Masjid",
        "religion": "muslim",
        "@geometry": "center"
      },
      "geometry": {
        "type": "Point",
        "coordinates": [
          -1.3975112,
          54.902607
        ]
      },
      "id": "way/434315492"
    },
    {
      "type": "Feature",
      "properties": {
        "@id": "way/435143301",
        "addr:city": "Wakefield",
        "addr:postcode": "WF1 5BN",
        "amenity": "place_of_worship",
        "building": "mosque",
        "name": "Masjid Zakariya",
        "religion": "muslim",
        "@geometry": "center"
      },
      "geometry": {
        "type": "Point",
        "coordinates": [
          -1.4781174,
          53.6673102
        ]
      },
      "id": "way/435143301"
    },
    {
      "type": "Feature",
      "properties": {
        "@id": "way/435177981",
        "addr:city": "Wakefield",
        "addr:housenumber": "82-84",
        "addr:postcode": "WF1 5BP",
        "addr:street": "St. Catherine Street",
        "amenity": "place_of_worship",
        "building": "mosque",
        "fhrs:id": "1619885",
        "name": "Madina Masjid",
        "ref:GB:uprn": "63104624",
        "religion": "muslim",
        "@geometry": "center"
      },
      "geometry": {
        "type": "Point",
        "coordinates": [
          -1.4794246,
          53.6687333
        ]
      },
      "id": "way/435177981"
    },
    {
      "type": "Feature",
      "properties": {
        "@id": "way/435655382",
        "addr:city": "London",
        "addr:housenumber": "25",
        "addr:postcode": "E14 0BF",
        "addr:street": "Hale Street",
        "amenity": "place_of_worship",
        "building": "yes",
        "building:colour": "white",
        "building:levels": "2",
        "name": "Poplar Shahjalal Mosque",
        "old_name": "Shahjalal Jame Masjid",
        "religion": "muslim",
        "roof:colour": "grey",
        "roof:shape": "flat",
        "@geometry": "center"
      },
      "geometry": {
        "type": "Point",
        "coordinates": [
          -0.0173918,
          51.5094826
        ]
      },
      "id": "way/435655382"
    },
    {
      "type": "Feature",
      "properties": {
        "@id": "way/436518936",
        "addr:city": "South Shields",
        "amenity": "place_of_worship",
        "building": "yes",
        "name": "Al Azhar Mosque",
        "ref:GB:uprn": "200000002672",
        "religion": "muslim",
        "@geometry": "center"
      },
      "geometry": {
        "type": "Point",
        "coordinates": [
          -1.4400354,
          54.9902343
        ]
      },
      "id": "way/436518936"
    },
    {
      "type": "Feature",
      "properties": {
        "@id": "way/436696443",
        "amenity": "place_of_worship",
        "building": "yes",
        "name": "Masjid Nur",
        "religion": "muslim",
        "@geometry": "center"
      },
      "geometry": {
        "type": "Point",
        "coordinates": [
          -1.8035886,
          53.8156727
        ]
      },
      "id": "way/436696443"
    },
    {
      "type": "Feature",
      "properties": {
        "@id": "way/436734521",
        "amenity": "place_of_worship",
        "building": "mosque",
        "name": "Baitul Ma'mur Jame-E- Masjid and Islamic Center",
        "ref:GB:uprn": "103002522;200000000251",
        "religion": "muslim",
        "@geometry": "center"
      },
      "geometry": {
        "type": "Point",
        "coordinates": [
          -1.4290163,
          55.0013101
        ]
      },
      "id": "way/436734521"
    },
    {
      "type": "Feature",
      "properties": {
        "@id": "way/443149108",
        "addr:city": "Sunderland",
        "addr:housename": "Masjid e Anwaar e Madinah",
        "addr:postcode": "SR4 7EG",
        "addr:street": "St Mark's Road North",
        "amenity": "place_of_worship",
        "building": "mosque",
        "denomination": "sunni",
        "name": "Masjid e Anwaar e Madinah",
        "religion": "muslim",
        "@geometry": "center"
      },
      "geometry": {
        "type": "Point",
        "coordinates": [
          -1.4012136,
          54.9058474
        ]
      },
      "id": "way/443149108"
    },
    {
      "type": "Feature",
      "properties": {
        "@id": "way/443380281",
        "addr:city": "Skipton",
        "addr:housenumber": "23-25",
        "addr:postcode": "BD23 1SE",
        "addr:street": "Midland Street",
        "amenity": "place_of_worship",
        "building": "yes",
        "denomination": "sunni",
        "name": "Jame Masjid & Madrassa Salafia",
        "religion": "muslim",
        "subdenomination": "ahle_hadith",
        "@geometry": "center"
      },
      "geometry": {
        "type": "Point",
        "coordinates": [
          -2.0317255,
          53.9592102
        ]
      },
      "id": "way/443380281"
    },
    {
      "type": "Feature",
      "properties": {
        "@id": "way/448737231",
        "addr:city": "London",
        "addr:housenumber": "6",
        "addr:postcode": "E14 0FZ",
        "addr:street": "Webber Path",
        "amenity": "place_of_worship",
        "building": "yes",
        "name": "Poplar Mosque & Community Centre",
        "religion": "muslim",
        "@geometry": "center"
      },
      "geometry": {
        "type": "Point",
        "coordinates": [
          -0.0097531,
          51.5109868
        ]
      },
      "id": "way/448737231"
    },
    {
      "type": "Feature",
      "properties": {
        "@id": "node/451698384",
        "amenity": "place_of_worship",
        "name": "Nasrul-Lahi-i-Fathi Society of Nigeria",
        "religion": "muslim",
        "url": "http://nasfat.co.uk/"
      },
      "geometry": {
        "type": "Point",
        "coordinates": [
          -0.0802016,
          51.4945109
        ]
      },
      "id": "node/451698384"
    },
    {
      "type": "Feature",
      "properties": {
        "@id": "way/453678377",
        "addr:city": "Whitley Bay",
        "addr:postcode": "NE25 8HR",
        "addr:street": "Hillheads Road",
        "amenity": "place_of_worship",
        "building": "yes",
        "denomination": "sunni",
        "email": "info@wbicc.org.uk",
        "name": "Whitley Bay Islamic Cultural Centre and Masjid",
        "phone": "+44 191 251 2525",
        "ref:GB:uprn": "47076179",
        "religion": "muslim",
        "source": "Bing",
        "website": "https://wbicc.org.uk/",
        "@geometry": "center"
      },
      "geometry": {
        "type": "Point",
        "coordinates": [
          -1.4541559,
          55.0358186
        ]
      },
      "id": "way/453678377"
    },
    {
      "type": "Feature",
      "properties": {
        "@id": "way/458940239",
        "addr:city": "Leicester",
        "addr:housenumber": "51",
        "addr:postcode": "LE5 3QJ",
        "addr:street": "Asfordby Street",
        "alt_name": "Jamia Mosque",
        "amenity": "place_of_worship",
        "building": "mosque",
        "denomination": "sunni",
        "name": "Jame",
        "name:en": "Jame'ah Uloom ul Qur'an",
        "phone": "+44 116 262 7737",
        "religion": "muslim",
        "subdenomination": "deobandi",
        "website": "http://www.jameah.co.uk/",
        "@geometry": "center"
      },
      "geometry": {
        "type": "Point",
        "coordinates": [
          -1.105215,
          52.6369341
        ]
      },
      "id": "way/458940239"
    },
    {
      "type": "Feature",
      "properties": {
        "@id": "way/458940452",
        "addr:city": "Leicester",
        "addr:housenumber": "55",
        "addr:postcode": "LE3 0JD",
        "addr:street": "Barclay Street",
        "amenity": "place_of_worship",
        "building": "yes",
        "denomination": "sunni",
        "female": "yes",
        "male": "yes",
        "name": "Masjid Abu Bakr",
        "phone": "+44 116 254 5552",
        "religion": "muslim",
        "@geometry": "center"
      },
      "geometry": {
        "type": "Point",
        "coordinates": [
          -1.1526767,
          52.6279428
        ]
      },
      "id": "way/458940452"
    },
    {
      "type": "Feature",
      "properties": {
        "@id": "way/459225246",
        "addr:city": "Leicester",
        "addr:housenumber": "298",
        "addr:postcode": "LE5 5AY",
        "addr:street": "East Park Road",
        "alt_name": "Al Masjid & Madarasah Al Furqan;North Evington Deeni Cultural Centre",
        "amenity": "place_of_worship",
        "building": "yes",
        "denomination": "sunni",
        "name": "Furqan",
        "opening_hours": "\"All Salah Hours\"",
        "phone": "+44 116 273 5799",
        "ref:GB:uprn": "2465103895",
        "religion": "muslim",
        "@geometry": "center"
      },
      "geometry": {
        "type": "Point",
        "coordinates": [
          -1.1061479,
          52.6314629
        ]
      },
      "id": "way/459225246"
    },
    {
      "type": "Feature",
      "properties": {
        "@id": "way/459225247",
        "addr:city": "Leicester",
        "addr:housenumber": "22-28",
        "addr:postcode": "LE5 5AN",
        "addr:street": "Cork Street",
        "amenity": "place_of_worship",
        "building": "yes",
        "denomination": "sunni",
        "name": "Masjid e Aisha",
        "phone": "+44 116 212 4883",
        "ref:GB:uprn": "2465154386",
        "religion": "muslim",
        "subdenomination": "deobandi",
        "website": "http://www.masjidaisha.co.uk",
        "@geometry": "center"
      },
      "geometry": {
        "type": "Point",
        "coordinates": [
          -1.1096934,
          52.6309511
        ]
      },
      "id": "way/459225247"
    },
    {
      "type": "Feature",
      "properties": {
        "@id": "way/459225250",
        "addr:city": "Leicester",
        "addr:housenumber": "59",
        "addr:postcode": "LE5 5UD",
        "addr:street": "Stoughton Drive North",
        "amenity": "place_of_worship",
        "building": "yes",
        "name": "Masjid Tabuk & Evington Muslim Centre",
        "ref:GB:uprn": "2465098764",
        "religion": "muslim",
        "service_times": "Only Jumma, timings follow Masjid Umar",
        "@geometry": "center"
      },
      "geometry": {
        "type": "Point",
        "coordinates": [
          -1.1029059,
          52.6228698
        ]
      },
      "id": "way/459225250"
    },
    {
      "type": "Feature",
      "properties": {
        "@id": "way/459225251",
        "addr:city": "Leicester",
        "addr:housenumber": "146-152",
        "addr:postcode": "LE2 0FS",
        "addr:street": "Berners Street",
        "amenity": "place_of_worship",
        "building": "mosque",
        "denomination": "sunni",
        "name": "Masjid an Noor",
        "name:ar": "مسجد النور",
        "phone": "+44 116 262 5540",
        "ref:GB:uprn": "2465104072",
        "religion": "muslim",
        "subdenomination": "deobandi",
        "@geometry": "center"
      },
      "geometry": {
        "type": "Point",
        "coordinates": [
          -1.1101351,
          52.63426
        ]
      },
      "id": "way/459225251"
    },
    {
      "type": "Feature",
      "properties": {
        "@id": "way/460379599",
        "addr:city": "Cumbernauld",
        "addr:housenumber": "5",
        "addr:postcode": "G68 0LS",
        "addr:street": "Craighalbert Way",
        "amenity": "place_of_worship",
        "building": "mosque",
        "name": "Islamic Education Trust Cumbernauld",
        "religion": "muslim",
        "website": "https://islamictrust.org/",
        "@geometry": "center"
      },
      "geometry": {
        "type": "Point",
        "coordinates": [
          -4.0120383,
          55.9587575
        ]
      },
      "id": "way/460379599"
    },
    {
      "type": "Feature",
      "properties": {
        "@id": "way/460912873",
        "addr:city": "Newcastle upon Tyne",
        "addr:postcode": "NE4 8XQ",
        "addr:street": "Condercum Road Back",
        "amenity": "place_of_worship",
        "building": "yes",
        "denomination": "sunni",
        "name": "Masjid Darul Arqam",
        "ref:GB:uprn": "4510704713",
        "religion": "muslim",
        "service_times": "Thursday Evenings",
        "status": "Newcastle Markaz",
        "@geometry": "center"
      },
      "geometry": {
        "type": "Point",
        "coordinates": [
          -1.6614633,
          54.9721402
        ]
      },
      "id": "way/460912873"
    },
    {
      "type": "Feature",
      "properties": {
        "@id": "way/461424900",
        "addr:housenumber": "11A",
        "addr:postcode": "M16 8JS",
        "addr:street": "Bedford Avenue",
        "amenity": "place_of_worship",
        "building": "house",
        "building:use": "amenity",
        "name": "Shair-e-Rabbani Mosque",
        "ref:GB:uprn": "77086097",
        "religion": "muslim",
        "@geometry": "center"
      },
      "geometry": {
        "type": "Point",
        "coordinates": [
          -2.262905,
          53.4473649
        ]
      },
      "id": "way/461424900"
    },
    {
      "type": "Feature",
      "properties": {
        "@id": "way/461639566",
        "addr:city": "Leicester",
        "addr:housenumber": "3-13",
        "addr:postcode": "LE2 0AL",
        "addr:street": "Keythorpe Street",
        "air_conditioning": "yes",
        "amenity": "place_of_worship",
        "building": "yes",
        "check_date": "2024-09-10",
        "denomination": "sunni",
        "female": "no",
        "male": "yes",
        "name": "Masjid al Falah & Islamic Educational Trust",
        "phone": "+44 116 251 1833",
        "religion": "muslim",
        "subdenomination": "deobandi",
        "wheelchair": "yes",
        "@geometry": "center"
      },
      "geometry": {
        "type": "Point",
        "coordinates": [
          -1.1150051,
          52.6351991
        ]
      },
      "id": "way/461639566"
    },
    {
      "type": "Feature",
      "properties": {
        "@id": "way/461639567",
        "addr:city": "Leicester",
        "addr:housenumber": "1A",
        "addr:postcode": "LE2 0AH",
        "addr:street": "Garendon Street",
        "amenity": "place_of_worship",
        "building": "yes",
        "denomination": "sunni",
        "name": "Tajdaar e Madina",
        "phone": "+44 7974 949929",
        "religion": "muslim",
        "website": "https://www.temadina.co.uk/",
        "@geometry": "center"
      },
      "geometry": {
        "type": "Point",
        "coordinates": [
          -1.1168681,
          52.635988
        ]
      },
      "id": "way/461639567"
    },
    {
      "type": "Feature",
      "properties": {
        "@id": "way/461639570",
        "addr:city": "Leicester",
        "addr:housenumber": "162",
        "addr:postcode": "LE2 0HB",
        "addr:street": "Nedham Street",
        "alt_name": "Tablighi Markaz",
        "amenity": "place_of_worship",
        "building": "yes",
        "check_date": "2024-09-10",
        "denomination": "sunni",
        "name": "Masjid e Usman",
        "operator": "Tabligh Jamati's",
        "phone": "+44 1162 262 1059",
        "religion": "muslim",
        "subdenomination": "deobandi",
        "@geometry": "center"
      },
      "geometry": {
        "type": "Point",
        "coordinates": [
          -1.1133119,
          52.6368859
        ]
      },
      "id": "way/461639570"
    },
    {
      "type": "Feature",
      "properties": {
        "@id": "way/461767650",
        "addr:city": "Leicester",
        "addr:postcode": "LE2 0JN",
        "addr:street": "Conduit Street",
        "alt_name": "The Islamic Centre;World Islamic Centre (Midlands)",
        "amenity": "place_of_worship",
        "building": "yes",
        "denomination": "sunni",
        "name": "Leicester Central Mosque",
        "phone": "+44 116 254 4459",
        "religion": "muslim",
        "subdenomination": "barelvi",
        "website": "https://www.islamiccentre.org/",
        "@geometry": "center"
      },
      "geometry": {
        "type": "Point",
        "coordinates": [
          -1.1215754,
          52.6322866
        ]
      },
      "id": "way/461767650"
    },
    {
      "type": "Feature",
      "properties": {
        "@id": "way/462680212",
        "addr:city": "Manchester",
        "addr:housenumber": "2",
        "addr:postcode": "M19 3DJ",
        "addr:street": "Barlow Road",
        "amenity": "place_of_worship",
        "building": "yes",
        "check_date": "2024-11-14",
        "community_centre:for": "religious",
        "contact:phone": "+44 161 224 5143",
        "contact:website": "http://www.madinamasjidukim.org/",
        "denomination": "sunni",
        "name": "Madina Masjid & Community Centre",
        "religion": "muslim",
        "@geometry": "center"
      },
      "geometry": {
        "type": "Point",
        "coordinates": [
          -2.1903096,
          53.4459997
        ]
      },
      "id": "way/462680212"
    },
    {
      "type": "Feature",
      "properties": {
        "@id": "way/462698083",
        "addr:city": "London",
        "addr:country": "GB",
        "addr:housenumber": "757",
        "addr:postcode": "E17 9DZ",
        "addr:street": "Lea Bridge Road",
        "addr:suburb": "Walthamstow",
        "amenity": "place_of_worship",
        "building": "pub",
        "building:use": "mosque",
        "name": "Faizan-e-Islam Centre",
        "note": "This is a former pub, The Waltham Oak (formerly The Chestnut Tree).",
        "old_name": "The Waltham Oak",
        "ref:GB:uprn": "100022561919",
        "religion": "muslim",
        "source:addr:postcode": "ONSUD;OS Open UPRN",
        "website": "https://www.faizaneislam.com/",
        "@geometry": "center"
      },
      "geometry": {
        "type": "Point",
        "coordinates": [
          -0.0049326,
          51.5796535
        ]
      },
      "id": "way/462698083"
    },
    {
      "type": "Feature",
      "properties": {
        "@id": "way/464339045",
        "addr:city": "Liverpool",
        "addr:housenumber": "8-10",
        "addr:street": "Brougham Terrace",
        "amenity": "place_of_worship",
        "building": "yes",
        "denomination": "sunni",
        "name": "Abdullah Quilliam Mosque",
        "religion": "muslim",
        "@geometry": "center"
      },
      "geometry": {
        "type": "Point",
        "coordinates": [
          -2.9605132,
          53.4142884
        ]
      },
      "id": "way/464339045"
    },
    {
      "type": "Feature",
      "properties": {
        "@id": "way/465374293",
        "addr:city": "Newcastle upon Tyne",
        "addr:postcode": "NE4 9HS",
        "addr:street": "Wingrove Gardens",
        "amenity": "place_of_worship",
        "building": "mosque",
        "name": "Madina Masjid",
        "ref:GB:uprn": "4510722033",
        "religion": "muslim",
        "website": "https://www.madinamasjidnewcastle.org.uk/",
        "@geometry": "center"
      },
      "geometry": {
        "type": "Point",
        "coordinates": [
          -1.6488164,
          54.9800811
        ]
      },
      "id": "way/465374293"
    },
    {
      "type": "Feature",
      "properties": {
        "@id": "way/467493315",
        "addr:city": "Falkirk",
        "addr:housename": "Falkirk Central Mosque",
        "addr:housenumber": "10",
        "addr:postcode": "FK1 1UG",
        "addr:street": "Burnhead Lane",
        "alt_name": "Anwar e Madina",
        "amenity": "place_of_worship",
        "building": "yes",
        "denomination": "sunni",
        "name": "Falkirk Central Mosque",
        "operator": "The Falkirk Muslim Educational and Cultural Community Centre",
        "prayer_times:url": "https://falkirkcentralmosque.com/timetable/",
        "ref:GB-SCT:charity": "43620",
        "ref:GB:uprn": "136075057",
        "religion": "muslim",
        "subdenomination": "barelwi",
        "website": "https://falkirkcentralmosque.com/",
        "@geometry": "center"
      },
      "geometry": {
        "type": "Point",
        "coordinates": [
          -3.7807081,
          55.9979649
        ]
      },
      "id": "way/467493315"
    },
    {
      "type": "Feature",
      "properties": {
        "@id": "way/467544872",
        "addr:city": "Leicester",
        "addr:housenumber": "71",
        "addr:postcode": "LE2 0UX",
        "addr:street": "Guthlaxton Street",
        "alt_name": "Rehman",
        "amenity": "place_of_worship",
        "building": "yes",
        "denomination": "sunni",
        "name": "Masjid Ar-Rahman",
        "name:ar": "مسجد الرحمن",
        "religion": "muslim",
        "subdenomination": "deobandi",
        "@geometry": "center"
      },
      "geometry": {
        "type": "Point",
        "coordinates": [
          -1.1165171,
          52.6322137
        ]
      },
      "id": "way/467544872"
    },
    {
      "type": "Feature",
      "properties": {
        "@id": "way/469006887",
        "addr:city": "Wallsend",
        "addr:housename": "Ahmadiyya Muslim Community",
        "addr:housenumber": "36",
        "addr:postcode": "NE28 8LF",
        "addr:street": "North Road",
        "alt_name:ur": "بیت العطا",
        "amenity": "place_of_worship",
        "building": "church",
        "denomination": "ahmadiyya",
        "name": "Baitul Ata",
        "name:ur": "مسجد بیت العطاء",
        "religion": "muslim",
        "source": "Bing",
        "@geometry": "center"
      },
      "geometry": {
        "type": "Point",
        "coordinates": [
          -1.5397368,
          54.9925853
        ]
      },
      "id": "way/469006887"
    },
    {
      "type": "Feature",
      "properties": {
        "@id": "way/469398148",
        "amenity": "place_of_worship",
        "building": "yes",
        "denomination": "sunni",
        "name": "Heaton Mosque & Islamic Centre",
        "religion": "muslim",
        "@geometry": "center"
      },
      "geometry": {
        "type": "Point",
        "coordinates": [
          -1.5816489,
          54.9858067
        ]
      },
      "id": "way/469398148"
    },
    {
      "type": "Feature",
      "properties": {
        "@id": "way/469563756",
        "amenity": "place_of_worship",
        "building": "yes",
        "name": "Aziziye Mosque and Community Centre",
        "religion": "muslim",
        "wikidata": "Q793894",
        "wikipedia": "en:Aziziye Mosque (London)",
        "@geometry": "center"
      },
      "geometry": {
        "type": "Point",
        "coordinates": [
          -0.0750781,
          51.5553657
        ]
      },
      "id": "way/469563756"
    },
    {
      "type": "Feature",
      "properties": {
        "@id": "way/469922088",
        "addr:city": "Leicester",
        "addr:housenumber": "170a",
        "addr:postcode": "LE1 3XL",
        "addr:street": "Belgrave Gate",
        "amenity": "place_of_worship",
        "building": "yes",
        "denomination": "sunni",
        "name": "Masjid An Noor",
        "religion": "muslim",
        "service_times:signed": "no",
        "@geometry": "center"
      },
      "geometry": {
        "type": "Point",
        "coordinates": [
          -1.1303492,
          52.6411892
        ]
      },
      "id": "way/469922088"
    },
    {
      "type": "Feature",
      "properties": {
        "@id": "way/472381416",
        "addr:city": "London",
        "addr:housenumber": "56",
        "addr:postcode": "E1 2ND",
        "addr:street": "Bigland Street",
        "amenity": "place_of_worship",
        "building": "yes",
        "denomination": "sunni",
        "name": "Darul Ummah Mosque",
        "religion": "muslim",
        "website": "http://www.darulummah.org.uk/mosque/",
        "@geometry": "center"
      },
      "geometry": {
        "type": "Point",
        "coordinates": [
          -0.0581906,
          51.5124129
        ]
      },
      "id": "way/472381416"
    },
    {
      "type": "Feature",
      "properties": {
        "@id": "way/474017231",
        "amenity": "place_of_worship",
        "building": "yes",
        "name": "AhlulBayt Cultural Centre",
        "religion": "muslim",
        "ruins": "yes",
        "@geometry": "center"
      },
      "geometry": {
        "type": "Point",
        "coordinates": [
          -1.5599423,
          53.8006418
        ]
      },
      "id": "way/474017231"
    },
    {
      "type": "Feature",
      "properties": {
        "@id": "way/475361970",
        "addr:city": "Livingston",
        "addr:housenumber": "7",
        "addr:postcode": "EH54 8BE",
        "addr:street": "Main Street",
        "addr:suburb": "Deans",
        "amenity": "place_of_worship",
        "building": "yes",
        "name": "Livingston Masjid & Islamic Centre",
        "religion": "muslim",
        "@geometry": "center"
      },
      "geometry": {
        "type": "Point",
        "coordinates": [
          -3.5675834,
          55.9012767
        ]
      },
      "id": "way/475361970"
    },
    {
      "type": "Feature",
      "properties": {
        "@id": "node/478688703",
        "addr:city": "London",
        "addr:country": "GB",
        "addr:housename": "Sandfield",
        "addr:postcode": "WC1H 8DU",
        "addr:street": "Cromer Street",
        "addr:suburb": "King's Cross",
        "amenity": "place_of_worship",
        "check_date": "2024-11-02",
        "denomination": "sunni",
        "level": "-1",
        "name": "King's Cross Mosque and Islamic Centre",
        "note": "Mosque in basement of flats",
        "religion": "muslim",
        "source": "survey",
        "website": "https://www.kingscrossmosque.org/",
        "wheelchair": "yes"
      },
      "geometry": {
        "type": "Point",
        "coordinates": [
          -0.1212167,
          51.528205
        ]
      },
      "id": "node/478688703"
    },
    {
      "type": "Feature",
      "properties": {
        "@id": "way/480309977",
        "amenity": "place_of_worship",
        "building": "mosque",
        "name": "Newcasyle Central Mosque",
        "ref:GB:uprn": "4510114789",
        "religion": "muslim",
        "source": "Bing",
        "website": "https://www.newcastlecentralmosque.com/",
        "@geometry": "center"
      },
      "geometry": {
        "type": "Point",
        "coordinates": [
          -1.6473047,
          54.9735727
        ]
      },
      "id": "way/480309977"
    },
    {
      "type": "Feature",
      "properties": {
        "@id": "way/483704137",
        "addr:city": "Bradford",
        "addr:housenumber": "101",
        "addr:postcode": "BD3 8SA",
        "addr:street": "Thornbury Road",
        "amenity": "place_of_worship",
        "building": "yes",
        "name": "Madni Jamia Masjid",
        "religion": "muslim",
        "source": "OS_OpenData_StreetView",
        "@geometry": "center"
      },
      "geometry": {
        "type": "Point",
        "coordinates": [
          -1.7185127,
          53.7960007
        ]
      },
      "id": "way/483704137"
    },
    {
      "type": "Feature",
      "properties": {
        "@id": "node/489877391",
        "amenity": "place_of_worship",
        "religion": "muslim"
      },
      "geometry": {
        "type": "Point",
        "coordinates": [
          -2.463417,
          53.7549874
        ]
      },
      "id": "node/489877391"
    },
    {
      "type": "Feature",
      "properties": {
        "@id": "way/490108453",
        "addr:city": "Hemel Hempstead",
        "addr:housenumber": "150",
        "addr:postcode": "HP3 9NH",
        "addr:street": "Saint Albans Hill",
        "addr:town": "Hemel Hempstead",
        "amenity": "place_of_worship",
        "building": "yes",
        "denomination": "sunni",
        "name": "Quwwatul Islam Markazi Jamia Mosque Mehria Ghousia",
        "phone": "+44 1442 243 785",
        "religion": "muslim",
        "website": "https://hemelmosque.org",
        "@geometry": "center"
      },
      "geometry": {
        "type": "Point",
        "coordinates": [
          -0.4568136,
          51.7452781
        ]
      },
      "id": "way/490108453"
    },
    {
      "type": "Feature",
      "properties": {
        "@id": "way/491992823",
        "addr:city": "Grays",
        "addr:housenumber": "21-23",
        "addr:postcode": "RM17 6QA",
        "addr:street": "Clarence Road",
        "amenity": "place_of_worship",
        "building": "mosque",
        "denomination": "sunni",
        "email": "info@taleemmosque.com",
        "name": "Taleem Mosque & Community Centre",
        "phone": "+44 1375 886212",
        "religion": "muslim",
        "website": "https://taleemmosque.com/",
        "@geometry": "center"
      },
      "geometry": {
        "type": "Point",
        "coordinates": [
          0.3248347,
          51.4778986
        ]
      },
      "id": "way/491992823"
    },
    {
      "type": "Feature",
      "properties": {
        "@id": "node/494609763",
        "amenity": "place_of_worship",
        "fixme": "denomination",
        "name": "Masjid-e-Noor",
        "religion": "muslim",
        "source": "local_knowledge",
        "url": "http://www.masjidenoor.org.uk"
      },
      "geometry": {
        "type": "Point",
        "coordinates": [
          -2.2367648,
          51.8575754
        ]
      },
      "id": "node/494609763"
    },
    {
      "type": "Feature",
      "properties": {
        "@id": "node/494610824",
        "amenity": "place_of_worship",
        "denomination": "shia",
        "name": "Khoja Shi'a Muslim Community",
        "religion": "muslim",
        "source": "local_knowledge"
      },
      "geometry": {
        "type": "Point",
        "coordinates": [
          -2.2754319,
          51.8323771
        ]
      },
      "id": "node/494610824"
    },
    {
      "type": "Feature",
      "properties": {
        "@id": "node/495242330",
        "amenity": "place_of_worship",
        "name": "MIcklefield Mosque",
        "religion": "muslim"
      },
      "geometry": {
        "type": "Point",
        "coordinates": [
          -0.7119255,
          51.6305549
        ]
      },
      "id": "node/495242330"
    },
    {
      "type": "Feature",
      "properties": {
        "@id": "way/495850586",
        "addr:city": "Coventry",
        "addr:postcode": "CV1 4FR",
        "addr:street": "Stoney Stanton Road",
        "amenity": "place_of_worship",
        "building": "mosque",
        "denomination": "sunni",
        "denomination:sunni": "deobandi",
        "female": "no",
        "name": "Masjid Zeenat-Ul-Islam",
        "operator": "Anjuman Gujarati Muslim Society",
        "operator:type": "charitable",
        "phone": "+44 24 7622 2774",
        "prayer_times:url": "https://masjidzeenatulislam.org.uk/timetable/",
        "ref:GB-EAW:charity": "500648",
        "ref:GB:uprn": "100071493824",
        "religion": "muslim",
        "website": "https://masjidzeenatulislam.org.uk",
        "@geometry": "center"
      },
      "geometry": {
        "type": "Point",
        "coordinates": [
          -1.4981813,
          52.4191275
        ]
      },
      "id": "way/495850586"
    },
    {
      "type": "Feature",
      "properties": {
        "@id": "way/496623389",
        "addr:city": "Coventry",
        "addr:postcode": "CV1 4GY",
        "addr:street": "Eagle Street East",
        "amenity": "place_of_worship",
        "building": "yes",
        "denomination": "sunni",
        "name": "The Islamic Brotherhood Pakistan And Kashmir Family Centre",
        "ref:GB:uprn": "100071365592",
        "religion": "muslim",
        "source": "Warwicks CC Aerial Imagery 2013",
        "source:addr:postcode": "ONSUD;OS Open UPRN",
        "@geometry": "center"
      },
      "geometry": {
        "type": "Point",
        "coordinates": [
          -1.5018479,
          52.4169173
        ]
      },
      "id": "way/496623389"
    },
    {
      "type": "Feature",
      "properties": {
        "@id": "way/496752790",
        "addr:city": "Manchester",
        "addr:housenumber": "271",
        "addr:postcode": "M20 2WA",
        "addr:street": "Burton Road",
        "amenity": "place_of_worship",
        "building": "mosque",
        "check_date": "2025-03-02",
        "contact:website": "http://www.didsburymosque.com",
        "denomination": "sunni",
        "name": "Manchester Islamic Centre & Didsbury Mosque",
        "religion": "muslim",
        "source": "photo survey",
        "source:addr:postcode": "companies house open data",
        "wikidata": "Q4022379",
        "wikipedia": "en:Didsbury Mosque",
        "@geometry": "center"
      },
      "geometry": {
        "type": "Point",
        "coordinates": [
          -2.2466722,
          53.4228001
        ]
      },
      "id": "way/496752790"
    },
    {
      "type": "Feature",
      "properties": {
        "@id": "way/502300435",
        "amenity": "place_of_worship",
        "building": "chapel",
        "name": "Islamic Prayer Rooms",
        "note:opening_hours": "dduring the month of Ramadan the operational hours will be assessed to accommodate the needs of the community.",
        "old_name": "Greys Bungalow",
        "opening_hours": "07:30-22:30",
        "religion": "muslim",
        "university": "Durham University",
        "@geometry": "center"
      },
      "geometry": {
        "type": "Point",
        "coordinates": [
          -1.5758409,
          54.7658026
        ]
      },
      "id": "way/502300435"
    },
    {
      "type": "Feature",
      "properties": {
        "@id": "way/502406210",
        "addr:city": "Preston",
        "addr:postcode": "PR1 1YQ",
        "addr:street": "North Road",
        "amenity": "place_of_worship",
        "building": "yes",
        "name": "City Mosque Preston",
        "ref:GB:uprn": "10013866412",
        "religion": "muslim",
        "wikidata": "Q16884358",
        "wikipedia": "en:City Church, Preston",
        "@geometry": "center"
      },
      "geometry": {
        "type": "Point",
        "coordinates": [
          -2.6984111,
          53.7631638
        ]
      },
      "id": "way/502406210"
    },
    {
      "type": "Feature",
      "properties": {
        "@id": "way/505569792",
        "amenity": "place_of_worship",
        "building": "yes",
        "check_date": "2026-07-07",
        "name": "Zakariya Masjid",
        "religion": "muslim",
        "source": "OS OpenMap Local",
        "@geometry": "center"
      },
      "geometry": {
        "type": "Point",
        "coordinates": [
          -0.4936375,
          51.9008463
        ]
      },
      "id": "way/505569792"
    },
    {
      "type": "Feature",
      "properties": {
        "@id": "way/505569853",
        "addr:city": "Luton",
        "addr:housenumber": "2-32",
        "addr:street": "Beechwood Road",
        "amenity": "place_of_worship",
        "building": "mosque",
        "denomination": "shia",
        "name": "Masjid-E-Ali (Shia)",
        "religion": "muslim",
        "source": "OS OpenMap Local",
        "@geometry": "center"
      },
      "geometry": {
        "type": "Point",
        "coordinates": [
          -0.4491384,
          51.8930242
        ]
      },
      "id": "way/505569853"
    },
    {
      "type": "Feature",
      "properties": {
        "@id": "way/505569854",
        "amenity": "place_of_worship",
        "building": "mosque",
        "denomination": "sunni",
        "name": "Jamia Al-Alkbaria",
        "religion": "muslim",
        "source": "OS OpenMap Local",
        "@geometry": "center"
      },
      "geometry": {
        "type": "Point",
        "coordinates": [
          -0.4454061,
          51.8958621
        ]
      },
      "id": "way/505569854"
    },
    {
      "type": "Feature",
      "properties": {
        "@id": "way/505569857",
        "amenity": "place_of_worship",
        "building": "mosque",
        "denomination": "sunni",
        "name": "Luton Central Mosque",
        "religion": "muslim",
        "source": "OS OpenMap Local",
        "website": "https://www.lutoncentralmosque.org/",
        "@geometry": "center"
      },
      "geometry": {
        "type": "Point",
        "coordinates": [
          -0.4319665,
          51.8874291
        ]
      },
      "id": "way/505569857"
    },
    {
      "type": "Feature",
      "properties": {
        "@id": "way/505569859",
        "amenity": "place_of_worship",
        "building": "mosque",
        "denomination": "sunni",
        "name": "Jalalabad Jame Masjid",
        "religion": "muslim",
        "source": "OS OpenMap Local",
        "website": "http://jalalabadjamemasjid.org.uk/",
        "@geometry": "center"
      },
      "geometry": {
        "type": "Point",
        "coordinates": [
          -0.4299095,
          51.8873935
        ]
      },
      "id": "way/505569859"
    },
    {
      "type": "Feature",
      "properties": {
        "@id": "way/507011575",
        "amenity": "place_of_worship",
        "building": "yes",
        "name": "Zakariyya Jaam'e Masjid",
        "ref:GB:uprn": "10013869934",
        "religion": "muslim",
        "website": "https://www.zakariyyamasjid.co.uk/",
        "@geometry": "center"
      },
      "geometry": {
        "type": "Point",
        "coordinates": [
          -2.4416975,
          53.5685514
        ]
      },
      "id": "way/507011575"
    },
    {
      "type": "Feature",
      "properties": {
        "@id": "way/507330862",
        "addr:city": "Liverpool",
        "addr:housename": "Ahmadiyya Muslim Community",
        "addr:housenumber": "309",
        "addr:postcode": "L5 6PU",
        "addr:street": "Breck Road",
        "alt_name": "Baitul Lateef",
        "alt_name:en": "Bait ul Lateef;Bait-ul-Lateef",
        "alt_name:ur": "بیت اللطیف",
        "amenity": "place_of_worship",
        "building": "church",
        "denomination": "ahmadiyya",
        "name": "Baitul Lateef Mosque",
        "name:ur": "مسجد بیت اللطیف",
        "religion": "muslim",
        "wikidata": "Q15272512",
        "wikipedia:en": "Baitul Lateef Mosque",
        "@geometry": "center"
      },
      "geometry": {
        "type": "Point",
        "coordinates": [
          -2.9554255,
          53.4246172
        ]
      },
      "id": "way/507330862"
    },
    {
      "type": "Feature",
      "properties": {
        "@id": "way/507685382",
        "addr:city": "Bolton",
        "addr:housenumber": "2-14",
        "addr:postcode": "BL3 4AG",
        "addr:street": "Randal Street",
        "amenity": "place_of_worship",
        "building": "yes",
        "name": "Al-Rahman Mosque",
        "ref:GB:uprn": "100012558799",
        "religion": "muslim",
        "@geometry": "center"
      },
      "geometry": {
        "type": "Point",
        "coordinates": [
          -2.4472761,
          53.5658085
        ]
      },
      "id": "way/507685382"
    },
    {
      "type": "Feature",
      "properties": {
        "@id": "way/509859272",
        "amenity": "place_of_worship",
        "building": "yes",
        "check_date": "2026-05-22",
        "name": "Camberley Mosque",
        "religion": "muslim",
        "@geometry": "center"
      },
      "geometry": {
        "type": "Point",
        "coordinates": [
          -0.7568599,
          51.3373992
        ]
      },
      "id": "way/509859272"
    },
    {
      "type": "Feature",
      "properties": {
        "@id": "way/510557335",
        "amenity": "place_of_worship",
        "building": "yes",
        "name": "Ghousia Mosque",
        "religion": "muslim",
        "@geometry": "center"
      },
      "geometry": {
        "type": "Point",
        "coordinates": [
          -1.9090054,
          53.8743786
        ]
      },
      "id": "way/510557335"
    },
    {
      "type": "Feature",
      "properties": {
        "@id": "way/512110550",
        "addr:city": "Rhyl",
        "addr:housename": "Ahmadiyya Muslim Association",
        "addr:housenumber": "19a",
        "addr:postcode": "LL18 1DP",
        "addr:street": "Warren Road",
        "alt_name": "Ahmadiyya Mosque;Baitus Sadiq Mosque;Baitus Sadiq",
        "alt_name:ur": "بیت الصادق;مسجد بیت الصادق",
        "amenity": "place_of_worship",
        "building": "church",
        "denomination": "ahmadiyya",
        "name": "Sadiq Mosque",
        "name:ur": "مسجد صادق",
        "religion": "muslim",
        "@geometry": "center"
      },
      "geometry": {
        "type": "Point",
        "coordinates": [
          -3.4981311,
          53.3149106
        ]
      },
      "id": "way/512110550"
    },
    {
      "type": "Feature",
      "properties": {
        "@id": "way/513368881",
        "addr:city": "London",
        "addr:housename": "Medina Place",
        "addr:housenumber": "6",
        "addr:postcode": "E14 7UD",
        "addr:street": "Masjid Lane",
        "amenity": "place_of_worship",
        "building": "yes",
        "name": "Burdett Estate Mosque",
        "religion": "muslim",
        "@geometry": "center"
      },
      "geometry": {
        "type": "Point",
        "coordinates": [
          -0.0265323,
          51.5170865
        ]
      },
      "id": "way/513368881"
    },
    {
      "type": "Feature",
      "properties": {
        "@id": "way/517062931",
        "amenity": "place_of_worship",
        "building": "mosque",
        "religion": "muslim",
        "wikidata": "Q13442147",
        "wikipedia": "en:Swansea Mosque",
        "@geometry": "center"
      },
      "geometry": {
        "type": "Point",
        "coordinates": [
          -3.9528967,
          51.6186034
        ]
      },
      "id": "way/517062931"
    },
    {
      "type": "Feature",
      "properties": {
        "@id": "way/517324269",
        "amenity": "place_of_worship",
        "building": "yes",
        "denomination": "sunni",
        "name": "Masjid Noorul Islam",
        "religion": "muslim",
        "@geometry": "center"
      },
      "geometry": {
        "type": "Point",
        "coordinates": [
          -1.6406745,
          53.7101747
        ]
      },
      "id": "way/517324269"
    },
    {
      "type": "Feature",
      "properties": {
        "@id": "way/517324270",
        "amenity": "place_of_worship",
        "building": "yes",
        "denomination": "sunni",
        "name": "Masjid Noor",
        "religion": "muslim",
        "@geometry": "center"
      },
      "geometry": {
        "type": "Point",
        "coordinates": [
          -1.6421097,
          53.7101386
        ]
      },
      "id": "way/517324270"
    },
    {
      "type": "Feature",
      "properties": {
        "@id": "way/517324271",
        "amenity": "place_of_worship",
        "building": "yes",
        "denomination": "sunni",
        "name": "Masjid Hilal",
        "religion": "muslim",
        "@geometry": "center"
      },
      "geometry": {
        "type": "Point",
        "coordinates": [
          -1.635044,
          53.701477
        ]
      },
      "id": "way/517324271"
    },
    {
      "type": "Feature",
      "properties": {
        "@id": "way/517328320",
        "addr:city": "Leeds",
        "addr:postcode": "LS2 9JT",
        "amenity": "place_of_worship",
        "building": "university",
        "capacity": "50",
        "capacity:women": "30",
        "denomination": "sunni",
        "name": "Cemetery Lodge Prayer Room",
        "opening_hours": "Mo-Fr 08:00-20:00",
        "operator": "Leeds University Union Islamic Society",
        "place_of_worship": "musalla",
        "ref:GB:uprn": "72751814",
        "religion": "muslim",
        "unisex": "yes",
        "website": "https://leedsisoc.com/",
        "@geometry": "center"
      },
      "geometry": {
        "type": "Point",
        "coordinates": [
          -1.5563658,
          53.8093245
        ]
      },
      "id": "way/517328320"
    },
    {
      "type": "Feature",
      "properties": {
        "@id": "way/521651644",
        "addr:city": "Poole",
        "addr:housenumber": "59-61",
        "addr:postcode": "BH14 9BT",
        "addr:street": "Ashley Road",
        "amenity": "place_of_worship",
        "building": "yes",
        "denomination": "sunni",
        "name": "Poole Mosque",
        "phone": "+44 1202 746 686",
        "religion": "muslim",
        "website": "https://poolemosque.co.uk/",
        "@geometry": "center"
      },
      "geometry": {
        "type": "Point",
        "coordinates": [
          -1.9266412,
          50.7279031
        ]
      },
      "id": "way/521651644"
    },
    {
      "type": "Feature",
      "properties": {
        "@id": "way/524048975",
        "amenity": "place_of_worship",
        "building": "mosque",
        "name": "Jamia Masjid",
        "religion": "muslim",
        "source": "survey",
        "source:geometry": "Bing",
        "@geometry": "center"
      },
      "geometry": {
        "type": "Point",
        "coordinates": [
          -1.1312282,
          53.5162411
        ]
      },
      "id": "way/524048975"
    },
    {
      "type": "Feature",
      "properties": {
        "@id": "node/528510599",
        "addr:city": "Gravesend",
        "addr:postcode": "DA12 4AZ",
        "addr:street": "St Hilda's Way",
        "amenity": "place_of_worship",
        "historic:amenity": "pub",
        "historic:name": "Westcourt Inn",
        "name": "Gravesend Shahjalal Masjid",
        "phone": "+441474332237",
        "religion": "muslim",
        "source:name": "survey"
      },
      "geometry": {
        "type": "Point",
        "coordinates": [
          0.3894214,
          51.4265328
        ]
      },
      "id": "node/528510599"
    },
    {
      "type": "Feature",
      "properties": {
        "@id": "way/529053898",
        "addr:city": "Cardigan / Aberteifi",
        "addr:housename": "1 Royal Oak",
        "addr:postcode": "SA43 1HR",
        "addr:street": "Quay Street",
        "amenity": "place_of_worship",
        "building": "yes",
        "name": "Cardigan Islamic Centre",
        "phone": "+44 7463 394459",
        "religion": "muslim",
        "website": "http://www.cardiganislamiccentre.org",
        "@geometry": "center"
      },
      "geometry": {
        "type": "Point",
        "coordinates": [
          -4.6631121,
          52.0817975
        ]
      },
      "id": "way/529053898"
    },
    {
      "type": "Feature",
      "properties": {
        "@id": "way/529632310",
        "addr:city": "Redhill",
        "addr:housenumber": "28",
        "addr:postcode": "RH1 1BU",
        "addr:street": "Warwick Road",
        "amenity": "place_of_worship",
        "building": "mosque",
        "denomination": "sunni",
        "email": "info@masjidalyaqeen.co.uk",
        "name": "Masjid Al Yaqeen",
        "ref:GB:uprn": "68163137",
        "religion": "muslim",
        "website": "https://masjidalyaqeen.co.uk/",
        "@geometry": "center"
      },
      "geometry": {
        "type": "Point",
        "coordinates": [
          -0.1704939,
          51.2419342
        ]
      },
      "id": "way/529632310"
    },
    {
      "type": "Feature",
      "properties": {
        "@id": "way/530423639",
        "addr:city": "Glasgow",
        "addr:postcode": "G76 8LJ",
        "addr:street": "Stamperland Gardens",
        "amenity": "place_of_worship",
        "building": "yes",
        "name": "Clarkston Community Centre",
        "old_name": "Stamperland Church",
        "ref:GB:uprn": "131033620",
        "religion": "muslim",
        "@geometry": "center"
      },
      "geometry": {
        "type": "Point",
        "coordinates": [
          -4.2727246,
          55.795005
        ]
      },
      "id": "way/530423639"
    },
    {
      "type": "Feature",
      "properties": {
        "@id": "way/540696739",
        "addr:city": "Belfast",
        "addr:housenumber": "38",
        "addr:postcode": "BT9 6DN",
        "addr:street": "Wellington Park",
        "amenity": "place_of_worship",
        "building": "church",
        "check_date": "2025-08-25",
        "name": "Belfast Islamic Centre",
        "phone": "+4428 9066 4465",
        "religion": "muslim",
        "website": "https://belfastislamiccentre.org.uk/",
        "@geometry": "center"
      },
      "geometry": {
        "type": "Point",
        "coordinates": [
          -5.942139,
          54.5824242
        ]
      },
      "id": "way/540696739"
    },
    {
      "type": "Feature",
      "properties": {
        "@id": "way/541380435",
        "amenity": "place_of_worship",
        "building": "mosque",
        "name": "Cheadle Masjid",
        "ref:GB:uprn": "10096033880",
        "religion": "muslim",
        "source": "Bing",
        "website": "https://cheadlemasjid.org/",
        "@geometry": "center"
      },
      "geometry": {
        "type": "Point",
        "coordinates": [
          -2.2195115,
          53.359326
        ]
      },
      "id": "way/541380435"
    },
    {
      "type": "Feature",
      "properties": {
        "@id": "way/541395033",
        "amenity": "place_of_worship",
        "building": "mosque",
        "denomination": "sunni",
        "name": "Masjid-e-Noorul Islam",
        "ref:GB:uprn": "100012552989",
        "religion": "muslim",
        "website": "https://noorulislambolton.com/",
        "@geometry": "center"
      },
      "geometry": {
        "type": "Point",
        "coordinates": [
          -2.4314281,
          53.5897545
        ]
      },
      "id": "way/541395033"
    },
    {
      "type": "Feature",
      "properties": {
        "@id": "way/541395054",
        "amenity": "place_of_worship",
        "building": "yes",
        "name": "Makki Masjid",
        "religion": "muslim",
        "@geometry": "center"
      },
      "geometry": {
        "type": "Point",
        "coordinates": [
          -2.4433627,
          53.5911793
        ]
      },
      "id": "way/541395054"
    },
    {
      "type": "Feature",
      "properties": {
        "@id": "way/541847412",
        "addr:city": "Bolton",
        "addr:postcode": "BL4 7LD",
        "addr:street": "Granville Street",
        "amenity": "place_of_worship",
        "building": "yes",
        "name": "Sughra Mosque",
        "phone": "+44 7707 260234",
        "ref:GB:uprn": "100012559989",
        "religion": "muslim",
        "@geometry": "center"
      },
      "geometry": {
        "type": "Point",
        "coordinates": [
          -2.4011484,
          53.5548714
        ]
      },
      "id": "way/541847412"
    },
    {
      "type": "Feature",
      "properties": {
        "@id": "way/541927176",
        "addr:city": "Reading",
        "addr:housenumber": "2",
        "addr:street": "Stanley Street",
        "amenity": "place_of_worship",
        "building": "yes",
        "denomination": "sunni",
        "email": "shahjalaal@hotmail.com",
        "name": "ShahJalaal Islamic Centre",
        "phone": "+44 118 959 1918",
        "ref:GB:uprn": "310029435",
        "religion": "muslim",
        "subdenomination": "deobandi",
        "website": "https://www.shahjalalcentre.com/",
        "@geometry": "center"
      },
      "geometry": {
        "type": "Point",
        "coordinates": [
          -0.9843521,
          51.4573485
        ]
      },
      "id": "way/541927176"
    },
    {
      "type": "Feature",
      "properties": {
        "@id": "way/542543402",
        "addr:city": "Rochdale",
        "addr:housenumber": "1",
        "addr:postcode": "OL16 2EU",
        "addr:street": "Bulwer Street",
        "amenity": "place_of_worship",
        "building": "yes",
        "name": "Bilal Masjid",
        "phone": "+44 1706 861853",
        "religion": "muslim",
        "@geometry": "center"
      },
      "geometry": {
        "type": "Point",
        "coordinates": [
          -2.1453653,
          53.6209193
        ]
      },
      "id": "way/542543402"
    },
    {
      "type": "Feature",
      "properties": {
        "@id": "way/542689054",
        "addr:city": "Bolton",
        "addr:housenumber": "3",
        "addr:postcode": "BL1 4BG",
        "addr:street": "Gower Street",
        "amenity": "place_of_worship",
        "building": "yes",
        "name": "Jamia Madina Masjid",
        "ref:GB:uprn": "10070922493",
        "religion": "muslim",
        "@geometry": "center"
      },
      "geometry": {
        "type": "Point",
        "coordinates": [
          -2.4451754,
          53.5830512
        ]
      },
      "id": "way/542689054"
    },
    {
      "type": "Feature",
      "properties": {
        "@id": "way/542705837",
        "amenity": "place_of_worship",
        "building": "yes",
        "name": "The Lingfield Centre",
        "religion": "muslim",
        "@geometry": "center"
      },
      "geometry": {
        "type": "Point",
        "coordinates": [
          -1.5451464,
          53.8496234
        ]
      },
      "id": "way/542705837"
    },
    {
      "type": "Feature",
      "properties": {
        "@id": "way/542718358",
        "addr:city": "Bolton",
        "addr:housenumber": "454-460",
        "addr:postcode": "BL3 6TH",
        "addr:street": "Bridgeman Street",
        "amenity": "place_of_worship",
        "building": "yes",
        "name": "Masjid Al-Jamia Darul Quran",
        "phone": "+44 1204 659099",
        "ref:GB:uprn": "10013868459",
        "religion": "muslim",
        "@geometry": "center"
      },
      "geometry": {
        "type": "Point",
        "coordinates": [
          -2.4406258,
          53.5658291
        ]
      },
      "id": "way/542718358"
    },
    {
      "type": "Feature",
      "properties": {
        "@id": "way/542763551",
        "addr:city": "Bolton",
        "addr:housenumber": "100-110",
        "addr:postcode": "BL3 6QU",
        "addr:street": "Grecian Crescent",
        "amenity": "place_of_worship",
        "building": "yes",
        "name": "Makkah Masjid",
        "phone": "+44 1204 524200",
        "ref:GB:uprn": "100012559591",
        "religion": "muslim",
        "@geometry": "center"
      },
      "geometry": {
        "type": "Point",
        "coordinates": [
          -2.4286511,
          53.5661207
        ]
      },
      "id": "way/542763551"
    },
    {
      "type": "Feature",
      "properties": {
        "@id": "way/542763596",
        "addr:city": "Bolton",
        "addr:postcode": "BL3 6NG",
        "addr:street": "Fletcher Street",
        "amenity": "place_of_worship",
        "building": "yes",
        "denomination": "shia",
        "email": "info@markazeahlebait.org",
        "name": "Markaz e Ahlebait",
        "note": "Not entirely sure this is a mosque, as website refers to learning centre but also gives prayer timings",
        "phone": "+44 1204 527762",
        "religion": "muslim",
        "website": "https://markazeahlebait.org/",
        "@geometry": "center"
      },
      "geometry": {
        "type": "Point",
        "coordinates": [
          -2.4292055,
          53.5681764
        ]
      },
      "id": "way/542763596"
    },
    {
      "type": "Feature",
      "properties": {
        "@id": "way/542989562",
        "addr:city": "Bolton",
        "addr:housenumber": "23",
        "addr:postcode": "BL3 5DR",
        "addr:street": "Salisbury Street",
        "amenity": "place_of_worship",
        "building": "yes",
        "name": "Masjid Al Falah",
        "ref:GB:uprn": "10001245268",
        "religion": "muslim",
        "@geometry": "center"
      },
      "geometry": {
        "type": "Point",
        "coordinates": [
          -2.4417264,
          53.5740455
        ]
      },
      "id": "way/542989562"
    },
    {
      "type": "Feature",
      "properties": {
        "@id": "way/548078346",
        "addr:city": "Ilford",
        "addr:country": "GB",
        "addr:housenumber": "50-58",
        "addr:postcode": "IG1 1HW",
        "addr:street": "Albert Road",
        "amenity": "place_of_worship",
        "building": "mosque",
        "building:colour": "#ff9e6b",
        "building:levels": "3",
        "denomination": "sunni",
        "name": "Ilford Central Mosque",
        "religion": "muslim",
        "source": "os_street_view",
        "@geometry": "center"
      },
      "geometry": {
        "type": "Point",
        "coordinates": [
          0.0748956,
          51.5563499
        ]
      },
      "id": "way/548078346"
    },
    {
      "type": "Feature",
      "properties": {
        "@id": "way/549225169",
        "addr:city": "Bolton",
        "addr:housenumber": "82",
        "addr:postcode": "BL1 8EY",
        "addr:street": "Astley Street",
        "amenity": "place_of_worship",
        "building": "yes",
        "name": "Masjid-e-Usman",
        "phone": "+44 1204 524563",
        "ref:GB:uprn": "100012555392",
        "religion": "muslim",
        "@geometry": "center"
      },
      "geometry": {
        "type": "Point",
        "coordinates": [
          -2.4360954,
          53.5939323
        ]
      },
      "id": "way/549225169"
    },
    {
      "type": "Feature",
      "properties": {
        "@id": "way/550279765",
        "addr:city": "Portsmouth",
        "addr:housename": "Mile End Chapel",
        "addr:housenumber": "389a",
        "addr:postcode": "PO1 4QL",
        "addr:street": "Old Commercial Road",
        "amenity": "place_of_worship",
        "building": "yes",
        "name": "Portsmouth Muslim Academy",
        "ref:GB:uprn": "1775061100",
        "religion": "muslim",
        "website": "https://www.portsmouth-muslim-academy.org",
        "@geometry": "center"
      },
      "geometry": {
        "type": "Point",
        "coordinates": [
          -1.0873212,
          50.8068076
        ]
      },
      "id": "way/550279765"
    },
    {
      "type": "Feature",
      "properties": {
        "@id": "way/551539177",
        "addr:city": "Huntingdon",
        "addr:housenumber": "3",
        "addr:postcode": "PE29 3HR",
        "addr:street": "Cromwell Walk",
        "amenity": "place_of_worship",
        "building": "commercial",
        "denomination": "sunni",
        "note": "formerly army cadets building (source: anonymous note 5289229)",
        "ref:GB-EAW:rpow": "85693",
        "reg_name": "HUNTINGDON MUSLIM COMMUNITY AND PRAYER CENTRE",
        "religion": "muslim",
        "@geometry": "center"
      },
      "geometry": {
        "type": "Point",
        "coordinates": [
          -0.1862892,
          52.3333551
        ]
      },
      "id": "way/551539177"
    },
    {
      "type": "Feature",
      "properties": {
        "@id": "node/552455084",
        "addr:city": "St Ives",
        "addr:housenumber": "22",
        "addr:street": "Needingworth Road",
        "amenity": "place_of_worship",
        "denomination": "sunni",
        "name": "Jamia Masjid St Ives Mosque",
        "operator": "Faizan-e-Madina Jamia Masjid",
        "operator:type": "charity",
        "ref:GB-EAW:charity": "1206121",
        "ref:GB-EAW:rpow": "78124",
        "reg_name": "The St Ives Mosque",
        "religion": "muslim"
      },
      "geometry": {
        "type": "Point",
        "coordinates": [
          -0.0686102,
          52.3250969
        ]
      },
      "id": "node/552455084"
    },
    {
      "type": "Feature",
      "properties": {
        "@id": "way/553740164",
        "amenity": "place_of_worship",
        "building": "mosque",
        "name": "Al-Huda",
        "religion": "muslim",
        "wheelchair": "no",
        "@geometry": "center"
      },
      "geometry": {
        "type": "Point",
        "coordinates": [
          -2.6975999,
          53.7556816
        ]
      },
      "id": "way/553740164"
    },
    {
      "type": "Feature",
      "properties": {
        "@id": "way/555477389",
        "addr:city": "Bolton",
        "addr:housenumber": "29",
        "addr:postcode": "BL2 1JF",
        "addr:street": "Bromwich Street",
        "amenity": "place_of_worship",
        "building": "yes",
        "name": "Jamia Alavia Bolton",
        "ref:GB:uprn": "100012556093",
        "religion": "muslim",
        "@geometry": "center"
      },
      "geometry": {
        "type": "Point",
        "coordinates": [
          -2.4160608,
          53.5750996
        ]
      },
      "id": "way/555477389"
    },
    {
      "type": "Feature",
      "properties": {
        "@id": "way/556046837",
        "amenity": "place_of_worship",
        "building": "yes",
        "name": "Taiyabah Masjid",
        "ref:GB:uprn": "100012555642",
        "religion": "muslim",
        "@geometry": "center"
      },
      "geometry": {
        "type": "Point",
        "coordinates": [
          -2.4314087,
          53.5920804
        ]
      },
      "id": "way/556046837"
    },
    {
      "type": "Feature",
      "properties": {
        "@id": "way/560808918",
        "addr:city": "Wyre Forest",
        "addr:postcode": "DY10 4BH",
        "amenity": "place_of_worship",
        "building": "yes",
        "name": "Madinatul-Uloom Al-Islamiyah",
        "name:source": "www.muslimsinbritain.org",
        "religion": "muslim",
        "source": "bing",
        "@geometry": "center"
      },
      "geometry": {
        "type": "Point",
        "coordinates": [
          -2.2127864,
          52.3626005
        ]
      },
      "id": "way/560808918"
    },
    {
      "type": "Feature",
      "properties": {
        "@id": "node/561251825",
        "addr:city": "Nottingham",
        "addr:housenumber": "56",
        "addr:postcode": "NG7 1PW",
        "addr:street": "Rothesay Avenue",
        "amenity": "place_of_worship",
        "name": "Lenton Muslim Centre",
        "religion": "muslim",
        "source:addr": "survey",
        "source:addr:postcode": "ONS"
      },
      "geometry": {
        "type": "Point",
        "coordinates": [
          -1.1718025,
          52.9544575
        ]
      },
      "id": "node/561251825"
    },
    {
      "type": "Feature",
      "properties": {
        "@id": "way/561647731",
        "addr:city": "London",
        "addr:housenumber": "80",
        "addr:postcode": "E15 2BP",
        "addr:street": "High Road Leyton",
        "addr:suburb": "Leyton",
        "alt_name": "Masjid Al-Tawhid",
        "amenity": "place_of_worship",
        "building": "mosque",
        "building:levels": "2",
        "building:material": "brick",
        "denomination": "sunni",
        "female": "yes",
        "name": "Masjid Tawhid",
        "operator": "Masjid and Madrasah al-Tawhid Trust",
        "prayer_times:url": "https://www.masjidtawhid.org/prayer-times",
        "ref:GB-EAW:charity": "1070735",
        "religion": "muslim",
        "website": "https://www.masjidtawhid.org/",
        "@geometry": "center"
      },
      "geometry": {
        "type": "Point",
        "coordinates": [
          -0.004632,
          51.5531282
        ]
      },
      "id": "way/561647731"
    },
    {
      "type": "Feature",
      "properties": {
        "@id": "way/561985516",
        "amenity": "place_of_worship",
        "building": "mosque",
        "ref:GB:uprn": "235064093",
        "religion": "muslim",
        "source": "Bing + survey",
        "@geometry": "center"
      },
      "geometry": {
        "type": "Point",
        "coordinates": [
          -0.5518193,
          53.2187122
        ]
      },
      "id": "way/561985516"
    },
    {
      "type": "Feature",
      "properties": {
        "@id": "way/562334690",
        "addr:city": "Bristol",
        "addr:postcode": "BS2 9QA",
        "addr:street": "Lower Ashley Road",
        "amenity": "place_of_worship",
        "building": "yes",
        "name:en": "Masjid Ibn Seereen",
        "ref:GB:uprn": "72941",
        "religion": "muslim",
        "@geometry": "center"
      },
      "geometry": {
        "type": "Point",
        "coordinates": [
          -2.5787677,
          51.4666522
        ]
      },
      "id": "way/562334690"
    },
    {
      "type": "Feature",
      "properties": {
        "@id": "way/562901663",
        "addr:city": "Bristol",
        "addr:housenumber": "20",
        "addr:postcode": "BS2 9DR",
        "addr:street": "Wade Street",
        "addr:suburb": "St Paul's",
        "amenity": "place_of_worship",
        "building": "yes",
        "building:levels": "2",
        "name": "Al-Baseera Bristol Centre",
        "office": "religion",
        "ref:GB:uprn": "94344",
        "religion": "muslim",
        "@geometry": "center"
      },
      "geometry": {
        "type": "Point",
        "coordinates": [
          -2.5798583,
          51.4591566
        ]
      },
      "id": "way/562901663"
    },
    {
      "type": "Feature",
      "properties": {
        "@id": "way/563472694",
        "addr:city": "Bolton",
        "addr:postcode": "BL1 4LL",
        "addr:street": "Gilnow Road",
        "amenity": "place_of_worship",
        "building": "yes",
        "name": "Masjid Al Aqsa",
        "ref:GB:uprn": "10070921058",
        "religion": "muslim",
        "@geometry": "center"
      },
      "geometry": {
        "type": "Point",
        "coordinates": [
          -2.451295,
          53.5757954
        ]
      },
      "id": "way/563472694"
    },
    {
      "type": "Feature",
      "properties": {
        "@id": "way/564076354",
        "addr:city": "Leicester",
        "addr:housenumber": "2a",
        "addr:postcode": "LE2 1DS",
        "addr:street": "Sutherland Street",
        "alt_name": "The Islamic Centre;World Islamic Centre (Midlands)",
        "amenity": "place_of_worship",
        "building": "yes",
        "denomination": "sufi",
        "name": "Leicester Mosque",
        "phone": "+44 116 285 4052",
        "religion": "muslim",
        "website": "https://www.islamiccentre.org/",
        "@geometry": "center"
      },
      "geometry": {
        "type": "Point",
        "coordinates": [
          -1.1126164,
          52.6293244
        ]
      },
      "id": "way/564076354"
    },
    {
      "type": "Feature",
      "properties": {
        "@id": "way/564076370",
        "addr:city": "Leicester",
        "addr:housenumber": "308",
        "addr:postcode": "LE5 4HJ",
        "addr:street": "Saint Saviour's Road",
        "alt_name": "Uthmani Masjid;Usmani Mosque",
        "amenity": "place_of_worship",
        "building": "industrial",
        "denomination": "sunni",
        "name": "Masjid e Usmani",
        "old_name": "Park Vale Works",
        "phone": "+44 7875 043391",
        "religion": "muslim",
        "subdenomination": "sufi",
        "website": "https://www.usmanimosque.com/",
        "@geometry": "center"
      },
      "geometry": {
        "type": "Point",
        "coordinates": [
          -1.0992347,
          52.633918
        ]
      },
      "id": "way/564076370"
    },
    {
      "type": "Feature",
      "properties": {
        "@id": "way/564076403",
        "amenity": "place_of_worship",
        "building": "yes",
        "denomination": "shia",
        "name": "Masjid-Al-Husayn Mosque",
        "religion": "muslim",
        "@geometry": "center"
      },
      "geometry": {
        "type": "Point",
        "coordinates": [
          -1.0997212,
          52.6409177
        ]
      },
      "id": "way/564076403"
    },
    {
      "type": "Feature",
      "properties": {
        "@id": "way/564076418",
        "addr:city": "Leicester",
        "addr:housenumber": "80",
        "addr:postcode": "LE5 5LJ",
        "addr:street": "Evington Valley Road",
        "amenity": "place_of_worship",
        "building": "yes",
        "denomination": "sufi",
        "name": "Jamia Masjid-e-Bilal",
        "phone": "+44 116 249 0887",
        "religion": "muslim",
        "@geometry": "center"
      },
      "geometry": {
        "type": "Point",
        "coordinates": [
          -1.1017697,
          52.6267841
        ]
      },
      "id": "way/564076418"
    },
    {
      "type": "Feature",
      "properties": {
        "@id": "way/564111394",
        "addr:city": "Leicester",
        "addr:housenumber": "31",
        "addr:postcode": "LE5 1TL",
        "addr:street": "Waterside Road",
        "alt_name": "Leicester Jamatkhana",
        "amenity": "place_of_worship",
        "building": "yes",
        "denomination": "shia",
        "female": "yes",
        "male": "yes",
        "name": "Ismaili Jamaat Khana",
        "ref:GB:uprn": "2465178413",
        "religion": "muslim",
        "@geometry": "center"
      },
      "geometry": {
        "type": "Point",
        "coordinates": [
          -1.0780242,
          52.6591212
        ]
      },
      "id": "way/564111394"
    },
    {
      "type": "Feature",
      "properties": {
        "@id": "way/564111404",
        "addr:city": "Oadby",
        "addr:postcode": "LE2 5AR",
        "addr:street": "Sandhurst Street",
        "alt_name": "Oadby Central Mosque;Oadby & Wigston Muslim Association",
        "amenity": "place_of_worship",
        "building": "yes",
        "building:levels": "1",
        "denomination": "sunni",
        "email": "info@owma.org.uk",
        "name": "Masjid al Ameen",
        "religion": "muslim",
        "roof:shape": "flat",
        "website": "https://owma.org.uk/",
        "@geometry": "center"
      },
      "geometry": {
        "type": "Point",
        "coordinates": [
          -1.0845787,
          52.5996616
        ]
      },
      "id": "way/564111404"
    },
    {
      "type": "Feature",
      "properties": {
        "@id": "way/564111405",
        "addr:city": "Leicester",
        "addr:housenumber": "1",
        "addr:postcode": "LE5 3LX",
        "addr:street": "Harewood Street",
        "alt_name": "Masjid at-Taqwa",
        "amenity": "place_of_worship",
        "building": "residential",
        "denomination": "sunni",
        "female": "yes",
        "male": "yes",
        "name": "Masjid at-Taqwa Islamic Education Centre",
        "phone": "+44 116 212 6772",
        "religion": "muslim",
        "subdenomination": "salafi",
        "website": "https://www.attaqwa.co.uk/",
        "@geometry": "center"
      },
      "geometry": {
        "type": "Point",
        "coordinates": [
          -1.1053957,
          52.6418743
        ]
      },
      "id": "way/564111405"
    },
    {
      "type": "Feature",
      "properties": {
        "@id": "way/564160007",
        "addr:city": "Leicester",
        "addr:housenumber": "362",
        "addr:postcode": "LE5 4HJ",
        "addr:street": "Saint Saviour's Road",
        "amenity": "place_of_worship",
        "building": "yes",
        "denomination": "sunni",
        "female": "yes",
        "male": "yes",
        "name": "Taybah Islamic Centre",
        "phone": "+44 116 249 0076",
        "religion": "muslim",
        "subdenomination": "salafi",
        "website": "http://www.taybahcentre.com/",
        "@geometry": "center"
      },
      "geometry": {
        "type": "Point",
        "coordinates": [
          -1.0945509,
          52.6317248
        ]
      },
      "id": "way/564160007"
    },
    {
      "type": "Feature",
      "properties": {
        "@id": "way/564160008",
        "addr:city": "Leicester",
        "addr:housenumber": "6",
        "addr:postcode": "LE5 3SN",
        "addr:street": "Sylvan Avenue",
        "alt_name": "Masjid Salahuddin",
        "amenity": "place_of_worship",
        "building": "industrial",
        "name": "Hafsah Islamic Centre",
        "phone": "+44 116 216 6234",
        "religion": "muslim",
        "@geometry": "center"
      },
      "geometry": {
        "type": "Point",
        "coordinates": [
          -1.1057035,
          52.6383891
        ]
      },
      "id": "way/564160008"
    },
    {
      "type": "Feature",
      "properties": {
        "@id": "way/564160012",
        "addr:city": "Leicester",
        "addr:housenumber": "22-26",
        "addr:postcode": "LE2 1DQ",
        "addr:street": "St Stephens Road",
        "amenity": "place_of_worship",
        "building": "yes",
        "denomination": "sunni",
        "female": "yes",
        "male": "yes",
        "name": "Masjid-e-Baitul Mukaram",
        "phone": "+44 116 254 6138",
        "religion": "muslim",
        "subdenomination": "deobandi",
        "@geometry": "center"
      },
      "geometry": {
        "type": "Point",
        "coordinates": [
          -1.1135319,
          52.6287497
        ]
      },
      "id": "way/564160012"
    },
    {
      "type": "Feature",
      "properties": {
        "@id": "way/564160015",
        "addr:city": "Leicester",
        "addr:housenumber": "1-3",
        "addr:postcode": "LE2 0SA",
        "addr:street": "Evington Street",
        "amenity": "place_of_worship",
        "building": "yes",
        "denomination": "sufi",
        "female": "yes",
        "male": "yes",
        "name": "Madrasa-e-Anjuman-e-Ghousia Mosque",
        "religion": "muslim",
        "@geometry": "center"
      },
      "geometry": {
        "type": "Point",
        "coordinates": [
          -1.117372,
          52.6304257
        ]
      },
      "id": "way/564160015"
    },
    {
      "type": "Feature",
      "properties": {
        "@id": "way/564369548",
        "addr:city": "Todmorden",
        "addr:housenumber": "71",
        "addr:postcode": "OL14 5HQ",
        "addr:street": "Eagle Street",
        "amenity": "place_of_worship",
        "building": "yes",
        "name": "Majid-e-Hamza Mosque",
        "ref:GB:uprn": "10090221368",
        "religion": "muslim",
        "@geometry": "center"
      },
      "geometry": {
        "type": "Point",
        "coordinates": [
          -2.0947849,
          53.7175874
        ]
      },
      "id": "way/564369548"
    },
    {
      "type": "Feature",
      "properties": {
        "@id": "way/566466521",
        "addr:city": "Leicester",
        "addr:housenumber": "127",
        "addr:postcode": "LE5 5GQ",
        "addr:street": "Mere Road",
        "amenity": "place_of_worship",
        "building": "yes",
        "denomination": "sunni",
        "name": "Madressah-e-Rahimiyah",
        "religion": "muslim",
        "source:addr:postcode": "code-point_open",
        "@geometry": "center"
      },
      "geometry": {
        "type": "Point",
        "coordinates": [
          -1.1094571,
          52.6349908
        ]
      },
      "id": "way/566466521"
    },
    {
      "type": "Feature",
      "properties": {
        "@id": "way/566466523",
        "addr:city": "Leicester",
        "addr:housenumber": "44",
        "addr:postcode": "LE2 1AD",
        "addr:street": "Highfield Street",
        "amenity": "place_of_worship",
        "building": "residential",
        "denomination": "sufi",
        "female": "yes",
        "male": "yes",
        "name": "Jamia Sufiya",
        "phone": "+44 116 255 3926",
        "religion": "muslim",
        "website": "https://jamiasufiya.co.uk/",
        "@geometry": "center"
      },
      "geometry": {
        "type": "Point",
        "coordinates": [
          -1.1182715,
          52.6289546
        ]
      },
      "id": "way/566466523"
    },
    {
      "type": "Feature",
      "properties": {
        "@id": "way/566466525",
        "addr:city": "Leicester",
        "addr:postcode": "LE5 2NG",
        "addr:street": "Thurncourt Road",
        "alt_name": "As Salaam Trust Masjid",
        "amenity": "place_of_worship",
        "building": "yes",
        "denomination": "sunni",
        "female": "yes",
        "male": "yes",
        "name": "The Peace Centre",
        "phone": "+44 116 241 7100",
        "religion": "muslim",
        "website": "http://www.as-salaamtrust.org/",
        "@geometry": "center"
      },
      "geometry": {
        "type": "Point",
        "coordinates": [
          -1.0567746,
          52.6382189
        ]
      },
      "id": "way/566466525"
    },
    {
      "type": "Feature",
      "properties": {
        "@id": "way/566466526",
        "addr:city": "Leicester",
        "addr:housenumber": "126-128",
        "addr:postcode": "LE2 0DQ",
        "addr:street": "Earl Howe Street",
        "amenity": "place_of_worship",
        "building": "mosque",
        "denomination": "sunni",
        "name": "Majles-e-Dawat Ul Haq",
        "religion": "muslim",
        "toilets:wheelchair": "no",
        "wheelchair": "limited",
        "@geometry": "center"
      },
      "geometry": {
        "type": "Point",
        "coordinates": [
          -1.1108214,
          52.6301155
        ]
      },
      "id": "way/566466526"
    },
    {
      "type": "Feature",
      "properties": {
        "@id": "way/566466527",
        "addr:city": "Leicester",
        "addr:housenumber": "55-57",
        "addr:postcode": "LE2 1GL",
        "addr:street": "Upper Tichborne Street",
        "alt_name": "Dar-us-Salam Mosque",
        "amenity": "place_of_worship",
        "building": "yes",
        "denomination": "sunni",
        "male": "only",
        "name": "Dar Es Salam",
        "religion": "muslim",
        "@geometry": "center"
      },
      "geometry": {
        "type": "Point",
        "coordinates": [
          -1.1169963,
          52.6282239
        ]
      },
      "id": "way/566466527"
    },
    {
      "type": "Feature",
      "properties": {
        "@id": "way/566466528",
        "addr:city": "Leicester",
        "addr:housenumber": "126A",
        "addr:postcode": "LE4 5HH",
        "addr:street": "Ross Walk",
        "amenity": "place_of_worship",
        "building": "industrial",
        "denomination": "sunni",
        "layer": "1",
        "name": "Al Bayaan Arabic Foundation",
        "religion": "muslim",
        "subdenomination": "deobandi",
        "website": "https://www.albayaanarabicfoundation.com/",
        "@geometry": "center"
      },
      "geometry": {
        "type": "Point",
        "coordinates": [
          -1.1255395,
          52.6551749
        ]
      },
      "id": "way/566466528"
    },
    {
      "type": "Feature",
      "properties": {
        "@id": "way/566466530",
        "addr:city": "Leicester",
        "addr:housenumber": "60",
        "addr:postcode": "LE5 6TB",
        "addr:street": "Gamel Road",
        "amenity": "place_of_worship",
        "building": "yes",
        "building:levels": "1",
        "denomination": "sunni",
        "female": "yes",
        "male": "yes",
        "name": "Masjid Mu'adh ibn Jabal",
        "religion": "muslim",
        "website": "https://www.muadhibnjabal.org/",
        "@geometry": "center"
      },
      "geometry": {
        "type": "Point",
        "coordinates": [
          -1.0720575,
          52.6329925
        ]
      },
      "id": "way/566466530"
    },
    {
      "type": "Feature",
      "properties": {
        "@id": "way/566466541",
        "addr:city": "Coalville",
        "addr:housename": "The Markfield Mosque",
        "addr:postcode": "LE67 9SY",
        "addr:street": "Ratby Lane",
        "addr:village": "Markfield",
        "amenity": "place_of_worship",
        "building": "yes",
        "building:levels": "1",
        "denomination": "sunni",
        "female": "yes",
        "male": "yes",
        "name": "The Markfield Mosque",
        "religion": "muslim",
        "service_times": "all",
        "subdenomination": "maudoodi",
        "website": "https://www.islamic-foundation.org.uk",
        "@geometry": "center"
      },
      "geometry": {
        "type": "Point",
        "coordinates": [
          -1.2724728,
          52.6774585
        ]
      },
      "id": "way/566466541"
    },
    {
      "type": "Feature",
      "properties": {
        "@id": "way/566466543",
        "addr:city": "Leicester",
        "addr:housenumber": "16-18",
        "addr:postcode": "LE1 4JT",
        "addr:street": "Great Central Street",
        "amenity": "place_of_worship",
        "denomination": "sufi",
        "female": "yes",
        "male": "yes",
        "name": "Hamidiye Camii",
        "phone": "+44 116 262 4465",
        "religion": "muslim",
        "website": "https://www.suleymaniye.org/",
        "wheelchair": "limited",
        "@geometry": "center"
      },
      "geometry": {
        "type": "Point",
        "coordinates": [
          -1.1409847,
          52.6359222
        ]
      },
      "id": "way/566466543"
    },
    {
      "type": "Feature",
      "properties": {
        "@id": "way/566466545",
        "addr:city": "Leicester",
        "addr:housenumber": "24",
        "addr:postcode": "LE1 2LT",
        "addr:street": "Madras Road",
        "amenity": "place_of_worship",
        "building": "yes",
        "denomination": "sunni",
        "layer": "1",
        "name": "Hajra Masjid",
        "name:ar": "مسجد حجره",
        "religion": "muslim",
        "wheelchair": "no",
        "@geometry": "center"
      },
      "geometry": {
        "type": "Point",
        "coordinates": [
          -1.1212795,
          52.639036
        ]
      },
      "id": "way/566466545"
    },
    {
      "type": "Feature",
      "properties": {
        "@id": "way/566466553",
        "addr:city": "Leicester",
        "addr:housename": "Linden House",
        "addr:housenumber": "55",
        "addr:postcode": "LE5 5EE",
        "addr:street": "Linden Street",
        "amenity": "place_of_worship",
        "building": "yes",
        "denomination": "sunni",
        "name": "Noor ul Islam",
        "religion": "muslim",
        "@geometry": "center"
      },
      "geometry": {
        "type": "Point",
        "coordinates": [
          -1.099369,
          52.6316998
        ]
      },
      "id": "way/566466553"
    },
    {
      "type": "Feature",
      "properties": {
        "@id": "way/566466556",
        "addr:city": "Leicester",
        "addr:housenumber": "41",
        "addr:postcode": "LE5 5FL",
        "addr:street": "Gwendolen Road",
        "amenity": "place_of_worship",
        "building": "residential",
        "building:levels": "2",
        "denomination": "sunni",
        "name": "UKIM - Leicester Islamic Centre",
        "religion": "muslim",
        "subdenomination": "maudoodi",
        "@geometry": "center"
      },
      "geometry": {
        "type": "Point",
        "coordinates": [
          -1.1042688,
          52.6314726
        ]
      },
      "id": "way/566466556"
    },
    {
      "type": "Feature",
      "properties": {
        "@id": "way/566466562",
        "addr:city": "Leicester",
        "addr:housenumber": "82",
        "addr:postcode": "LE5 5HW",
        "addr:street": "Kedleston Road",
        "amenity": "place_of_worship",
        "building": "residential",
        "denomination": "sunni",
        "name": "Darus Salam Mosque",
        "religion": "muslim",
        "@geometry": "center"
      },
      "geometry": {
        "type": "Point",
        "coordinates": [
          -1.1052977,
          52.6271452
        ]
      },
      "id": "way/566466562"
    },
    {
      "type": "Feature",
      "properties": {
        "@id": "way/566466566",
        "addr:city": "Leicester",
        "addr:housenumber": "74",
        "addr:postcode": "LE2 3YH",
        "addr:street": "Overdale Road",
        "amenity": "place_of_worship",
        "building": "residential",
        "denomination": "shia",
        "name": "Anjuman-e-Saifee",
        "religion": "muslim",
        "@geometry": "center"
      },
      "geometry": {
        "type": "Point",
        "coordinates": [
          -1.112973,
          52.6043616
        ]
      },
      "id": "way/566466566"
    },
    {
      "type": "Feature",
      "properties": {
        "@id": "way/568901342",
        "addr:city": "Bolton",
        "addr:housenumber": "4",
        "addr:street": "Ramsay Street",
        "amenity": "place_of_worship",
        "building": "yes",
        "name": "Masjid-e-Salaam",
        "ref:GB:uprn": "200002025331",
        "religion": "muslim",
        "@geometry": "center"
      },
      "geometry": {
        "type": "Point",
        "coordinates": [
          -2.4335336,
          53.6032915
        ]
      },
      "id": "way/568901342"
    },
    {
      "type": "Feature",
      "properties": {
        "@id": "way/571333587",
        "addr:city": "Hull",
        "addr:postcode": "HU3 2NT",
        "amenity": "place_of_worship",
        "building": "yes",
        "name": "Diyanet Mosque",
        "ref:GB:uprn": "10000062105;10008635727",
        "religion": "muslim",
        "was:building": "synagogue",
        "wikimedia_commons": "Category:Kingston_upon_Hull_Synagogues",
        "@geometry": "center"
      },
      "geometry": {
        "type": "Point",
        "coordinates": [
          -0.3563868,
          53.7423312
        ]
      },
      "id": "way/571333587"
    },
    {
      "type": "Feature",
      "properties": {
        "@id": "node/581958201",
        "addr:city": "Blackpool",
        "addr:housenumber": "2",
        "addr:postcode": "FY1 5HN",
        "addr:street": "Revoe Street",
        "amenity": "place_of_worship",
        "name": "Blackpool Central Mosque",
        "religion": "muslim",
        "wikidata": "Q4673737"
      },
      "geometry": {
        "type": "Point",
        "coordinates": [
          -3.0449865,
          53.8083489
        ]
      },
      "id": "node/581958201"
    },
    {
      "type": "Feature",
      "properties": {
        "@id": "way/588299787",
        "addr:city": "Burton-on-Trent",
        "addr:postcode": "DE14 3LA",
        "addr:street": "Uxbridge Street",
        "amenity": "place_of_worship",
        "building": "yes",
        "name": "Central Jamia Masjid Rizvia",
        "religion": "muslim",
        "@geometry": "center"
      },
      "geometry": {
        "type": "Point",
        "coordinates": [
          -1.6436496,
          52.7969746
        ]
      },
      "id": "way/588299787"
    },
    {
      "type": "Feature",
      "properties": {
        "@id": "way/589464271",
        "addr:city": "High Wycombe",
        "addr:housenumber": "34",
        "addr:postcode": "HP13 6EB",
        "addr:street": "Totteridge Road",
        "amenity": "place_of_worship",
        "building": "yes",
        "name": "Townfield Totteridge Jamia Mosque",
        "religion": "muslim",
        "website": "https://www.facebook.com/TownfieldMosque",
        "@geometry": "center"
      },
      "geometry": {
        "type": "Point",
        "coordinates": [
          -0.7423915,
          51.6296216
        ]
      },
      "id": "way/589464271"
    },
    {
      "type": "Feature",
      "properties": {
        "@id": "way/589640152",
        "addr:city": "Margate",
        "addr:country": "GB",
        "addr:postcode": "CT9 1NR",
        "addr:street": "Union Crescent",
        "amenity": "place_of_worship",
        "building": "church",
        "denomination": "sunni",
        "name": "Al-Birr Community Centre and Mosque",
        "name:ar": "مسجد البر",
        "phone": "+441843 229 484",
        "ref:GB:uprn": "100062305787",
        "religion": "muslim",
        "service_times": "02:54, 04:56, 12:51, 18:15, 20:46, 22:49",
        "website": "https://www.albirr.com/",
        "wheelchair": "limited",
        "wikidata": "Q26673774",
        "@geometry": "center"
      },
      "geometry": {
        "type": "Point",
        "coordinates": [
          1.3832647,
          51.3878047
        ]
      },
      "id": "way/589640152"
    },
    {
      "type": "Feature",
      "properties": {
        "@id": "way/590024946",
        "addr:city": "Batley",
        "addr:postcode": "WF17 6JJ",
        "addr:street": "Henry Street",
        "amenity": "place_of_worship",
        "building": "yes",
        "name": "Jame Masjid",
        "religion": "muslim",
        "@geometry": "center"
      },
      "geometry": {
        "type": "Point",
        "coordinates": [
          -1.631124,
          53.7028931
        ]
      },
      "id": "way/590024946"
    },
    {
      "type": "Feature",
      "properties": {
        "@id": "way/590025432",
        "amenity": "place_of_worship",
        "building": "yes",
        "name": "Jumma Masjid",
        "religion": "muslim",
        "@geometry": "center"
      },
      "geometry": {
        "type": "Point",
        "coordinates": [
          -1.6305675,
          53.7012642
        ]
      },
      "id": "way/590025432"
    },
    {
      "type": "Feature",
      "properties": {
        "@id": "way/591566854",
        "addr:city": "Bradford",
        "addr:housenumber": "1D",
        "addr:postcode": "BD3 7ER",
        "addr:street": "Moor Park Drive",
        "amenity": "place_of_worship",
        "building": "yes",
        "name": "Madrassa Abbassiya",
        "religion": "muslim",
        "@geometry": "center"
      },
      "geometry": {
        "type": "Point",
        "coordinates": [
          -1.7184537,
          53.8012516
        ]
      },
      "id": "way/591566854"
    },
    {
      "type": "Feature",
      "properties": {
        "@id": "way/592266043",
        "addr:city": "Dewsbury",
        "addr:housenumber": "67",
        "addr:postcode": "WF13 2BT",
        "addr:street": "Hope Street",
        "amenity": "place_of_worship",
        "building": "yes",
        "name": "Ilaahi Masjid",
        "religion": "muslim",
        "website": "https://ilaahimasjid.webs.com/",
        "@geometry": "center"
      },
      "geometry": {
        "type": "Point",
        "coordinates": [
          -1.6379512,
          53.6981395
        ]
      },
      "id": "way/592266043"
    },
    {
      "type": "Feature",
      "properties": {
        "@id": "node/596184862",
        "addr:city": "Westcliff-on-Sea",
        "addr:postcode": "SS0 7JP",
        "addr:street": "Milton Road",
        "amenity": "place_of_worship",
        "name": "Faisal al-Madinah",
        "religion": "muslim",
        "source:addr:postcode": "ons_uprn_lookup"
      },
      "geometry": {
        "type": "Point",
        "coordinates": [
          0.7006434,
          51.539379
        ]
      },
      "id": "node/596184862"
    },
    {
      "type": "Feature",
      "properties": {
        "@id": "way/601028748",
        "addr:housename": "292 Edward Rd, Birmingham B5 7PH, Royaume-Uni",
        "amenity": "place_of_worship",
        "building": "house",
        "name": "Zaouia islamiya 'alaouia",
        "religion": "muslim",
        "@geometry": "center"
      },
      "geometry": {
        "type": "Point",
        "coordinates": [
          -1.9010369,
          52.4589595
        ]
      },
      "id": "way/601028748"
    },
    {
      "type": "Feature",
      "properties": {
        "@id": "way/603116138",
        "amenity": "place_of_worship",
        "building": "yes",
        "name": "South Leeds Al Noor",
        "religion": "muslim",
        "@geometry": "center"
      },
      "geometry": {
        "type": "Point",
        "coordinates": [
          -1.5569721,
          53.7779657
        ]
      },
      "id": "way/603116138"
    },
    {
      "type": "Feature",
      "properties": {
        "@id": "way/609603734",
        "addr:city": "Huntingdon",
        "addr:housename": "Jamia Mosque",
        "addr:housenumber": "31",
        "addr:postcode": "PE29 1QN",
        "addr:street": "Coneygear Road",
        "addr:suburb": "Oxmoor",
        "amenity": "place_of_worship",
        "building": "house",
        "denomination": "sunni",
        "denomination:sunni": "barelwi",
        "description": "When closed: no water, no musalla",
        "email": "huntingdonjamiamosque@gmail.com",
        "jumua": "yes",
        "name": "Jamia Masjid Huntingdon",
        "opening_hours": "Prayer times only",
        "phone": "+44 7806 855737",
        "prayer_times:url": "https://www.huntingdonjamiamosque.com/prayer-timetable.html",
        "ref:GB-EAW:rpow": "81911",
        "reg_name": "ISLAMIC EDUCATION AND PRAYER CENTRE",
        "religion": "muslim",
        "website": "https://www.huntingdonjamiamosque.com",
        "@geometry": "center"
      },
      "geometry": {
        "type": "Point",
        "coordinates": [
          -0.1675908,
          52.34457
        ]
      },
      "id": "way/609603734"
    },
    {
      "type": "Feature",
      "properties": {
        "@id": "way/610273484",
        "amenity": "place_of_worship",
        "building": "yes",
        "name": "Kashmir Muslims Welfare Associatian Leeds",
        "ref:GB:uprn": "72087522",
        "religion": "muslim",
        "@geometry": "center"
      },
      "geometry": {
        "type": "Point",
        "coordinates": [
          -1.5533153,
          53.7764551
        ]
      },
      "id": "way/610273484"
    },
    {
      "type": "Feature",
      "properties": {
        "@id": "way/611855752",
        "addr:city": "Manchester",
        "addr:postcode": "M15 5WD",
        "addr:street": "Parsonage Street",
        "amenity": "place_of_worship",
        "building": "church",
        "name": "Mawlawi Kurdish Cultural Centre",
        "ref:GB:uprn": "10090669351",
        "religion": "muslim",
        "@geometry": "center"
      },
      "geometry": {
        "type": "Point",
        "coordinates": [
          -2.2518221,
          53.4608654
        ]
      },
      "id": "way/611855752"
    },
    {
      "type": "Feature",
      "properties": {
        "@id": "way/612376729",
        "addr:city": "London",
        "addr:housenumber": "47",
        "addr:postcode": "E15 4HG",
        "addr:street": "Vicarage Lane",
        "amenity": "place_of_worship",
        "level": "0",
        "name": "Khidmah Academy",
        "religion": "muslim",
        "@geometry": "center"
      },
      "geometry": {
        "type": "Point",
        "coordinates": [
          0.010752,
          51.5408482
        ]
      },
      "id": "way/612376729"
    },
    {
      "type": "Feature",
      "properties": {
        "@id": "way/612408581",
        "addr:housenumber": "42",
        "addr:street": "Raby Street",
        "amenity": "place_of_worship",
        "building": "yes",
        "name": "Salaam Community Centre and Masjid",
        "religion": "muslim",
        "@geometry": "center"
      },
      "geometry": {
        "type": "Point",
        "coordinates": [
          -2.2517374,
          53.4576889
        ]
      },
      "id": "way/612408581"
    },
    {
      "type": "Feature",
      "properties": {
        "@id": "way/613917998",
        "addr:city": "London",
        "addr:housenumber": "195",
        "addr:street": "Vicarage Lane",
        "amenity": "place_of_worship",
        "building": "commercial",
        "building:levels": "2",
        "name": "Faizan-e-Madina Masjid",
        "religion": "muslim",
        "was:name": "Faizan e Madina Islamic Education Centre",
        "@geometry": "center"
      },
      "geometry": {
        "type": "Point",
        "coordinates": [
          0.0096973,
          51.5375236
        ]
      },
      "id": "way/613917998"
    },
    {
      "type": "Feature",
      "properties": {
        "@id": "way/614121834",
        "addr:city": "Boston",
        "addr:postcode": "PE21 8RJ",
        "amenity": "place_of_worship",
        "building": "yes",
        "name": "Mosque Al-Noor",
        "ref:GB:uprn": "200001828544",
        "religion": "muslim",
        "@geometry": "center"
      },
      "geometry": {
        "type": "Point",
        "coordinates": [
          -0.0302034,
          52.9776263
        ]
      },
      "id": "way/614121834"
    },
    {
      "type": "Feature",
      "properties": {
        "@id": "way/615374401",
        "addr:city": "Stornoway",
        "addr:city:en": "Stornoway",
        "addr:city:gd": "Steòrnabhagh",
        "addr:country": "GB",
        "addr:housenumber": "14",
        "addr:postcode": "HS1 2QS",
        "addr:street": "Sràid Sheumais",
        "alt_name": "Stornoway Mosque",
        "amenity": "place_of_worship",
        "building": "yes",
        "denomination": "sunni",
        "name": "Stornoway Masjid",
        "religion": "muslim",
        "@geometry": "center"
      },
      "geometry": {
        "type": "Point",
        "coordinates": [
          -6.3840059,
          58.207937
        ]
      },
      "id": "way/615374401"
    },
    {
      "type": "Feature",
      "properties": {
        "@id": "way/616095449",
        "amenity": "place_of_worship",
        "building": "house",
        "name": "Al-Amin Masjid",
        "religion": "muslim",
        "@geometry": "center"
      },
      "geometry": {
        "type": "Point",
        "coordinates": [
          -1.5361895,
          53.8151777
        ]
      },
      "id": "way/616095449"
    },
    {
      "type": "Feature",
      "properties": {
        "@id": "way/616755825",
        "addr:city": "Basildon",
        "addr:postcode": "SS16 4ND",
        "addr:street": "High Road",
        "amenity": "place_of_worship",
        "building": "yes",
        "disused:amenity": "pub",
        "name": "South Essex Islamic Community Centre",
        "old_name": "The Barge",
        "religion": "muslim",
        "website": "https://seit.org.uk",
        "@geometry": "center"
      },
      "geometry": {
        "type": "Point",
        "coordinates": [
          0.4872212,
          51.5603908
        ]
      },
      "id": "way/616755825"
    },
    {
      "type": "Feature",
      "properties": {
        "@id": "way/618081392",
        "addr:city": "Bristol",
        "addr:housenumber": "41",
        "addr:postcode": "BS2 9QX",
        "addr:street": "Sevier Street",
        "amenity": "place_of_worship",
        "building": "mosque",
        "denomination": "sunni",
        "name": "Hazrat Bilal Centre",
        "ref:GB:uprn": "67088",
        "religion": "muslim",
        "@geometry": "center"
      },
      "geometry": {
        "type": "Point",
        "coordinates": [
          -2.5776299,
          51.4690152
        ]
      },
      "id": "way/618081392"
    },
    {
      "type": "Feature",
      "properties": {
        "@id": "way/618513836",
        "addr:city": "Leeds",
        "addr:postcode": "LS17 8AD",
        "amenity": "place_of_worship",
        "building": "house",
        "name": "Baab Ul Ilm Centre",
        "ref:GB:uprn": "72182575",
        "religion": "muslim",
        "source:addr:postcode": "ONSUD;OS Open UPRN",
        "@geometry": "center"
      },
      "geometry": {
        "type": "Point",
        "coordinates": [
          -1.5245926,
          53.8499683
        ]
      },
      "id": "way/618513836"
    },
    {
      "type": "Feature",
      "properties": {
        "@id": "way/619146731",
        "addr:city": "Leeds",
        "addr:housenumber": "46-48",
        "addr:postcode": "LS7 4BR",
        "addr:street": "Spencer Place",
        "addr:suburb": "Chapeltown",
        "amenity": "place_of_worship",
        "building": "yes",
        "fhrs:id": "320958",
        "name": "Leeds Islamic Centre",
        "ref:GB:uprn": "72687733",
        "religion": "muslim",
        "source": "OS_OpenData_StreetView",
        "wikidata": "Q66818871",
        "@geometry": "center"
      },
      "geometry": {
        "type": "Point",
        "coordinates": [
          -1.5254817,
          53.8132578
        ]
      },
      "id": "way/619146731"
    },
    {
      "type": "Feature",
      "properties": {
        "@id": "node/623565288",
        "amenity": "place_of_worship",
        "name": "Jaffria Islamic Centre",
        "religion": "muslim"
      },
      "geometry": {
        "type": "Point",
        "coordinates": [
          -2.23369,
          53.4578087
        ]
      },
      "id": "node/623565288"
    },
    {
      "type": "Feature",
      "properties": {
        "@id": "way/627015643",
        "addr:city": "Haywards Heath",
        "addr:housenumber": "19",
        "addr:postcode": "RH16 4EF",
        "addr:street": "Wivelsfield Road",
        "amenity": "place_of_worship",
        "building": "church",
        "building:colour": "#FFFFFF",
        "name": "Mid Sussex Islamic Centre And Masjid",
        "religion": "muslim",
        "@geometry": "center"
      },
      "geometry": {
        "type": "Point",
        "coordinates": [
          -0.0996604,
          50.991704
        ]
      },
      "id": "way/627015643"
    },
    {
      "type": "Feature",
      "properties": {
        "@id": "way/627546095",
        "addr:city": "Peterborough",
        "addr:housenumber": "406",
        "addr:postcode": "PE1 2BY",
        "addr:street": "Gladstone Street",
        "amenity": "place_of_worship",
        "building": "mosque",
        "building:levels": "2",
        "denomination": "sunni",
        "female": "limited",
        "name": "Masjid Ghousia",
        "operator": "Masjid Ghousia Jamia Markaz Ahl-E- Sunnat Wah-Jamaat (Peterborough)",
        "operator:type": "charitable",
        "ref:GB-EAW:charity": "1131838",
        "religion": "muslim",
        "service_times:url": "https://masjidghousia.org/namaaz-times-new/",
        "website": "https://masjidghousia.org",
        "wheelchair": "yes",
        "@geometry": "center"
      },
      "geometry": {
        "type": "Point",
        "coordinates": [
          -0.2515036,
          52.5854166
        ]
      },
      "id": "way/627546095"
    },
    {
      "type": "Feature",
      "properties": {
        "@id": "way/627722171",
        "addr:city": "Bushey",
        "addr:housenumber": "154",
        "addr:postcode": "WD23 3DH",
        "addr:street": "High Street",
        "amenity": "place_of_worship",
        "building": "church",
        "contact:email": "info@jsmcc.org",
        "name": "Jesus Son of Mary Community Centre",
        "name:ar": "مسجد عيسى ابن مريم",
        "ref:GB:uprn": "10034170720",
        "religion": "muslim",
        "short_name": "JSMCC",
        "website": "https://jsmcc.org/",
        "wikidata": "Q26397615",
        "@geometry": "center"
      },
      "geometry": {
        "type": "Point",
        "coordinates": [
          -0.3610192,
          51.644122
        ]
      },
      "id": "way/627722171"
    },
    {
      "type": "Feature",
      "properties": {
        "@id": "way/628433533",
        "addr:city": "Rochdale",
        "addr:postcode": "OL12 0ED",
        "addr:street": "Foxholes Road",
        "amenity": "place_of_worship",
        "building": "yes",
        "denomination": "sunni",
        "name": "Faizan-e-Madina",
        "operator": "Jamia-Tul-Madina",
        "ref:GB:uprn": "23072615",
        "religion": "muslim",
        "website": "https://www.jamiatulmadinauk.net/",
        "@geometry": "center"
      },
      "geometry": {
        "type": "Point",
        "coordinates": [
          -2.1506628,
          53.626052
        ]
      },
      "id": "way/628433533"
    },
    {
      "type": "Feature",
      "properties": {
        "@id": "way/628560305",
        "addr:city": "Peterborough",
        "addr:country": "GB",
        "addr:housenumber": "311",
        "addr:postcode": "PE1 2HP",
        "addr:street": "Cromwell Road",
        "amenity": "place_of_worship",
        "building": "mosque",
        "building:levels": "2",
        "denomination": "sunni",
        "female": "yes",
        "name": "Masjid Khadijah and Islamic Centre",
        "operator": "United Kingdom Islamic Mission",
        "operator:type": "charitable",
        "ref:GB-EAW:charity": "1127246",
        "religion": "muslim",
        "service_times": "fajr; zhuhr; asr; maghrib; isha",
        "service_times:syndicator": "Masjid Box",
        "service_times:syndicator:url": "https://masjidbox.com/prayer-times/khadijah",
        "service_times:url": "https://ukimpeterborough.org.uk/prayer-times/",
        "website": "https://ukimpeterborough.org.uk/",
        "wheelchair": "yes",
        "@geometry": "center"
      },
      "geometry": {
        "type": "Point",
        "coordinates": [
          -0.2480617,
          52.5834485
        ]
      },
      "id": "way/628560305"
    },
    {
      "type": "Feature",
      "properties": {
        "@id": "way/629211580",
        "amenity": "place_of_worship",
        "building": "yes",
        "name": "Sheffield Grand Mosque",
        "religion": "muslim",
        "@geometry": "center"
      },
      "geometry": {
        "type": "Point",
        "coordinates": [
          -1.4409628,
          53.4046055
        ]
      },
      "id": "way/629211580"
    },
    {
      "type": "Feature",
      "properties": {
        "@id": "node/630801815",
        "addr:city": "Bristol",
        "addr:postcode": "BS15 8LR",
        "addr:street": "Moravian Road",
        "amenity": "place_of_worship",
        "name": "Kingswood Masjid",
        "religion": "muslim"
      },
      "geometry": {
        "type": "Point",
        "coordinates": [
          -2.5074679,
          51.4618237
        ]
      },
      "id": "node/630801815"
    },
    {
      "type": "Feature",
      "properties": {
        "@id": "way/631336714",
        "addr:city": "Bristol",
        "addr:housenumber": "577-579",
        "addr:street": "Fishponds Road",
        "amenity": "place_of_worship",
        "building": "mosque",
        "name": "Faizan-E-Madinah",
        "postal_code": "BS16 3AF",
        "religion": "muslim",
        "@geometry": "center"
      },
      "geometry": {
        "type": "Point",
        "coordinates": [
          -2.538337,
          51.4768764
        ]
      },
      "id": "way/631336714"
    },
    {
      "type": "Feature",
      "properties": {
        "@id": "way/631733297",
        "addr:city": "London",
        "addr:housenumber": "19",
        "addr:postcode": "W1J 7RU",
        "addr:street": "Hertford Street",
        "amenity": "place_of_worship",
        "name": "Mayfair Islamic Centre",
        "ref:GB:uprn": "10033551362;100023476451;10033551363;10033551364;10033551365",
        "religion": "muslim",
        "website": "http://mayfairislamiccentre.org.uk/",
        "@geometry": "center"
      },
      "geometry": {
        "type": "Point",
        "coordinates": [
          -0.1489875,
          51.5053762
        ]
      },
      "id": "way/631733297"
    },
    {
      "type": "Feature",
      "properties": {
        "@id": "way/635423848",
        "addr:city": "London",
        "addr:housenumber": "54",
        "addr:postcode": "SW19 1DH",
        "addr:street": "Merton High Street",
        "alt_name": "Darul Amaan Masjid",
        "amenity": "place_of_worship",
        "building": "yes",
        "ref:GB:uprn": "48083692",
        "religion": "muslim",
        "@geometry": "center"
      },
      "geometry": {
        "type": "Point",
        "coordinates": [
          -0.1833542,
          51.4164032
        ]
      },
      "id": "way/635423848"
    },
    {
      "type": "Feature",
      "properties": {
        "@id": "node/635759689",
        "amenity": "place_of_worship",
        "name": "Madressa Islamia Mosque",
        "religion": "muslim"
      },
      "geometry": {
        "type": "Point",
        "coordinates": [
          -2.4066493,
          53.7839034
        ]
      },
      "id": "node/635759689"
    },
    {
      "type": "Feature",
      "properties": {
        "@id": "node/637576669",
        "amenity": "place_of_worship",
        "name": "Ghousia Masjid mosque",
        "religion": "muslim"
      },
      "geometry": {
        "type": "Point",
        "coordinates": [
          -2.3986293,
          53.7856942
        ]
      },
      "id": "node/637576669"
    },
    {
      "type": "Feature",
      "properties": {
        "@id": "way/640066458",
        "amenity": "place_of_worship",
        "building": "mosque",
        "denomination": "sunni",
        "name": "Masjid Abu Bakar",
        "religion": "muslim",
        "@geometry": "center"
      },
      "geometry": {
        "type": "Point",
        "coordinates": [
          0.1773557,
          51.4529364
        ]
      },
      "id": "way/640066458"
    },
    {
      "type": "Feature",
      "properties": {
        "@id": "way/648513199",
        "addr:city": "Bristol",
        "addr:country": "GB",
        "addr:housenumber": "382",
        "addr:postcode": "BS7 0BE",
        "addr:street": "Filton Avenue",
        "addr:suburb": "Horfield",
        "amenity": "place_of_worship",
        "building": "retail",
        "name": "Shahporan",
        "ref:GB:uprn": "17797;264781",
        "religion": "muslim",
        "@geometry": "center"
      },
      "geometry": {
        "type": "Point",
        "coordinates": [
          -2.5742769,
          51.4951505
        ]
      },
      "id": "way/648513199"
    },
    {
      "type": "Feature",
      "properties": {
        "@id": "way/650262937",
        "amenity": "place_of_worship",
        "building": "yes",
        "name": "Felicity House",
        "religion": "muslim",
        "@geometry": "center"
      },
      "geometry": {
        "type": "Point",
        "coordinates": [
          -2.9225601,
          53.4009954
        ]
      },
      "id": "way/650262937"
    },
    {
      "type": "Feature",
      "properties": {
        "@id": "way/651819198",
        "addr:city": "Peterborough",
        "addr:housenumber": "60",
        "addr:postcode": "PE1 2EA",
        "addr:street": "Cromwell Road",
        "amenity": "place_of_worship",
        "building": "yes",
        "denomination": "sunni",
        "description": "If closed, Kurdish shopkeepers opposite can often give access.",
        "name": "Masjid Al-Raheem",
        "religion": "muslim",
        "@geometry": "center"
      },
      "geometry": {
        "type": "Point",
        "coordinates": [
          -0.2472668,
          52.5777401
        ]
      },
      "id": "way/651819198"
    },
    {
      "type": "Feature",
      "properties": {
        "@id": "node/653179278",
        "addr:city": "Birmingham",
        "addr:housenumber": "394",
        "addr:postcode": "B12 8JZ",
        "addr:street": "Ladypool Road",
        "amenity": "place_of_worship",
        "name": "Fountain of Knowledge Islamic Centre",
        "religion": "muslim",
        "source": "survey"
      },
      "geometry": {
        "type": "Point",
        "coordinates": [
          -1.8781306,
          52.4526751
        ]
      },
      "id": "node/653179278"
    },
    {
      "type": "Feature",
      "properties": {
        "@id": "way/654221998",
        "addr:city": "London",
        "addr:housenumber": "20",
        "addr:postcode": "E14 6BZ",
        "addr:street": "Alton Street",
        "amenity": "place_of_worship",
        "building": "yes",
        "denomination": "sunni",
        "name": "Lansbury Mosque",
        "religion": "muslim",
        "@geometry": "center"
      },
      "geometry": {
        "type": "Point",
        "coordinates": [
          -0.0181663,
          51.5152381
        ]
      },
      "id": "way/654221998"
    },
    {
      "type": "Feature",
      "properties": {
        "@id": "way/654524908",
        "addr:city": "Fareham",
        "addr:postcode": "PO15 6QR",
        "addr:street": "Fontley Road",
        "amenity": "place_of_worship",
        "building": "yes",
        "name": "Al Mahdi Centre",
        "ref:GB:uprn": "10094864065",
        "religion": "muslim",
        "website": "https://www.almahdi.org.uk/",
        "@geometry": "center"
      },
      "geometry": {
        "type": "Point",
        "coordinates": [
          -1.2177505,
          50.8763316
        ]
      },
      "id": "way/654524908"
    },
    {
      "type": "Feature",
      "properties": {
        "@id": "way/655150264",
        "amenity": "place_of_worship",
        "building": "mosque",
        "name": "Shahjalal Jamia Masjid",
        "religion": "muslim",
        "@geometry": "center"
      },
      "geometry": {
        "type": "Point",
        "coordinates": [
          -1.5200378,
          53.8170892
        ]
      },
      "id": "way/655150264"
    },
    {
      "type": "Feature",
      "properties": {
        "@id": "way/655166459",
        "addr:city": "Leeds",
        "addr:postcode": "LS8 4LG",
        "amenity": "place_of_worship",
        "building": "yes",
        "name": "Masjid Quba",
        "ref:GB:uprn": "72183894",
        "religion": "muslim",
        "source:addr:postcode": "ONSUD;OS Open UPRN",
        "@geometry": "center"
      },
      "geometry": {
        "type": "Point",
        "coordinates": [
          -1.5224844,
          53.8157568
        ]
      },
      "id": "way/655166459"
    },
    {
      "type": "Feature",
      "properties": {
        "@id": "way/659677692",
        "addr:housenumber": "125",
        "addr:postcode": "KY11 4AE",
        "addr:street": "Woodmill Road",
        "amenity": "place_of_worship",
        "building": "yes",
        "name": "Dunfermline Islamic Centre",
        "ref:GB:uprn": "320200460",
        "religion": "muslim",
        "@geometry": "center"
      },
      "geometry": {
        "type": "Point",
        "coordinates": [
          -3.4356136,
          56.0699809
        ]
      },
      "id": "way/659677692"
    },
    {
      "type": "Feature",
      "properties": {
        "@id": "way/663862459",
        "amenity": "place_of_worship",
        "building": "yes",
        "name": "Handsworth Mosque & IslamicCentre",
        "postal_code": "B21 0NG",
        "ref:GB:uprn": "100071439874",
        "religion": "muslim",
        "source": "bing",
        "@geometry": "center"
      },
      "geometry": {
        "type": "Point",
        "coordinates": [
          -1.944119,
          52.503993
        ]
      },
      "id": "way/663862459"
    },
    {
      "type": "Feature",
      "properties": {
        "@id": "way/665272593",
        "addr:city": "Bolton",
        "addr:country": "GB",
        "addr:housename": "Baitul Aziz Mosque",
        "addr:postcode": "BL6 7AJ",
        "addr:street": "Jones Street",
        "addr:suburb": "Horwich",
        "alt_name": "Baitul Aziz Mosque;Ahmadiyya Muslim Community Centre Bolton;AMA Bolton;AMC Bolton",
        "amenity": "place_of_worship",
        "building": "clinic",
        "denomination": "ahmadiyya",
        "name": "Ahmadiyya Muslim Community Centre",
        "name:ur": "مسجد بیت العزیز",
        "ref:GB:uprn": "100012562223;200002561413",
        "religion": "muslim",
        "wikidata": "Q131695357",
        "@geometry": "center"
      },
      "geometry": {
        "type": "Point",
        "coordinates": [
          -2.5493393,
          53.6016435
        ]
      },
      "id": "way/665272593"
    },
    {
      "type": "Feature",
      "properties": {
        "@id": "way/666953430",
        "addr:postcode": "DY2 7AJ",
        "amenity": "place_of_worship",
        "building": "yes",
        "name": "Dudley Central Mosque",
        "ref:GB:uprn": "90157270",
        "religion": "muslim",
        "source": "visual survey;OS_OpenData_StreetView",
        "source:addr:postcode": "ONSUD;OS Open UPRN",
        "wikidata": "Q96376678",
        "wikipedia": "en:Dudley Central Mosque",
        "@geometry": "center"
      },
      "geometry": {
        "type": "Point",
        "coordinates": [
          -2.078768,
          52.5124071
        ]
      },
      "id": "way/666953430"
    },
    {
      "type": "Feature",
      "properties": {
        "@id": "way/674380818",
        "addr:city": "Cambridge",
        "addr:housenumber": "309-313",
        "addr:postcode": "CB1 3DF",
        "addr:street": "Mill Road",
        "amenity": "place_of_worship",
        "building": "yes",
        "building:colour": "#e3c59f",
        "building:material": "brick",
        "female": "yes",
        "fhrs:id": "1473077",
        "height": "3.5",
        "name": "Cambridge Central Mosque",
        "operator": "The Cambridge Mosque Trust",
        "operator:type": "charitable",
        "ref:GB-EAW:charity": "1164931",
        "religion": "muslim",
        "roof:colour": "#4f514e",
        "roof:shape": "flat",
        "service_times:url": "https://cambridgecentralmosque.org/prayer-times/",
        "website": "https://cambridgecentralmosque.org/",
        "wheelchair": "yes",
        "wikidata": "Q16830778",
        "wikimedia_commons": "Category:Cambridge Central Mosque",
        "wikipedia": "en:Cambridge Central Mosque",
        "@geometry": "center"
      },
      "geometry": {
        "type": "Point",
        "coordinates": [
          0.1523765,
          52.1973434
        ]
      },
      "id": "way/674380818"
    },
    {
      "type": "Feature",
      "properties": {
        "@id": "way/678685321",
        "amenity": "place_of_worship",
        "building": "religious",
        "name": "Chingford Islamic and Cultural Centre",
        "religion": "muslim",
        "@geometry": "center"
      },
      "geometry": {
        "type": "Point",
        "coordinates": [
          -0.017644,
          51.6110437
        ]
      },
      "id": "way/678685321"
    },
    {
      "type": "Feature",
      "properties": {
        "@id": "way/678698204",
        "alt_name": "Ghousia Mosque",
        "amenity": "place_of_worship",
        "building": "mosque",
        "name": "Lea Bridge Road Mosque",
        "religion": "muslim",
        "@geometry": "center"
      },
      "geometry": {
        "type": "Point",
        "coordinates": [
          -0.0215229,
          51.5718798
        ]
      },
      "id": "way/678698204"
    },
    {
      "type": "Feature",
      "properties": {
        "@id": "way/679240836",
        "addr:city": "Cardiff",
        "addr:housenumber": "68-70",
        "addr:postcode": "CF24 3PX",
        "addr:street": "Connaught Road",
        "alt_name": "Umar Mosque",
        "amenity": "place_of_worship",
        "building": "yes",
        "email": "info@masjidumarcardiff.org",
        "name": "Masjid Umar",
        "phone": "+44 7541 124 146",
        "religion": "muslim",
        "website": "https://masjidumarcardiff.org/",
        "@geometry": "center"
      },
      "geometry": {
        "type": "Point",
        "coordinates": [
          -3.161808,
          51.4924838
        ]
      },
      "id": "way/679240836"
    },
    {
      "type": "Feature",
      "properties": {
        "@id": "way/679248261",
        "addr:city": "London",
        "addr:housenumber": "134a",
        "addr:postcode": "E11 4DU",
        "addr:street": "Ashville Road",
        "addr:suburb": "Leytonstone",
        "amenity": "place_of_worship",
        "building": "yes",
        "denomination": "sunni",
        "name": "Masjid-e-Usman",
        "operator": "Ashville Muslim Welfare Trust",
        "prayer_times:url": "https://masjid-e-usman.co.uk/",
        "ref:GB-EAW:charity": "1062123",
        "ref:GB:uprn": "100022963454",
        "religion": "muslim",
        "source:addr:postcode": "ONSUD;OS Open UPRN",
        "website": "https://masjid-e-usman.co.uk/",
        "@geometry": "center"
      },
      "geometry": {
        "type": "Point",
        "coordinates": [
          0.0020846,
          51.5630764
        ]
      },
      "id": "way/679248261"
    },
    {
      "type": "Feature",
      "properties": {
        "@id": "way/679248276",
        "addr:city": "London",
        "addr:housenumber": "106",
        "addr:postcode": "E10 5HG",
        "addr:street": "Church Road",
        "addr:suburb": "Leyton",
        "alt_name": "Albirr",
        "amenity": "place_of_worship",
        "building": "mosque",
        "denomination": "sunni",
        "name": "Al-Birr",
        "religion": "muslim",
        "@geometry": "center"
      },
      "geometry": {
        "type": "Point",
        "coordinates": [
          -0.0170257,
          51.5633237
        ]
      },
      "id": "way/679248276"
    },
    {
      "type": "Feature",
      "properties": {
        "@id": "way/679248291",
        "amenity": "place_of_worship",
        "building": "mosque",
        "name": "Leyton Jamia Masjid",
        "religion": "muslim",
        "@geometry": "center"
      },
      "geometry": {
        "type": "Point",
        "coordinates": [
          -0.0096818,
          51.5611561
        ]
      },
      "id": "way/679248291"
    },
    {
      "type": "Feature",
      "properties": {
        "@id": "way/680063046",
        "addr:city": "Cardiff",
        "addr:housenumber": "21,23",
        "addr:postcode": "CF24 4BG",
        "addr:street": "Wyeverne Road",
        "amenity": "place_of_worship",
        "building": "yes",
        "denomination": "sunni",
        "description": "Muslim Educational & Welfare Center",
        "email": "info@darulisra.org.uk",
        "name": "Dar Ul-Isra",
        "phone": "+44 29 2034 4073",
        "ref:GB:uprn": "10008903788",
        "religion": "muslim",
        "start_date": "1989",
        "website": "https://www.darulisra.org.uk",
        "@geometry": "center"
      },
      "geometry": {
        "type": "Point",
        "coordinates": [
          -3.1753031,
          51.4895769
        ]
      },
      "id": "way/680063046"
    },
    {
      "type": "Feature",
      "properties": {
        "@id": "way/680071144",
        "addr:city": "Cardiff",
        "addr:street": "Penarth Road",
        "amenity": "place_of_worship",
        "building": "yes",
        "building:levels": "2",
        "name": "Masjid At-Tawheed",
        "ref:GB:uprn": "10092988253;10008902562",
        "religion": "muslim",
        "@geometry": "center"
      },
      "geometry": {
        "type": "Point",
        "coordinates": [
          -3.1854426,
          51.4702878
        ]
      },
      "id": "way/680071144"
    },
    {
      "type": "Feature",
      "properties": {
        "@id": "way/680071170",
        "amenity": "place_of_worship",
        "building": "yes",
        "name": "Masjid Abubakr",
        "ref:GB:uprn": "100101041674",
        "religion": "muslim",
        "@geometry": "center"
      },
      "geometry": {
        "type": "Point",
        "coordinates": [
          -3.1818464,
          51.4684199
        ]
      },
      "id": "way/680071170"
    },
    {
      "type": "Feature",
      "properties": {
        "@id": "way/683360045",
        "amenity": "place_of_worship",
        "building": "yes",
        "building:levels": "2",
        "name": "Madina Mosque",
        "ref:GB:uprn": "10093729333",
        "religion": "muslim",
        "@geometry": "center"
      },
      "geometry": {
        "type": "Point",
        "coordinates": [
          -3.1757295,
          51.4959693
        ]
      },
      "id": "way/683360045"
    },
    {
      "type": "Feature",
      "properties": {
        "@id": "way/684945145",
        "addr:city": "Salisbury",
        "addr:housenumber": "27",
        "addr:postcode": "SP2 7ED",
        "addr:street": "Wilton Road",
        "amenity": "place_of_worship",
        "building": "yes",
        "denomination": "sunni",
        "name": "Salisbury Central Masjid",
        "phone": "+44 1722 341 989",
        "religion": "muslim",
        "website": "https://salisburymuslims.org.uk/",
        "@geometry": "center"
      },
      "geometry": {
        "type": "Point",
        "coordinates": [
          -1.8063692,
          51.0725015
        ]
      },
      "id": "way/684945145"
    },
    {
      "type": "Feature",
      "properties": {
        "@id": "way/687656246",
        "addr:city": "Stockton-on-Tees",
        "addr:postcode": "TS18 3EB",
        "addr:street": "Bowesfield Lane",
        "amenity": "place_of_worship",
        "building": "mosque",
        "check_date": "2021-04-26",
        "contact:facebook": "https://www.facebook.com/StocktonJamiaMasjid",
        "name": "Farooq-e-Azam Mosque & Islamic Centre",
        "phone": "+44 1642 679943",
        "religion": "muslim",
        "wikidata": "Q117355442",
        "@geometry": "center"
      },
      "geometry": {
        "type": "Point",
        "coordinates": [
          -1.3184707,
          54.5596792
        ]
      },
      "id": "way/687656246"
    },
    {
      "type": "Feature",
      "properties": {
        "@id": "way/688946538",
        "amenity": "place_of_worship",
        "building": "yes",
        "name": "Central Jamia Masjid Al-Haramain",
        "religion": "muslim",
        "@geometry": "center"
      },
      "geometry": {
        "type": "Point",
        "coordinates": [
          -1.6744643,
          53.7109919
        ]
      },
      "id": "way/688946538"
    },
    {
      "type": "Feature",
      "properties": {
        "@id": "way/693532250",
        "amenity": "place_of_worship",
        "building": "yes",
        "check_date": "2024-06-09",
        "name": "Shah Jalal Mosque",
        "ref:GB:uprn": "10008903803",
        "religion": "muslim",
        "wikidata": "Q29496271",
        "@geometry": "center"
      },
      "geometry": {
        "type": "Point",
        "coordinates": [
          -3.173653,
          51.4931244
        ]
      },
      "id": "way/693532250"
    },
    {
      "type": "Feature",
      "properties": {
        "@id": "node/694152692",
        "amenity": "place_of_worship",
        "name": "Thornaby Mosque",
        "religion": "muslim"
      },
      "geometry": {
        "type": "Point",
        "coordinates": [
          -1.2987553,
          54.5529201
        ]
      },
      "id": "node/694152692"
    },
    {
      "type": "Feature",
      "properties": {
        "@id": "way/695630024",
        "addr:city": "London",
        "addr:housename": "Walnut Tree House",
        "addr:housenumber": "500",
        "addr:postcode": "E10 6RL",
        "addr:street": "High Road Leyton",
        "amenity": "place_of_worship",
        "building": "yes",
        "name": "Menzil Trust Masjid",
        "operator": "The Menzil Trust",
        "religion": "muslim",
        "source:addr:housename": "Survey 2021-03-21",
        "source:addr:housenumber": "Survey 2021-03-21",
        "source:addr:postcode": "Survey 2021-03-21 (on poster on main road)",
        "@geometry": "center"
      },
      "geometry": {
        "type": "Point",
        "coordinates": [
          -0.009912,
          51.5661219
        ]
      },
      "id": "way/695630024"
    },
    {
      "type": "Feature",
      "properties": {
        "@id": "way/696301367",
        "amenity": "place_of_worship",
        "building": "mosque",
        "name": "Makki Mosque",
        "religion": "muslim",
        "@geometry": "center"
      },
      "geometry": {
        "type": "Point",
        "coordinates": [
          -1.6742462,
          53.7096315
        ]
      },
      "id": "way/696301367"
    },
    {
      "type": "Feature",
      "properties": {
        "@id": "way/696304108",
        "amenity": "place_of_worship",
        "building": "mosque",
        "name": "Kanzul Iman",
        "religion": "muslim",
        "@geometry": "center"
      },
      "geometry": {
        "type": "Point",
        "coordinates": [
          -1.6748642,
          53.7084154
        ]
      },
      "id": "way/696304108"
    },
    {
      "type": "Feature",
      "properties": {
        "@id": "way/696362576",
        "addr:city": "London",
        "addr:housenumber": "145",
        "addr:postcode": "E11 3NJ",
        "addr:street": "Cann Hall Road",
        "amenity": "place_of_worship",
        "building": "pub",
        "building:levels": "2",
        "check_date": "2026-03-07",
        "name": "Cann Hall Masjid",
        "old_name": "Colgrave Arms",
        "religion": "muslim",
        "roof:levels": "1",
        "roof:shape": "mansard",
        "source:addr:housenumber": "interpolation",
        "website": "https://www.cannhall.org/en/",
        "@geometry": "center"
      },
      "geometry": {
        "type": "Point",
        "coordinates": [
          0.0112749,
          51.5551558
        ]
      },
      "id": "way/696362576"
    },
    {
      "type": "Feature",
      "properties": {
        "@id": "way/697751756",
        "addr:city": "Bristol",
        "addr:country": "GB",
        "addr:housenumber": "26",
        "addr:postcode": "BS16 3NY",
        "addr:street": "Abingdon Road",
        "addr:suburb": "Fishponds",
        "amenity": "place_of_worship",
        "building": "church",
        "building:levels": "2",
        "name": "Qur'an Academy",
        "old_name": "Abingdon Road Church",
        "religion": "muslim",
        "roof:levels": "1",
        "roof:shape": "hipped",
        "@geometry": "center"
      },
      "geometry": {
        "type": "Point",
        "coordinates": [
          -2.5308963,
          51.4732902
        ]
      },
      "id": "way/697751756"
    },
    {
      "type": "Feature",
      "properties": {
        "@id": "way/699461366",
        "amenity": "place_of_worship",
        "building": "yes",
        "name": "Baitul Mukarram Jame Masjid",
        "ref:GB:uprn": "100052089720",
        "religion": "muslim",
        "wheelchair": "yes",
        "@geometry": "center"
      },
      "geometry": {
        "type": "Point",
        "coordinates": [
          -1.4734412,
          53.3655576
        ]
      },
      "id": "way/699461366"
    },
    {
      "type": "Feature",
      "properties": {
        "@id": "way/702400789",
        "addr:city": "Hull",
        "addr:postcode": "HU3 1AG",
        "amenity": "place_of_worship",
        "building": "yes",
        "name": "Springbank Mosque",
        "ref:GB:uprn": "200001249058",
        "religion": "muslim",
        "@geometry": "center"
      },
      "geometry": {
        "type": "Point",
        "coordinates": [
          -0.3515288,
          53.7492565
        ]
      },
      "id": "way/702400789"
    },
    {
      "type": "Feature",
      "properties": {
        "@id": "way/705792558",
        "addr:housenumber": "5",
        "addr:street": "Claymill Road",
        "amenity": "place_of_worship",
        "building": "yes",
        "name": "Masjid Muhammed",
        "religion": "muslim",
        "@geometry": "center"
      },
      "geometry": {
        "type": "Point",
        "coordinates": [
          -1.0895369,
          52.6639143
        ]
      },
      "id": "way/705792558"
    },
    {
      "type": "Feature",
      "properties": {
        "@id": "way/706357193",
        "addr:city": "Hayes",
        "addr:postcode": "UB3 1AQ",
        "addr:street": "Golden Crescent",
        "amenity": "place_of_worship",
        "building": "mosque",
        "name": "Quba Masjid & Islamic Centre",
        "operator": "Quba Masjid & Islamic Centre",
        "operator:type": "charity",
        "prayer_times:url": "https://www.qubamasjid.com/",
        "ref:GB-EAW:charity": "1189923",
        "religion": "muslim",
        "website": "https://www.qubamasjid.com/",
        "@geometry": "center"
      },
      "geometry": {
        "type": "Point",
        "coordinates": [
          -0.4228302,
          51.5086981
        ]
      },
      "id": "way/706357193"
    },
    {
      "type": "Feature",
      "properties": {
        "@id": "way/707225873",
        "addr:city": "Aberdeen",
        "addr:postcode": "AB24 5HY",
        "addr:street": "Frederick Street",
        "amenity": "place_of_worship",
        "building": "yes",
        "denomination": "sunni",
        "name": "Aberdeen Mosque & Islamic Centre",
        "religion": "muslim",
        "website": "https://www.aberdeenmosque.org/",
        "wikidata": "Q24197267",
        "wikipedia": "en:Aberdeen Mosque and Islamic Centre",
        "@geometry": "center"
      },
      "geometry": {
        "type": "Point",
        "coordinates": [
          -2.091538,
          57.1503893
        ]
      },
      "id": "way/707225873"
    },
    {
      "type": "Feature",
      "properties": {
        "@id": "way/708093765",
        "amenity": "place_of_worship",
        "building": "yes",
        "name": "Masjid E Ghosia",
        "ref:GB:uprn": "10013868763",
        "religion": "muslim",
        "@geometry": "center"
      },
      "geometry": {
        "type": "Point",
        "coordinates": [
          -2.4438347,
          53.5651375
        ]
      },
      "id": "way/708093765"
    },
    {
      "type": "Feature",
      "properties": {
        "@id": "node/710176513",
        "addr:housenumber": "8",
        "addr:postcode": "BA1 1LA",
        "addr:street": "Pierrepont Street",
        "amenity": "place_of_worship",
        "check_date": "2024-03-30",
        "name": "Bath Islamic Centre and Mosque",
        "religion": "muslim",
        "website": "https://bathmosque.org.uk/",
        "wheelchair": "limited"
      },
      "geometry": {
        "type": "Point",
        "coordinates": [
          -2.3573317,
          51.3800009
        ]
      },
      "id": "node/710176513"
    },
    {
      "type": "Feature",
      "properties": {
        "@id": "way/712224478",
        "amenity": "place_of_worship",
        "building": "yes",
        "check_date": "2025-09-08",
        "name": "Masjid Uthman",
        "religion": "muslim",
        "@geometry": "center"
      },
      "geometry": {
        "type": "Point",
        "coordinates": [
          -0.073134,
          51.3979884
        ]
      },
      "id": "way/712224478"
    },
    {
      "type": "Feature",
      "properties": {
        "@id": "way/712311313",
        "amenity": "place_of_worship",
        "building": "yes",
        "name": "Raza-E-Mustafa Mosque",
        "ref:GB:uprn": "100052102518",
        "religion": "muslim",
        "@geometry": "center"
      },
      "geometry": {
        "type": "Point",
        "coordinates": [
          -1.3247126,
          53.4153214
        ]
      },
      "id": "way/712311313"
    },
    {
      "type": "Feature",
      "properties": {
        "@id": "way/712902936",
        "amenity": "place_of_worship",
        "building": "yes",
        "name": "Madrasatul Imam Muhammad Zakariya",
        "religion": "muslim",
        "@geometry": "center"
      },
      "geometry": {
        "type": "Point",
        "coordinates": [
          -2.4291565,
          53.5929115
        ]
      },
      "id": "way/712902936"
    },
    {
      "type": "Feature",
      "properties": {
        "@id": "way/713472616",
        "addr:postcode": "OL6 9JA",
        "addr:street": "Hillgate Street",
        "amenity": "place_of_worship",
        "building": "mosque",
        "name": "Ashton Central Mosque",
        "religion": "muslim",
        "website": "https://www.ashtoncentralmosque.com/",
        "@geometry": "center"
      },
      "geometry": {
        "type": "Point",
        "coordinates": [
          -2.0866443,
          53.4925181
        ]
      },
      "id": "way/713472616"
    },
    {
      "type": "Feature",
      "properties": {
        "@id": "way/715874107",
        "addr:city": "Bolton",
        "addr:housenumber": "2",
        "addr:postcode": "BL3 4PZ",
        "addr:street": "Broadgate",
        "amenity": "place_of_worship",
        "building": "yes",
        "name": "Masjid Adam Mosque",
        "ref:GB:uprn": "200002547950;200002547960",
        "religion": "muslim",
        "source:addr": "FHRS Open Data",
        "@geometry": "center"
      },
      "geometry": {
        "type": "Point",
        "coordinates": [
          -2.4763924,
          53.5702878
        ]
      },
      "id": "way/715874107"
    },
    {
      "type": "Feature",
      "properties": {
        "@id": "way/716750292",
        "addr:city": "London",
        "addr:housenumber": "7",
        "addr:street": "Sutherland Avenue",
        "amenity": "place_of_worship",
        "building": "yes",
        "layer": "-1",
        "name": "Masjid Khalil",
        "religion": "muslim",
        "website": "https://www.mosquedirectory.co.uk/mosques/england/london/westminster/maida-vale/Masjid-Khalil-Maida-Vale-Westminster/995",
        "@geometry": "center"
      },
      "geometry": {
        "type": "Point",
        "coordinates": [
          -0.1940301,
          51.5229652
        ]
      },
      "id": "way/716750292"
    },
    {
      "type": "Feature",
      "properties": {
        "@id": "way/718114592",
        "addr:city": "Keighley",
        "addr:housename": "Ahmadiyya Muslim Association",
        "addr:housenumber": "17",
        "addr:postcode": "BD21 5AL",
        "addr:street": "Longcroft",
        "alt_name": "Ahmadiyya Mosque Keighly;Baitul Haleem;Baitul Halim",
        "alt_name:ur": "بیت الحلیم",
        "amenity": "place_of_worship",
        "building": "yes",
        "denomination": "ahmadiyya",
        "name": "Baitul Haleem Mosque",
        "name:ur": "مسجد بیت الحلیم",
        "religion": "muslim",
        "@geometry": "center"
      },
      "geometry": {
        "type": "Point",
        "coordinates": [
          -1.9063794,
          53.8640103
        ]
      },
      "id": "way/718114592"
    },
    {
      "type": "Feature",
      "properties": {
        "@id": "node/722514457",
        "addr:city": "Bathgate",
        "addr:housenumber": "5",
        "addr:street": "Whitburn Road",
        "amenity": "place_of_worship",
        "name": "Sarajia Islamic Center",
        "phone": "+44 1506 635380",
        "postal_code": "EH48 1HE",
        "religion": "muslim"
      },
      "geometry": {
        "type": "Point",
        "coordinates": [
          -3.6421959,
          55.9006658
        ]
      },
      "id": "node/722514457"
    },
    {
      "type": "Feature",
      "properties": {
        "@id": "way/722678904",
        "addr:city": "Reading",
        "addr:street": "Amity Road",
        "amenity": "place_of_worship",
        "building": "yes",
        "denomination": "sunni",
        "jurisprudence": "hanafi",
        "name": "Reading Islamic Centre",
        "operator": "JAMME MASJID GHAUSIA - READING ISLAMIC CENTRE (ANJUMAN MUHIBBAN-E-RASOOL, READING)",
        "ref:GB:charity_no": "295423",
        "ref:GB:uprn": "310043145",
        "religion": "muslim",
        "@geometry": "center"
      },
      "geometry": {
        "type": "Point",
        "coordinates": [
          -0.9479928,
          51.4537087
        ]
      },
      "id": "way/722678904"
    },
    {
      "type": "Feature",
      "properties": {
        "@id": "way/724504717",
        "amenity": "place_of_worship",
        "building": "yes",
        "name": "Ashrafia Mosque",
        "ref:GB:uprn": "10001245302",
        "religion": "muslim",
        "@geometry": "center"
      },
      "geometry": {
        "type": "Point",
        "coordinates": [
          -2.4432662,
          53.5739643
        ]
      },
      "id": "way/724504717"
    },
    {
      "type": "Feature",
      "properties": {
        "@id": "node/727795295",
        "addr:city": "Birmingham",
        "addr:housenumber": "155",
        "addr:postcode": "B26 3DX",
        "addr:street": "New Coventry Road",
        "amenity": "place_of_worship",
        "check_date": "2024-12-31",
        "name": "Manarat Foundation",
        "religion": "muslim",
        "source": "survey"
      },
      "geometry": {
        "type": "Point",
        "coordinates": [
          -1.7922472,
          52.4539633
        ]
      },
      "id": "node/727795295"
    },
    {
      "type": "Feature",
      "properties": {
        "@id": "way/729248301",
        "addr:city": "Newport",
        "addr:postcode": "NP20 5FA",
        "addr:street": "Shaftesbury Street",
        "amenity": "place_of_worship",
        "building": "yes",
        "denomination": "sunni",
        "name": "Dawat E Islami Shaftesbury",
        "ref:GB:uprn": "10090274812",
        "religion": "muslim",
        "wikidata": "Q99451416",
        "@geometry": "center"
      },
      "geometry": {
        "type": "Point",
        "coordinates": [
          -2.9961529,
          51.5941684
        ]
      },
      "id": "way/729248301"
    },
    {
      "type": "Feature",
      "properties": {
        "@id": "way/731558680",
        "addr:city": "Blackburn",
        "addr:postcode": "BB1 1TG",
        "addr:street": "Audley Range",
        "amenity": "place_of_worship",
        "building": "mosque",
        "denomination": "sunni",
        "name": "Masjide Noorul Islam",
        "operator": "Noorul Islam Blackburn",
        "operator:type": "charitable",
        "prayer_times:syndicator": "masjidbox",
        "prayer_times:syndicator:url": "https://masjidbox.com/prayer-times/masjide-noorul-islam",
        "prayer_times:url": "https://masjidenoorulislam.org/",
        "ref:GB-EAW:charity": "1202466",
        "ref:GB-EAW:rpow": "82614",
        "ref:GB:uprn": "200004507091",
        "religion": "muslim",
        "source:addr:postcode": "ONSUD;OS Open UPRN",
        "website": "https://masjidenoorulislam.org/",
        "@geometry": "center"
      },
      "geometry": {
        "type": "Point",
        "coordinates": [
          -2.4669742,
          53.7443068
        ]
      },
      "id": "way/731558680"
    },
    {
      "type": "Feature",
      "properties": {
        "@id": "way/733224254",
        "amenity": "place_of_worship",
        "building": "yes",
        "name": "Madinah Masjid",
        "ref:GB:uprn": "200002545355",
        "religion": "muslim",
        "@geometry": "center"
      },
      "geometry": {
        "type": "Point",
        "coordinates": [
          -2.4349218,
          53.5814869
        ]
      },
      "id": "way/733224254"
    },
    {
      "type": "Feature",
      "properties": {
        "@id": "way/733391375",
        "addr:city": "Nelson",
        "addr:street": "BankHouse Road",
        "amenity": "place_of_worship",
        "building": "yes",
        "name": "Masjid Nimra",
        "ref:GB:uprn": "10094603425",
        "religion": "muslim",
        "@geometry": "center"
      },
      "geometry": {
        "type": "Point",
        "coordinates": [
          -2.2064814,
          53.8408429
        ]
      },
      "id": "way/733391375"
    },
    {
      "type": "Feature",
      "properties": {
        "@id": "way/737425840",
        "amenity": "place_of_worship",
        "building": "yes",
        "denomination": "sunni",
        "name": "Darus Salam Masjid & Bangladeshi Islamic Centre",
        "religion": "muslim",
        "@geometry": "center"
      },
      "geometry": {
        "type": "Point",
        "coordinates": [
          -2.0211194,
          52.5696608
        ]
      },
      "id": "way/737425840"
    },
    {
      "type": "Feature",
      "properties": {
        "@id": "way/738035581",
        "amenity": "place_of_worship",
        "building": "yes",
        "name": "Gausia Madrassah",
        "religion": "muslim",
        "@geometry": "center"
      },
      "geometry": {
        "type": "Point",
        "coordinates": [
          -2.2056843,
          53.8373621
        ]
      },
      "id": "way/738035581"
    },
    {
      "type": "Feature",
      "properties": {
        "@id": "way/740811749",
        "amenity": "place_of_worship",
        "building": "mosque",
        "name": "Dundee Central Mosque",
        "religion": "muslim",
        "wikidata": "Q19902226",
        "wikipedia": "en:Dundee Central Mosque",
        "@geometry": "center"
      },
      "geometry": {
        "type": "Point",
        "coordinates": [
          -2.9808464,
          56.4618101
        ]
      },
      "id": "way/740811749"
    },
    {
      "type": "Feature",
      "properties": {
        "@id": "way/741237831",
        "amenity": "place_of_worship",
        "building": "yes",
        "name": "Labbayak Ya RasoolAllah Masjid",
        "ref:GB:uprn": "10024180940",
        "religion": "muslim",
        "@geometry": "center"
      },
      "geometry": {
        "type": "Point",
        "coordinates": [
          -2.208933,
          53.832488
        ]
      },
      "id": "way/741237831"
    },
    {
      "type": "Feature",
      "properties": {
        "@id": "way/741950152",
        "amenity": "place_of_worship",
        "building": "yes",
        "name": "Masjid Ahl Al-Sunnah",
        "ref:GB:uprn": "100012555715",
        "religion": "muslim",
        "@geometry": "center"
      },
      "geometry": {
        "type": "Point",
        "coordinates": [
          -2.4425397,
          53.5937763
        ]
      },
      "id": "way/741950152"
    },
    {
      "type": "Feature",
      "properties": {
        "@id": "way/756032582",
        "addr:city": "Hinckley",
        "addr:housenumber": "102",
        "addr:postcode": "LE10 0QE",
        "addr:street": "Rugby Road",
        "amenity": "place_of_worship",
        "building": "yes",
        "mobile": "+44 7921 192864",
        "name": "Madinah Masjid",
        "ref:GB:uprn": "100030509039",
        "religion": "muslim",
        "@geometry": "center"
      },
      "geometry": {
        "type": "Point",
        "coordinates": [
          -1.3775223,
          52.5364796
        ]
      },
      "id": "way/756032582"
    },
    {
      "type": "Feature",
      "properties": {
        "@id": "way/761203176",
        "addr:housenumber": "120",
        "addr:street": "Worksop Road",
        "amenity": "place_of_worship",
        "building": "yes",
        "name": "Quba Education Centre",
        "religion": "muslim",
        "source": "Bing",
        "was:amenity": "pub",
        "was:name": "Old Blue Bell",
        "@geometry": "center"
      },
      "geometry": {
        "type": "Point",
        "coordinates": [
          -1.4269683,
          53.3942647
        ]
      },
      "id": "way/761203176"
    },
    {
      "type": "Feature",
      "properties": {
        "@id": "way/766475726",
        "addr:city": "Glasgow",
        "addr:housename": "Baitur Rahman Mosque Glasgow",
        "addr:housenumber": "8",
        "addr:postcode": "G3 8TR",
        "addr:street": "Haugh Road",
        "alt_name": "Baitur Rahman Mosque;Baitur Rahman",
        "alt_name:ur": "بیت الرحمان;مسجد بیت الرحمن",
        "amenity": "place_of_worship",
        "building": "yes",
        "contact:phone": "+44 141 334 7931",
        "denomination": "ahmadiyya",
        "name": "Bait-Ur-Rahman Mosque",
        "name:ur": "مسجد بیت الرحمان",
        "religion": "muslim",
        "wikidata": "Q56634367",
        "@geometry": "center"
      },
      "geometry": {
        "type": "Point",
        "coordinates": [
          -4.2900324,
          55.8660139
        ]
      },
      "id": "way/766475726"
    },
    {
      "type": "Feature",
      "properties": {
        "@id": "way/766492675",
        "amenity": "place_of_worship",
        "building": "yes",
        "denomination": "sunni",
        "name": "Madina Masjid",
        "religion": "muslim",
        "@geometry": "center"
      },
      "geometry": {
        "type": "Point",
        "coordinates": [
          -1.6364201,
          53.7094051
        ]
      },
      "id": "way/766492675"
    },
    {
      "type": "Feature",
      "properties": {
        "@id": "way/766492678",
        "amenity": "place_of_worship",
        "building": "yes",
        "denomination": "sunni",
        "name": "Madressa Islamiyah",
        "religion": "muslim",
        "@geometry": "center"
      },
      "geometry": {
        "type": "Point",
        "coordinates": [
          -1.6362401,
          53.7101247
        ]
      },
      "id": "way/766492678"
    },
    {
      "type": "Feature",
      "properties": {
        "@id": "way/772530018",
        "addr:city": "Luton",
        "addr:country": "GB",
        "addr:postcode": "LU3 2RR",
        "addr:street": "Mount Pleasant Road",
        "amenity": "place_of_worship",
        "building": "yes",
        "denomination": "sunni",
        "email": "info@alfurqanllm.org",
        "name": "Al Furqan Mosque",
        "religion": "muslim",
        "website": "https://alfurqanllm.org/",
        "@geometry": "center"
      },
      "geometry": {
        "type": "Point",
        "coordinates": [
          -0.4564108,
          51.9056805
        ]
      },
      "id": "way/772530018"
    },
    {
      "type": "Feature",
      "properties": {
        "@id": "way/774631126",
        "addr:city": "Birmingham",
        "addr:housenumber": "762-764",
        "addr:postcode": "B8 2JF",
        "addr:street": "Washwood Heath Road",
        "amenity": "place_of_worship",
        "building": "yes",
        "name": "Jamia Masjid Anwara al Madina",
        "religion": "muslim",
        "source": "bing",
        "@geometry": "center"
      },
      "geometry": {
        "type": "Point",
        "coordinates": [
          -1.8282798,
          52.4931287
        ]
      },
      "id": "way/774631126"
    },
    {
      "type": "Feature",
      "properties": {
        "@id": "way/774686517",
        "addr:city": "Birmingham",
        "addr:housenumber": "790",
        "addr:postcode": "B8 2JG",
        "addr:street": "Washwood Heath Road",
        "amenity": "place_of_worship",
        "building": "yes",
        "name": "Masjid Tayyabah",
        "religion": "muslim",
        "source": "bing",
        "@geometry": "center"
      },
      "geometry": {
        "type": "Point",
        "coordinates": [
          -1.8271074,
          52.4930954
        ]
      },
      "id": "way/774686517"
    },
    {
      "type": "Feature",
      "properties": {
        "@id": "way/778030845",
        "addr:city": "Wigan",
        "addr:housename": "Masjid Tooba",
        "addr:postcode": "WN3 5HN",
        "addr:street": "Clifton Street",
        "amenity": "place_of_worship",
        "building": "yes",
        "name": "Masjid Tooba",
        "phone": "+44 1942 495 038",
        "religion": "muslim",
        "website": "https://www.masjidtooba.co.uk/",
        "@geometry": "center"
      },
      "geometry": {
        "type": "Point",
        "coordinates": [
          -2.6456494,
          53.5288285
        ]
      },
      "id": "way/778030845"
    },
    {
      "type": "Feature",
      "properties": {
        "@id": "way/779065496",
        "addr:city": "Nelson",
        "addr:street": "Pendle Street",
        "amenity": "place_of_worship",
        "building": "yes",
        "name": "Markazi Jamia Ghausia Masjid",
        "ref:GB:uprn": "200002827717",
        "religion": "muslim",
        "@geometry": "center"
      },
      "geometry": {
        "type": "Point",
        "coordinates": [
          -2.2159737,
          53.8390484
        ]
      },
      "id": "way/779065496"
    },
    {
      "type": "Feature",
      "properties": {
        "@id": "node/785648904",
        "addr:city": "Darlington",
        "addr:housenumber": "25-26",
        "addr:postcode": "DL3 6LY",
        "addr:street": "North Lodge Terrace",
        "amenity": "place_of_worship",
        "name": "Jamie Mosque & Islamic Society of Darlington",
        "phone": "+44 1325 250839",
        "religion": "muslim",
        "website": "https://www.tsurc.org/darlington/home.html"
      },
      "geometry": {
        "type": "Point",
        "coordinates": [
          -1.5565794,
          54.5297414
        ]
      },
      "id": "node/785648904"
    },
    {
      "type": "Feature",
      "properties": {
        "@id": "way/786238859",
        "addr:city": "Glasgow",
        "addr:postcode": "G77 5AA",
        "addr:street": "Ayr Road",
        "amenity": "place_of_worship",
        "building": "yes",
        "name": "East Renfrewshire Islamic Centre",
        "ref:GB:uprn": "131031327",
        "religion": "muslim",
        "@geometry": "center"
      },
      "geometry": {
        "type": "Point",
        "coordinates": [
          -4.3366499,
          55.7696895
        ]
      },
      "id": "way/786238859"
    },
    {
      "type": "Feature",
      "properties": {
        "@id": "way/788198520",
        "addr:city": "London",
        "addr:housenumber": "20",
        "addr:postcode": "W11 4PG",
        "addr:street": "Penzance Place",
        "amenity": "place_of_worship",
        "building": "yes",
        "name": "Islamic Universal Association",
        "phone": "+44 20 7602 5273",
        "ref:GB:uprn": "217067494",
        "religion": "muslim",
        "source:addr:postcode": "ONSUD;OS Open UPRN",
        "website": "https://arafeh.co.uk/",
        "@geometry": "center"
      },
      "geometry": {
        "type": "Point",
        "coordinates": [
          -0.2119049,
          51.5089858
        ]
      },
      "id": "way/788198520"
    },
    {
      "type": "Feature",
      "properties": {
        "@id": "way/796499429",
        "addr:city": "London",
        "addr:housenumber": "11",
        "addr:postcode": "E3 4YD",
        "addr:street": "Bangla Close",
        "amenity": "place_of_worship",
        "building": "mosque",
        "name": "Turners Road Masjid",
        "religion": "muslim",
        "@geometry": "center"
      },
      "geometry": {
        "type": "Point",
        "coordinates": [
          -0.0315605,
          51.5166421
        ]
      },
      "id": "way/796499429"
    },
    {
      "type": "Feature",
      "properties": {
        "@id": "way/816519969",
        "amenity": "place_of_worship",
        "building": "yes",
        "building:levels": "1",
        "name": "Jamia Masjid",
        "ref:GB:uprn": "100051934532",
        "religion": "muslim",
        "roof:colour": "grey",
        "roof:levels": "1",
        "roof:shape": "pyramidal",
        "@geometry": "center"
      },
      "geometry": {
        "type": "Point",
        "coordinates": [
          -1.8224725,
          53.8005117
        ]
      },
      "id": "way/816519969"
    },
    {
      "type": "Feature",
      "properties": {
        "@id": "way/818250610",
        "addr:city": "Isleworth",
        "addr:housenumber": "19",
        "addr:postcode": "TW7 4HQ",
        "addr:street": "Thornbury Road",
        "amenity": "place_of_worship",
        "building": "yes",
        "denomination": "shia",
        "name": "Husseini Islamic Mission",
        "prayer_times:url": "https://hussainimission.info/",
        "ref:GB-EAW:charity": "277961",
        "ref:GB:uprn": "100023406349",
        "religion": "muslim",
        "@geometry": "center"
      },
      "geometry": {
        "type": "Point",
        "coordinates": [
          -0.3458897,
          51.4749571
        ]
      },
      "id": "way/818250610"
    },
    {
      "type": "Feature",
      "properties": {
        "@id": "node/823774072",
        "addr:postcode": "WS1 2JN",
        "amenity": "place_of_worship",
        "fhrs:id": "429105",
        "name": "Central Mosque",
        "religion": "muslim",
        "source": "GPS Survey"
      },
      "geometry": {
        "type": "Point",
        "coordinates": [
          -1.9704539,
          52.5832348
        ]
      },
      "id": "node/823774072"
    },
    {
      "type": "Feature",
      "properties": {
        "@id": "way/824308788",
        "addr:city": "Mansfield",
        "addr:postcode": "NG18 2HJ",
        "addr:street": "Goodacre Street",
        "amenity": "place_of_worship",
        "building": "mosque",
        "name": "Mansfield Jamee Masjid",
        "operator": "Mansfield & Ashfield Bangladeshi Association",
        "operator:type": "charitable",
        "ref:GB:uprn": "10012818885",
        "religion": "muslim",
        "@geometry": "center"
      },
      "geometry": {
        "type": "Point",
        "coordinates": [
          -1.1891425,
          53.1442523
        ]
      },
      "id": "way/824308788"
    },
    {
      "type": "Feature",
      "properties": {
        "@id": "way/828805026",
        "addr:city": "Luton",
        "addr:housenumber": "64a",
        "addr:street": "Compton Avenue",
        "addr:suburb": "Leagrave",
        "amenity": "place_of_worship",
        "building": "mosque",
        "check_date": "2026-01-24",
        "disused:amenity": "place_of_worship",
        "name": "Al Falah Community Centre",
        "name:en": "Al Falah Community Centre",
        "ref:GB:uprn": "10093290549",
        "religion": "muslim",
        "website": "https://alfalahmasjidluton.com/",
        "@geometry": "center"
      },
      "geometry": {
        "type": "Point",
        "coordinates": [
          -0.4626075,
          51.9029665
        ]
      },
      "id": "way/828805026"
    },
    {
      "type": "Feature",
      "properties": {
        "@id": "way/838318222",
        "addr:city": "Dundee",
        "addr:country": "GB",
        "addr:housenumber": "15",
        "addr:postcode": "DD1 5HB",
        "addr:street": "Wilkie's Lane",
        "amenity": "place_of_worship",
        "building": "mosque",
        "contact:facebook": "https://www.facebook.com/Mosquedundee",
        "denomination": "sunni",
        "email": "contact@almaktoummosque.org",
        "name": "Al-Maktoum Mosque",
        "phone": "+44 1382 220308",
        "ref:GB:uprn": "9059102525",
        "religion": "muslim",
        "website": "https://almaktoummosque.org/",
        "@geometry": "center"
      },
      "geometry": {
        "type": "Point",
        "coordinates": [
          -2.9863931,
          56.4595382
        ]
      },
      "id": "way/838318222"
    },
    {
      "type": "Feature",
      "properties": {
        "@id": "way/840606911",
        "amenity": "place_of_worship",
        "building": "yes",
        "building:levels": "3",
        "building:roof": "flat",
        "name": "Medina Mosque",
        "religion": "muslim",
        "@geometry": "center"
      },
      "geometry": {
        "type": "Point",
        "coordinates": [
          -0.6339728,
          51.4814093
        ]
      },
      "id": "way/840606911"
    },
    {
      "type": "Feature",
      "properties": {
        "@id": "way/843641877",
        "addr:city": "Glasgow",
        "addr:housenumber": "275",
        "addr:postcode": "G41 3JW",
        "addr:street": "Tantallon Road",
        "amenity": "place_of_worship",
        "building": "yes",
        "building:levels": "2",
        "name": "Tantallon Road Mosque",
        "ref:GB:uprn": "906700365312",
        "religion": "muslim",
        "website": "https://www.jamiaislamiaglasgow.org.uk/",
        "@geometry": "center"
      },
      "geometry": {
        "type": "Point",
        "coordinates": [
          -4.2825976,
          55.825653
        ]
      },
      "id": "way/843641877"
    },
    {
      "type": "Feature",
      "properties": {
        "@id": "way/845013501",
        "addr:city": "London",
        "addr:housenumber": "1a",
        "addr:street": "Clissold Road",
        "amenity": "place_of_worship",
        "building": "yes",
        "building:levels": "1",
        "check_date": "2023-07-08",
        "name": "Valide Sultan Mosque",
        "name:tr": "Valide Sultan Camii",
        "religion": "muslim",
        "website": "https://www.londonvalidesultan.org/",
        "@geometry": "center"
      },
      "geometry": {
        "type": "Point",
        "coordinates": [
          -0.0838414,
          51.5573068
        ]
      },
      "id": "way/845013501"
    },
    {
      "type": "Feature",
      "properties": {
        "@id": "way/845748471",
        "addr:city": "London",
        "addr:housenumber": "363,365",
        "addr:postcode": "SE13 6NZ",
        "addr:street": "Lewisham High Street",
        "amenity": "place_of_worship",
        "check_date": "2023-04-25",
        "contact:email": "info@lewishamislamiccentre.com",
        "contact:facebook": "Lewishamislamiccentre",
        "contact:instagram": "lewishammosque",
        "contact:phone": "+44 20 8690 5090",
        "contact:telegram": "https://t.me/lewishamislamiccentreofficial",
        "contact:tiktok": "lewishammosque",
        "contact:twitter": "lewishamMosque",
        "contact:website": "https://www.lewishamislamiccentre.com",
        "fhrs:id": "1599736",
        "level": "0",
        "name": "Lewisham Islamic Centre",
        "religion": "muslim",
        "@geometry": "center"
      },
      "geometry": {
        "type": "Point",
        "coordinates": [
          -0.0162928,
          51.45179
        ]
      },
      "id": "way/845748471"
    },
    {
      "type": "Feature",
      "properties": {
        "@id": "way/849597626",
        "addr:city": "Newport",
        "addr:housenumber": "183-186",
        "addr:postcode": "NP20 2PP",
        "addr:street": "Commercial Road",
        "amenity": "place_of_worship",
        "building": "mosque",
        "denomination": "sunni",
        "email": "info@jamiamosquenewport.org",
        "name": "Jamia Mosque",
        "phone": "+44 1633 662 096",
        "ref:GB:uprn": "200001806378",
        "religion": "muslim",
        "website": "http://www.jamiamosquenewport.org",
        "@geometry": "center"
      },
      "geometry": {
        "type": "Point",
        "coordinates": [
          -2.9917305,
          51.5811335
        ]
      },
      "id": "way/849597626"
    },
    {
      "type": "Feature",
      "properties": {
        "@id": "way/851087549",
        "addr:city": "London",
        "addr:postcode": "E15 3QR",
        "addr:street": "East Road",
        "addr:suburb": "Stratford",
        "amenity": "place_of_worship",
        "building": "mosque",
        "building:levels": "1",
        "name": "Masjid Abdul Aziz bin Baz",
        "operator": "Al Athariyyah",
        "prayer_times:url": "https://masjidbinbaz.com/timetable/",
        "ref:GB-EAW:charity": "1116996",
        "religion": "muslim",
        "website": "https://masjidbinbaz.com/",
        "@geometry": "center"
      },
      "geometry": {
        "type": "Point",
        "coordinates": [
          0.0187134,
          51.5364643
        ]
      },
      "id": "way/851087549"
    },
    {
      "type": "Feature",
      "properties": {
        "@id": "way/852636676",
        "amenity": "place_of_worship",
        "building": "church",
        "denomination": "anglican",
        "name": "Hayes Welfare Association & Abdulla Masjid",
        "religion": "muslim",
        "@geometry": "center"
      },
      "geometry": {
        "type": "Point",
        "coordinates": [
          -0.4405849,
          51.5013862
        ]
      },
      "id": "way/852636676"
    },
    {
      "type": "Feature",
      "properties": {
        "@id": "way/856965114",
        "addr:city": "Wrexham",
        "addr:housenumber": "6",
        "addr:street": "Grosvenor Road",
        "amenity": "place_of_worship",
        "building": "mosque",
        "name": "Wrexham Islamic Cultural Centre",
        "name:en": "Wrexham Islamic Cultural Centre",
        "old_name": "North Wales Mine Workers Institute",
        "old_name:en": "North Wales Mine Workers Institute",
        "religion": "muslim",
        "short_name": "Wrexham Mosque",
        "short_name:en": "Wrexham Mosque",
        "@geometry": "center"
      },
      "geometry": {
        "type": "Point",
        "coordinates": [
          -2.9973032,
          53.0481649
        ]
      },
      "id": "way/856965114"
    },
    {
      "type": "Feature",
      "properties": {
        "@id": "way/858900233",
        "amenity": "place_of_worship",
        "building": "yes",
        "name": "Dagenham Aishah Islamic Centre",
        "religion": "muslim",
        "@geometry": "center"
      },
      "geometry": {
        "type": "Point",
        "coordinates": [
          0.1437002,
          51.5673578
        ]
      },
      "id": "way/858900233"
    },
    {
      "type": "Feature",
      "properties": {
        "@id": "way/858976930",
        "addr:city": "Wigan",
        "addr:housenumber": "240",
        "addr:postcode": "WN3 4NH",
        "addr:street": "Warrington Road",
        "addr:suburb": "Ince",
        "amenity": "place_of_worship",
        "building": "church",
        "check_date": "2026-07-04",
        "contact:website": "https://www.wiganrashidamasjid.co.uk/",
        "description": "Formerly St Mary's C of E Church",
        "name": "Wigan Rashida Masjid",
        "religion": "muslim",
        "source": "survey",
        "was:name": "Saint Mary's Church",
        "was:religion": "christian",
        "@geometry": "center"
      },
      "geometry": {
        "type": "Point",
        "coordinates": [
          -2.6176474,
          53.5332783
        ]
      },
      "id": "way/858976930"
    },
    {
      "type": "Feature",
      "properties": {
        "@id": "way/864661808",
        "addr:city": "London",
        "addr:housenumber": "67",
        "addr:postcode": "E7 9AL",
        "addr:street": "Earlham Grove",
        "amenity": "place_of_worship",
        "building": "house",
        "building:levels": "3",
        "denomination": "shia",
        "name": "Imambargah Qasr-e-Abbas (QAS)",
        "religion": "muslim",
        "@geometry": "center"
      },
      "geometry": {
        "type": "Point",
        "coordinates": [
          0.0163341,
          51.5474985
        ]
      },
      "id": "way/864661808"
    },
    {
      "type": "Feature",
      "properties": {
        "@id": "way/870452327",
        "addr:city": "Huddersfield",
        "addr:housename": "Ahmadiyya Muslim Association",
        "addr:housenumber": "(The Pavillion)",
        "addr:postcode": "HD2 2QA",
        "addr:street": "Spaines Road",
        "alt_name": "Bait-ul-Tauhid Mosque;Bait-ul-Tauhid;Baitul Tauhid",
        "alt_name:ur": "بیت التوحید",
        "amenity": "place_of_worship",
        "building": "mosque",
        "building:construction": "mosque",
        "denomination": "ahmadiyya",
        "name": "Baitul Tauhid Mosque",
        "name:ur": "مسجد بیت التوحید",
        "religion": "muslim",
        "wikidata": "Q123735658",
        "@geometry": "center"
      },
      "geometry": {
        "type": "Point",
        "coordinates": [
          -1.7855754,
          53.6623972
        ]
      },
      "id": "way/870452327"
    },
    {
      "type": "Feature",
      "properties": {
        "@id": "way/872976480",
        "addr:housenumber": "292-296",
        "addr:street": "Romford Road",
        "amenity": "place_of_worship",
        "name": "Minhaj Ul Quran Centre",
        "religion": "muslim",
        "source:addr:housenumber": "survey 2021-01-03",
        "@geometry": "center"
      },
      "geometry": {
        "type": "Point",
        "coordinates": [
          0.0248432,
          51.5460428
        ]
      },
      "id": "way/872976480"
    },
    {
      "type": "Feature",
      "properties": {
        "@id": "way/875507569",
        "amenity": "place_of_worship",
        "building": "yes",
        "name": "Muslim Welfare House",
        "religion": "muslim",
        "@geometry": "center"
      },
      "geometry": {
        "type": "Point",
        "coordinates": [
          -1.4965058,
          53.3794422
        ]
      },
      "id": "way/875507569"
    },
    {
      "type": "Feature",
      "properties": {
        "@id": "way/879170764",
        "amenity": "place_of_worship",
        "building": "mosque",
        "religion": "muslim",
        "source:amenity": "OS_OpenData_StreetView",
        "source:building": "aerial",
        "@geometry": "center"
      },
      "geometry": {
        "type": "Point",
        "coordinates": [
          -2.1598217,
          53.610047
        ]
      },
      "id": "way/879170764"
    },
    {
      "type": "Feature",
      "properties": {
        "@id": "way/885612663",
        "amenity": "place_of_worship",
        "building": "yes",
        "name": "Bethel Chapel",
        "religion": "muslim",
        "@geometry": "center"
      },
      "geometry": {
        "type": "Point",
        "coordinates": [
          -3.9900876,
          51.6205271
        ]
      },
      "id": "way/885612663"
    },
    {
      "type": "Feature",
      "properties": {
        "@id": "way/887069968",
        "addr:housenumber": "98",
        "addr:street": "Dames Road",
        "amenity": "place_of_worship",
        "building": "chapel",
        "building:use": "mosque",
        "name": "Masjid Isa Ibn Maryam",
        "name:en": "Jesus, Son of Mary Mosque",
        "religion": "muslim",
        "was:name": "Christian Israelite Church",
        "website": "https://isaibnmaryam.co.uk/",
        "@geometry": "center"
      },
      "geometry": {
        "type": "Point",
        "coordinates": [
          0.0222748,
          51.5547667
        ]
      },
      "id": "way/887069968"
    },
    {
      "type": "Feature",
      "properties": {
        "@id": "way/889643691",
        "amenity": "place_of_worship",
        "building": "yes",
        "name": "Hyderi Islamic Centre",
        "religion": "muslim",
        "website": "https://www.hyderi.org.uk/",
        "@geometry": "center"
      },
      "geometry": {
        "type": "Point",
        "coordinates": [
          -0.136545,
          51.420161
        ]
      },
      "id": "way/889643691"
    },
    {
      "type": "Feature",
      "properties": {
        "@id": "way/897658610",
        "addr:city": "Chelmsford",
        "addr:street": "Regina Road",
        "amenity": "place_of_worship",
        "building": "yes",
        "denomination": "shia",
        "name": "Ali Reza Islamic Centre",
        "operator": "The Muslim Shia Ithna-Asheri Jamaat of Essex",
        "operator:type": "charity",
        "prayer_times:url": "https://essexjamaat.org.uk/",
        "ref:GB-EAW:charity": "299621",
        "religion": "muslim",
        "subdenomination": "twelver",
        "website": "https://essexjamaat.org.uk/",
        "@geometry": "center"
      },
      "geometry": {
        "type": "Point",
        "coordinates": [
          0.4765984,
          51.738157
        ]
      },
      "id": "way/897658610"
    },
    {
      "type": "Feature",
      "properties": {
        "@id": "node/900937946",
        "addr:city": "London",
        "addr:housenumber": "101",
        "addr:postcode": "E2 0FT",
        "addr:street": "Braintree Street",
        "amenity": "place_of_worship",
        "check_date": "2025-05-12",
        "name": "Baitul Aman Mosque",
        "religion": "muslim"
      },
      "geometry": {
        "type": "Point",
        "coordinates": [
          -0.0527433,
          51.5250755
        ]
      },
      "id": "node/900937946"
    },
    {
      "type": "Feature",
      "properties": {
        "@id": "way/901176708",
        "addr:city": "Aylesbury",
        "addr:housename": "Southcourt Islamic Centre",
        "addr:postcode": "HP21 8LZ",
        "addr:street": "Churchill Avenue",
        "amenity": "place_of_worship",
        "building": "yes",
        "denomination": "sunni",
        "name": "Southcourt Islamic Centre",
        "religion": "muslim",
        "website": "https://southcourtislamiccentre.co.uk",
        "@geometry": "center"
      },
      "geometry": {
        "type": "Point",
        "coordinates": [
          -0.8252557,
          51.8104814
        ]
      },
      "id": "way/901176708"
    },
    {
      "type": "Feature",
      "properties": {
        "@id": "node/903941842",
        "amenity": "place_of_worship",
        "name": "Faizan -e-Mustafa Educational Centre",
        "religion": "muslim",
        "source": "survey"
      },
      "geometry": {
        "type": "Point",
        "coordinates": [
          -1.8581574,
          52.4562063
        ]
      },
      "id": "node/903941842"
    },
    {
      "type": "Feature",
      "properties": {
        "@id": "way/905103735",
        "addr:city": "Walsall",
        "addr:housenumber": "150",
        "addr:postcode": "WS2 8EA",
        "addr:street": "Stafford Street",
        "addr:unit": "7",
        "amenity": "place_of_worship",
        "building": "industrial",
        "building:levels": "2",
        "denomination": "sunni",
        "name": "Al Aqsa Walsall Masjid",
        "operator": "Karimia Association Limited",
        "ref:GB:uprn": "10013663283;10090900262;10090900261",
        "religion": "muslim",
        "roof:shape": "gabled",
        "website": "https://www.karimia.com/",
        "@geometry": "center"
      },
      "geometry": {
        "type": "Point",
        "coordinates": [
          -1.9850104,
          52.5929635
        ]
      },
      "id": "way/905103735"
    },
    {
      "type": "Feature",
      "properties": {
        "@id": "way/905238933",
        "addr:city": "Warrington",
        "addr:postcode": "WA5 0BF",
        "addr:street": "Lockton Lane",
        "addr:suburb": "Bewsey",
        "amenity": "place_of_worship",
        "building": "yes",
        "email": "info@warringtonislamicassociation.org.uk",
        "healthcare": "vaccination_centre",
        "leisure": "fitness_centre",
        "name": "Warrington Islamic Association",
        "ref:GB:uprn": "200000980374",
        "religion": "muslim",
        "vaccination": "covid19",
        "website": "https://warringtonislamicassociation.org.uk/",
        "@geometry": "center"
      },
      "geometry": {
        "type": "Point",
        "coordinates": [
          -2.6126734,
          53.3977953
        ]
      },
      "id": "way/905238933"
    },
    {
      "type": "Feature",
      "properties": {
        "@id": "way/909345533",
        "amenity": "place_of_worship",
        "building": "yes",
        "denomination": "sunni",
        "name": "Masjid Al-Hira (Sunni)",
        "religion": "muslim",
        "@geometry": "center"
      },
      "geometry": {
        "type": "Point",
        "coordinates": [
          -0.4494674,
          51.8922366
        ]
      },
      "id": "way/909345533"
    },
    {
      "type": "Feature",
      "properties": {
        "@id": "way/911236827",
        "amenity": "place_of_worship",
        "building": "yes",
        "name": "Baitul Mukarram Mosque & Islamic Center",
        "religion": "muslim",
        "@geometry": "center"
      },
      "geometry": {
        "type": "Point",
        "coordinates": [
          -2.3260595,
          53.7070624
        ]
      },
      "id": "way/911236827"
    },
    {
      "type": "Feature",
      "properties": {
        "@id": "way/912392832",
        "addr:city": "Burgess Hill",
        "addr:housenumber": "130",
        "addr:postcode": "RH15 9AB",
        "addr:street": "Lower Church Road",
        "amenity": "place_of_worship",
        "building": "yes",
        "name": "Muslim Community Mosque",
        "ref:GB:uprn": "100062483883",
        "religion": "muslim",
        "@geometry": "center"
      },
      "geometry": {
        "type": "Point",
        "coordinates": [
          -0.1380717,
          50.9572768
        ]
      },
      "id": "way/912392832"
    },
    {
      "type": "Feature",
      "properties": {
        "@id": "way/915723683",
        "amenity": "place_of_worship",
        "building": "yes",
        "denomination": "sunni",
        "name": "Madressa Islamiyah (Old Madressah)",
        "operator": "Mount Pleasant Islamic Trust",
        "religion": "muslim",
        "@geometry": "center"
      },
      "geometry": {
        "type": "Point",
        "coordinates": [
          -1.6373887,
          53.7098396
        ]
      },
      "id": "way/915723683"
    },
    {
      "type": "Feature",
      "properties": {
        "@id": "way/919104649",
        "addr:city": "Plymouth",
        "addr:housenumber": "112",
        "addr:postcode": "PL4 6AW",
        "addr:street": "North Road East",
        "amenity": "place_of_worship",
        "building": "house",
        "building:levels": "2",
        "denomination": "sunni",
        "name": "Islamic Centre of Plymouth and Cornwall",
        "religion": "muslim",
        "roof:levels": "1",
        "roof:material": "roof_tiles",
        "roof:orientation": "across",
        "roof:shape": "gabled",
        "website": "https://icpc.org.uk/",
        "@geometry": "center"
      },
      "geometry": {
        "type": "Point",
        "coordinates": [
          -4.1411803,
          50.3770354
        ]
      },
      "id": "way/919104649"
    },
    {
      "type": "Feature",
      "properties": {
        "@id": "way/922284660",
        "addr:city": "Oldham",
        "addr:housename": "Oldham Central Masjid and Islamic Centre",
        "addr:postcode": "OL9 6BX",
        "addr:street": "Featherstall Road North",
        "amenity": "place_of_worship",
        "building": "mosque",
        "denomination": "sunni",
        "name": "Oldham Central Masjid and Islamic Centre",
        "religion": "muslim",
        "website": "https://ocmic.org.uk/",
        "@geometry": "center"
      },
      "geometry": {
        "type": "Point",
        "coordinates": [
          -2.1278547,
          53.5450371
        ]
      },
      "id": "way/922284660"
    },
    {
      "type": "Feature",
      "properties": {
        "@id": "way/922483191",
        "addr:city": "Aberdeen",
        "addr:country": "GB",
        "addr:housenumber": "16",
        "addr:postcode": "AB11 6HD",
        "addr:street": "Crown Terrace",
        "amenity": "place_of_worship",
        "building": "yes",
        "check_date": "2023-10-31",
        "denomination": "sufi",
        "name": "Syed Shah Mustafa Jame Masjid",
        "ref:GB:uprn": "9051060398;9051059627;9051059628",
        "religion": "muslim",
        "@geometry": "center"
      },
      "geometry": {
        "type": "Point",
        "coordinates": [
          -2.1009406,
          57.1432152
        ]
      },
      "id": "way/922483191"
    },
    {
      "type": "Feature",
      "properties": {
        "@id": "way/922483193",
        "addr:city": "Aberdeen",
        "addr:housenumber": "41",
        "addr:postcode": "AB24 5ER",
        "addr:street": "Nelson Street",
        "amenity": "place_of_worship",
        "building": "yes",
        "denomination": "sunni",
        "name": "Masjid Alhikmah & Community Centre",
        "phone": "+44 1224 421208",
        "ref:GB:uprn": "9051086848;9051086847;10092057807",
        "religion": "muslim",
        "website": "https://masjidalhikmah.org.uk/",
        "@geometry": "center"
      },
      "geometry": {
        "type": "Point",
        "coordinates": [
          -2.0973973,
          57.1540968
        ]
      },
      "id": "way/922483193"
    },
    {
      "type": "Feature",
      "properties": {
        "@id": "way/925348846",
        "amenity": "place_of_worship",
        "building": "mosque",
        "name": "Jamia Masjid Anwar-Ul-Uloom",
        "religion": "muslim",
        "@geometry": "center"
      },
      "geometry": {
        "type": "Point",
        "coordinates": [
          -1.9580027,
          52.4897186
        ]
      },
      "id": "way/925348846"
    },
    {
      "type": "Feature",
      "properties": {
        "@id": "way/925372524",
        "addr:city": "Bedford",
        "addr:postcode": "MK40 3EP",
        "addr:street": "Goldington Road",
        "amenity": "place_of_worship",
        "building": "yes",
        "denomination": "sunni",
        "female": "yes",
        "name": "Goldington Islamic Centre",
        "prayer_times:syndicator": "MasjidBox",
        "prayer_times:syndicator:url": "https://masjidbox.com/prayer-times/goldington-islamic-centre",
        "prayer_times:url": "https://www.goldingtonislamiccentre.org",
        "ref:GB:uprn": "10033189655",
        "religion": "muslim",
        "website": "https://www.goldingtonislamiccentre.org",
        "@geometry": "center"
      },
      "geometry": {
        "type": "Point",
        "coordinates": [
          -0.452599,
          52.1400593
        ]
      },
      "id": "way/925372524"
    },
    {
      "type": "Feature",
      "properties": {
        "@id": "way/931657731",
        "addr:city": "London",
        "addr:housenumber": "302",
        "addr:postcode": "W12 7LJ",
        "addr:street": "Uxbridge Road",
        "amenity": "place_of_worship",
        "building": "yes",
        "denomination": "sunni",
        "description": "The Shepherd's Bush Masjid, also known as the Shepherd's Bush Mosque and Muslim Cultural Centre, was founded in a private house in Tunis Road in 1972 and bought its current building on Uxbridge Road in 1987.",
        "name": "Shepherds Bush Mosque and Muslim Cultural Centre",
        "religion": "muslim",
        "website": "https://www.shepherdsbushmosque.org/",
        "@geometry": "center"
      },
      "geometry": {
        "type": "Point",
        "coordinates": [
          -0.2313589,
          51.5065947
        ]
      },
      "id": "way/931657731"
    },
    {
      "type": "Feature",
      "properties": {
        "@id": "way/941115770",
        "addr:city": "Reading",
        "addr:country": "GB",
        "addr:housenumber": "29-31",
        "addr:postcode": "RG1 3LB",
        "addr:street": "Cumberland Road",
        "amenity": "place_of_worship",
        "building": "house",
        "building:levels": "2",
        "house": "terraced",
        "name": "Jamiat Ahl-alHadith",
        "religion": "muslim",
        "roof:levels": "1",
        "roof:shape": "gabled",
        "@geometry": "center"
      },
      "geometry": {
        "type": "Point",
        "coordinates": [
          -0.9493228,
          51.4538909
        ]
      },
      "id": "way/941115770"
    },
    {
      "type": "Feature",
      "properties": {
        "@id": "way/941959935",
        "addr:city": "Ashton-Under-Lyne",
        "addr:housenumber": "14",
        "addr:postcode": "OL6 9QZ",
        "addr:street": "Stanhope Street",
        "amenity": "place_of_worship",
        "building": "yes",
        "name": "Masjid Ar-Raheem",
        "prayer_times:url": "https://masjidarraheem.co.uk/prayer-times",
        "ref:GB-EAW:charity": "1201471",
        "religion": "muslim",
        "website": "https://masjidarraheem.co.uk/",
        "@geometry": "center"
      },
      "geometry": {
        "type": "Point",
        "coordinates": [
          -2.0799484,
          53.4934801
        ]
      },
      "id": "way/941959935"
    },
    {
      "type": "Feature",
      "properties": {
        "@id": "way/942505220",
        "addr:city": "Watford",
        "addr:country": "GB",
        "addr:postcode": "WD18 0GJ",
        "addr:street": "Cambridge Rd, Watford",
        "amenity": "place_of_worship",
        "building": "mosque",
        "denomination": "sunni",
        "name": "Watford Jamia Masjid",
        "operator": "http://www.watfordmosque.org.uk",
        "ref:GB:uprn": "200000930995",
        "religion": "muslim",
        "subdenomination": "barelvi",
        "website": "https://www.watfordmosque.org.uk/",
        "@geometry": "center"
      },
      "geometry": {
        "type": "Point",
        "coordinates": [
          -0.3951155,
          51.652458
        ]
      },
      "id": "way/942505220"
    },
    {
      "type": "Feature",
      "properties": {
        "@id": "node/945002012",
        "addr:city": "Manchester",
        "addr:country": "GB",
        "addr:housenumber": "5",
        "addr:street": "Liverpool Road",
        "addr:suburb": "Eccles",
        "addr:town": "Eccles",
        "amenity": "place_of_worship",
        "check_date": "2023-08-11",
        "name": "The Eccles and Salford Islamic Society",
        "phone": "+44 161 789 2609",
        "religion": "muslim",
        "website": "https://www.ecclesmosque.org.uk/"
      },
      "geometry": {
        "type": "Point",
        "coordinates": [
          -2.3452464,
          53.4830267
        ]
      },
      "id": "node/945002012"
    },
    {
      "type": "Feature",
      "properties": {
        "@id": "way/946434530",
        "amenity": "place_of_worship",
        "building": "mosque",
        "ref:GB:uprn": "10023759001",
        "religion": "muslim",
        "@geometry": "center"
      },
      "geometry": {
        "type": "Point",
        "coordinates": [
          -2.2393368,
          53.8001555
        ]
      },
      "id": "way/946434530"
    },
    {
      "type": "Feature",
      "properties": {
        "@id": "way/946962386",
        "amenity": "place_of_worship",
        "building": "yes",
        "name": "Shahjalal Mosque and Islamic Centre",
        "ref:GB:uprn": "10093077038",
        "religion": "muslim",
        "website": "https://shahjalalmosque.org/",
        "@geometry": "center"
      },
      "geometry": {
        "type": "Point",
        "coordinates": [
          -2.2262029,
          53.4510837
        ]
      },
      "id": "way/946962386"
    },
    {
      "type": "Feature",
      "properties": {
        "@id": "way/953590402",
        "addr:city": "Rochdale",
        "addr:postcode": "OL12 6TG",
        "addr:street": "Lower Sheriff Street",
        "amenity": "place_of_worship",
        "building": "mosque",
        "denomination": "sunni",
        "name": "Golden Mosque",
        "operator": "Golden Mosque Islamic Cultral Centre",
        "prayer_times:url": "https://goldenmosque.org/prayer-times/",
        "ref:GB-EAW:charity": "1084209",
        "ref:GB:uprn": "23061573",
        "religion": "muslim",
        "website": "https://goldenmosque.org/",
        "@geometry": "center"
      },
      "geometry": {
        "type": "Point",
        "coordinates": [
          -2.1657937,
          53.6182775
        ]
      },
      "id": "way/953590402"
    },
    {
      "type": "Feature",
      "properties": {
        "@id": "way/956154336",
        "addr:city": "Luton",
        "addr:housename": "Faizan-e-Mushkil Kusha",
        "addr:housenumber": "91",
        "addr:postcode": "LU4 9JZ",
        "addr:street": "High Street",
        "amenity": "place_of_worship",
        "building": "mosque",
        "denomination": "sunni",
        "description": "Dawat e Islami",
        "name": "Faizan-e-Mushkil Kusha",
        "ref:GB:uprn": "100081194632",
        "religion": "muslim",
        "website": "https://dawateislamilondon.co.uk/faizan-e-mushkil-kusha/",
        "@geometry": "center"
      },
      "geometry": {
        "type": "Point",
        "coordinates": [
          -0.4671738,
          51.9014277
        ]
      },
      "id": "way/956154336"
    },
    {
      "type": "Feature",
      "properties": {
        "@id": "node/960309896",
        "addr:city": "Manchester",
        "addr:country": "GB",
        "addr:housename": "Clydesdale House",
        "addr:housenumber": "27",
        "addr:postcode": "M4 1DY",
        "addr:street": "Turner Street",
        "amenity": "place_of_worship",
        "name": "Muslim Youth Foundation (MYF)",
        "religion": "muslim"
      },
      "geometry": {
        "type": "Point",
        "coordinates": [
          -2.2374421,
          53.4839831
        ]
      },
      "id": "node/960309896"
    },
    {
      "type": "Feature",
      "properties": {
        "@id": "way/961226933",
        "amenity": "place_of_worship",
        "building": "yes",
        "name": "Madni Mosque",
        "religion": "muslim",
        "@geometry": "center"
      },
      "geometry": {
        "type": "Point",
        "coordinates": [
          -3.1717432,
          51.495845
        ]
      },
      "id": "way/961226933"
    },
    {
      "type": "Feature",
      "properties": {
        "@id": "way/961391727",
        "addr:city": "London",
        "addr:postcode": "E12 6BT",
        "addr:street": "Romford Road",
        "amenity": "place_of_worship",
        "building": "yes",
        "name": "Shah Jalal Mosque",
        "name:bn": "শাহ জালাল মসজিদ",
        "religion": "muslim",
        "source:addr:postcode": "code-point_open",
        "website": "https://www.mpicc.org.uk/",
        "@geometry": "center"
      },
      "geometry": {
        "type": "Point",
        "coordinates": [
          0.0528359,
          51.5522457
        ]
      },
      "id": "way/961391727"
    },
    {
      "type": "Feature",
      "properties": {
        "@id": "way/962407301",
        "addr:city": "Slough",
        "addr:housenumber": "27",
        "addr:postcode": "SL3 8LA",
        "addr:street": "Cheviot Road",
        "addr:suburb": "Langley",
        "amenity": "place_of_worship",
        "building": "mosque",
        "contact:website": "https://www.langleymasjid.com",
        "name": "Faizan-e-Madinah",
        "religion": "muslim",
        "@geometry": "center"
      },
      "geometry": {
        "type": "Point",
        "coordinates": [
          -0.541882,
          51.4950065
        ]
      },
      "id": "way/962407301"
    },
    {
      "type": "Feature",
      "properties": {
        "@id": "way/965357893",
        "amenity": "place_of_worship",
        "building": "yes",
        "building:levels": "2",
        "denomination": "sunni",
        "name": "Masjid us Sunnah",
        "religion": "muslim",
        "roof:colour": "#804040",
        "roof:levels": "1",
        "roof:material": "roof_tiles",
        "roof:shape": "hipped",
        "@geometry": "center"
      },
      "geometry": {
        "type": "Point",
        "coordinates": [
          -0.4069979,
          51.4782978
        ]
      },
      "id": "way/965357893"
    },
    {
      "type": "Feature",
      "properties": {
        "@id": "way/966317583",
        "amenity": "place_of_worship",
        "building": "mosque",
        "name": "Hockwell Ring Masjid",
        "ref:GB:uprn": "100081310744;200003286555;100081310743",
        "religion": "muslim",
        "website": "https://hockwellringmasjid.org.uk/",
        "@geometry": "center"
      },
      "geometry": {
        "type": "Point",
        "coordinates": [
          -0.468829,
          51.9060397
        ]
      },
      "id": "way/966317583"
    },
    {
      "type": "Feature",
      "properties": {
        "@id": "way/966563585",
        "addr:city": "Taunton",
        "addr:housename": "Ivor House",
        "addr:postcode": "TA1 4AR",
        "addr:street": "Tower Lane",
        "alt_name": "Taunton Mosque",
        "amenity": "place_of_worship",
        "building": "yes",
        "denomination": "sunni",
        "fixme": "note",
        "name": "Taunton and Somerset Islamic Centre",
        "note": "Some web evidence suggests moved to the YMCA. See survey_date. Not on charity register under either of these names.",
        "ref:GB:uprn": "10012904574;10014264685;100041071209",
        "religion": "muslim",
        "survey:date": "2018-01",
        "@geometry": "center"
      },
      "geometry": {
        "type": "Point",
        "coordinates": [
          -3.1070971,
          51.0147227
        ]
      },
      "id": "way/966563585"
    },
    {
      "type": "Feature",
      "properties": {
        "@id": "way/966763241",
        "addr:city": "Nelson",
        "addr:housenumber": "2 - 4",
        "addr:postcode": "BB9 9QX",
        "addr:street": "Smith Street",
        "amenity": "place_of_worship",
        "building": "yes",
        "building:levels": "2",
        "name": "Masjid Al-Mustafa",
        "religion": "muslim",
        "roof:shape": "gabled",
        "@geometry": "center"
      },
      "geometry": {
        "type": "Point",
        "coordinates": [
          -2.2067365,
          53.8356087
        ]
      },
      "id": "way/966763241"
    },
    {
      "type": "Feature",
      "properties": {
        "@id": "way/967559895",
        "addr:city": "Nelson",
        "addr:postcode": "BB9 9QL",
        "addr:street": "Netherfield Road",
        "amenity": "place_of_worship",
        "building": "yes",
        "building:levels": "2",
        "name": "Muhammadi Masjid",
        "phone": "+44 1282 698229;+44 1282 690451",
        "ref:GB:uprn": "100012550591",
        "religion": "muslim",
        "roof:shape": "gabled",
        "@geometry": "center"
      },
      "geometry": {
        "type": "Point",
        "coordinates": [
          -2.2077393,
          53.8365148
        ]
      },
      "id": "way/967559895"
    },
    {
      "type": "Feature",
      "properties": {
        "@id": "way/967919167",
        "addr:city": "London",
        "addr:housenumber": "91",
        "addr:postcode": "E1 4UJ",
        "addr:street": "Mile End Road",
        "amenity": "place_of_worship",
        "building": "yes",
        "building:levels": "3",
        "name": "Al Huda - Cultural Centre and Mosque",
        "religion": "muslim",
        "@geometry": "center"
      },
      "geometry": {
        "type": "Point",
        "coordinates": [
          -0.0512609,
          51.5211147
        ]
      },
      "id": "way/967919167"
    },
    {
      "type": "Feature",
      "properties": {
        "@id": "way/970728768",
        "addr:city": "Cheltenham",
        "addr:housenumber": "416;416a",
        "addr:postcode": "GL50 3JA",
        "addr:street": "High Street",
        "amenity": "place_of_worship",
        "building": "apartments",
        "name": "Masjidul Falah",
        "religion": "muslim",
        "@geometry": "center"
      },
      "geometry": {
        "type": "Point",
        "coordinates": [
          -2.0834697,
          51.9046759
        ]
      },
      "id": "way/970728768"
    },
    {
      "type": "Feature",
      "properties": {
        "@id": "way/973284373",
        "amenity": "place_of_worship",
        "building": "yes",
        "name": "Rabbaniah Islamic Cultural Centre",
        "religion": "muslim",
        "@geometry": "center"
      },
      "geometry": {
        "type": "Point",
        "coordinates": [
          -3.1868853,
          51.4747818
        ]
      },
      "id": "way/973284373"
    },
    {
      "type": "Feature",
      "properties": {
        "@id": "way/973874174",
        "addr:city": "Aldershot",
        "addr:housenumber": "62",
        "addr:postcode": "GU12 4LE",
        "addr:street": "St George's Road",
        "amenity": "place_of_worship",
        "building": "chapel",
        "building:levels": "1",
        "name": "Harland Hall",
        "ref:GB:uprn": "200001808099",
        "religion": "muslim",
        "roof:levels": "1",
        "roof:shape": "gabled",
        "source:addr:postcode": "ONSUD;OS Open UPRN",
        "@geometry": "center"
      },
      "geometry": {
        "type": "Point",
        "coordinates": [
          -0.7601403,
          51.2448335
        ]
      },
      "id": "way/973874174"
    },
    {
      "type": "Feature",
      "properties": {
        "@id": "node/974064426",
        "addr:city": "London",
        "addr:housenumber": "68",
        "addr:place": "St Pancras",
        "addr:postcode": "NW1 1LT",
        "addr:street": "Churchway",
        "amenity": "place_of_worship",
        "check_date": "2024-12-15",
        "denomination": "sunni",
        "female": "yes",
        "male": "yes",
        "name": "Somers Town Islamic Cultural and Education Centre",
        "operator": "Somers Town Mosque Ltd",
        "ref:GB:charity_no": "1133473",
        "religion": "muslim",
        "wheelchair": "limited"
      },
      "geometry": {
        "type": "Point",
        "coordinates": [
          -0.1306907,
          51.5296019
        ]
      },
      "id": "node/974064426"
    },
    {
      "type": "Feature",
      "properties": {
        "@id": "way/976314331",
        "amenity": "place_of_worship",
        "building": "yes",
        "ref:GB:uprn": "77219392",
        "religion": "muslim",
        "@geometry": "center"
      },
      "geometry": {
        "type": "Point",
        "coordinates": [
          -2.2337732,
          53.4576494
        ]
      },
      "id": "way/976314331"
    },
    {
      "type": "Feature",
      "properties": {
        "@id": "way/978240528",
        "addr:postcode": "HX1 5DE",
        "amenity": "place_of_worship",
        "building": "yes",
        "name": "Jamia Masjid Ghousia",
        "ref:GB:uprn": "100052039369",
        "religion": "muslim",
        "source:addr:postcode": "ONSUD;OS Open UPRN",
        "@geometry": "center"
      },
      "geometry": {
        "type": "Point",
        "coordinates": [
          -1.8705551,
          53.7231368
        ]
      },
      "id": "way/978240528"
    },
    {
      "type": "Feature",
      "properties": {
        "@id": "way/981055365",
        "addr:city": "Worthing",
        "addr:postcode": "BN14 8BX",
        "addr:street": "Ivy Arch Road",
        "amenity": "place_of_worship",
        "building": "yes",
        "building_type": "industrial",
        "displayed_name": "Worthing Islamic & Social Welfare Society",
        "loc_name": "Worthing Mosque",
        "name": "Worthing Masjid",
        "official_name": "Worthing Islamic Cultural Centre",
        "phone": "+44 1903 215163",
        "ref:GB:charity_commission": "294050",
        "ref:GB:uprn": "100062613613",
        "religion": "muslim",
        "website": "http://worthingmasjid.co.uk/",
        "@geometry": "center"
      },
      "geometry": {
        "type": "Point",
        "coordinates": [
          -0.369994,
          50.819278
        ]
      },
      "id": "way/981055365"
    },
    {
      "type": "Feature",
      "properties": {
        "@id": "way/983152467",
        "amenity": "place_of_worship",
        "building:part": "yes",
        "denomination": "sunni",
        "female": "yes",
        "religion": "muslim",
        "@geometry": "center"
      },
      "geometry": {
        "type": "Point",
        "coordinates": [
          -1.8638167,
          52.4702243
        ]
      },
      "id": "way/983152467"
    },
    {
      "type": "Feature",
      "properties": {
        "@id": "way/988938724",
        "addr:street": "Phillip Street",
        "amenity": "place_of_worship",
        "building": "church",
        "disused:religion": "christian",
        "name": "Islamic Centre Aberdare",
        "old_name": "St John's Church",
        "religion": "muslim",
        "@geometry": "center"
      },
      "geometry": {
        "type": "Point",
        "coordinates": [
          -3.4476129,
          51.7212125
        ]
      },
      "id": "way/988938724"
    },
    {
      "type": "Feature",
      "properties": {
        "@id": "way/992540021",
        "alt_name": "Scottish Islamic & Cultural Centre",
        "amenity": "place_of_worship",
        "building": "mosque",
        "denomination": "sunni",
        "name": "Jamia Masjid Bilal",
        "religion": "muslim",
        "@geometry": "center"
      },
      "geometry": {
        "type": "Point",
        "coordinates": [
          -2.9609775,
          56.4702701
        ]
      },
      "id": "way/992540021"
    },
    {
      "type": "Feature",
      "properties": {
        "@id": "way/996024660",
        "addr:city": "London",
        "addr:housename": "Ahmadiyya Muslim Association UK",
        "addr:housenumber": "301",
        "addr:postcode": "SE6 1TP",
        "addr:street": "Verdant Lane",
        "amenity": "place_of_worship",
        "building": "yes",
        "denomination": "ahmadiyya",
        "name": "Tahir Mosque",
        "name:ur": "مسجد طاہر",
        "ref:GB:uprn": "10094269012;100023276803",
        "religion": "muslim",
        "@geometry": "center"
      },
      "geometry": {
        "type": "Point",
        "coordinates": [
          0.0099213,
          51.4339062
        ]
      },
      "id": "way/996024660"
    },
    {
      "type": "Feature",
      "properties": {
        "@id": "way/1006768786",
        "addr:city": "London",
        "addr:housenumber": "88",
        "addr:postcode": "E7 8JG",
        "addr:street": "Green Street",
        "addr:suburb": "Forest Gate",
        "amenity": "place_of_worship",
        "building": "mosque",
        "building:levels": "3",
        "denomination": "sunni",
        "name": "The Muslim community Centre & Mosque",
        "operator": "Newham North Islamic Association",
        "religion": "muslim",
        "source:addr:postcode": "Code-point_open",
        "@geometry": "center"
      },
      "geometry": {
        "type": "Point",
        "coordinates": [
          0.0318474,
          51.5442365
        ]
      },
      "id": "way/1006768786"
    },
    {
      "type": "Feature",
      "properties": {
        "@id": "way/1007335939",
        "addr:housenumber": "11",
        "addr:street": "St. George's Road",
        "amenity": "place_of_worship",
        "building": "terrace",
        "building:use": "mosque",
        "religion": "muslim",
        "@geometry": "center"
      },
      "geometry": {
        "type": "Point",
        "coordinates": [
          0.0301015,
          51.5421829
        ]
      },
      "id": "way/1007335939"
    },
    {
      "type": "Feature",
      "properties": {
        "@id": "way/1009583048",
        "addr:city": "London",
        "addr:housenumber": "241",
        "addr:postcode": "E13 0QU",
        "addr:street": "Plashet Road",
        "amenity": "place_of_worship",
        "building": "mosque",
        "religion": "muslim",
        "@geometry": "center"
      },
      "geometry": {
        "type": "Point",
        "coordinates": [
          0.0331668,
          51.5380116
        ]
      },
      "id": "way/1009583048"
    },
    {
      "type": "Feature",
      "properties": {
        "@id": "way/1010710809",
        "addr:city": "Oldham",
        "addr:housenumber": "201",
        "addr:postcode": "OL4 1LS",
        "addr:street": "Lees Road",
        "amenity": "place_of_worship",
        "building": "house",
        "building:levels": "2",
        "building:material": "brick",
        "denomination": "sunni",
        "name": "Madressa Taleem-ul-Quran and Qurtaba Masjid",
        "ref:GB:uprn": "422000074251",
        "religion": "muslim",
        "roof:colour": "Grey",
        "@geometry": "center"
      },
      "geometry": {
        "type": "Point",
        "coordinates": [
          -2.0912582,
          53.5415941
        ]
      },
      "id": "way/1010710809"
    },
    {
      "type": "Feature",
      "properties": {
        "@id": "way/1012080269",
        "amenity": "place_of_worship",
        "building": "mosque",
        "name": "Neeli Mosque",
        "religion": "muslim",
        "@geometry": "center"
      },
      "geometry": {
        "type": "Point",
        "coordinates": [
          -2.1524488,
          53.6086626
        ]
      },
      "id": "way/1012080269"
    },
    {
      "type": "Feature",
      "properties": {
        "@id": "way/1012795789",
        "amenity": "place_of_worship",
        "building": "yes",
        "religion": "muslim",
        "@geometry": "center"
      },
      "geometry": {
        "type": "Point",
        "coordinates": [
          -2.2352965,
          53.8231947
        ]
      },
      "id": "way/1012795789"
    },
    {
      "type": "Feature",
      "properties": {
        "@id": "way/1014363316",
        "addr:city": "London",
        "addr:housenumber": "98",
        "addr:postcode": "E13 0RQ",
        "addr:street": "Plashet Road",
        "amenity": "place_of_worship",
        "building": "house",
        "name": "East End Islamic Centre",
        "ref:GB:uprn": "46088895",
        "religion": "muslim",
        "source:addr:housenumber": "Survey 2021-12-23",
        "source:addr:postcode": "ONSUD;OS Open UPRN",
        "@geometry": "center"
      },
      "geometry": {
        "type": "Point",
        "coordinates": [
          0.0293887,
          51.537289
        ]
      },
      "id": "way/1014363316"
    },
    {
      "type": "Feature",
      "properties": {
        "@id": "way/1014363320",
        "addr:city": "London",
        "addr:housenumber": "2",
        "addr:street": "Lucas Avenue",
        "amenity": "place_of_worship",
        "building": "house",
        "name": "East End Islamic Centre (Maktab Building)",
        "religion": "muslim",
        "source:addr:housenumber": "interpolation from survey",
        "@geometry": "center"
      },
      "geometry": {
        "type": "Point",
        "coordinates": [
          0.0297043,
          51.5373435
        ]
      },
      "id": "way/1014363320"
    },
    {
      "type": "Feature",
      "properties": {
        "@id": "way/1017045465",
        "addr:city": "Tilford",
        "addr:housename": "Mubarak Mosque",
        "addr:postcode": "GU10 2AQ",
        "addr:street": "Sheephatch Lane",
        "amenity": "place_of_worship",
        "building": "mosque",
        "denomination": "ahmadiyya",
        "name": "Mubarak Mosque",
        "name:pa-Arab": "مبارک مسیت",
        "name:ur": "مسجد مبارک",
        "religion": "muslim",
        "website": "https://mubarakmosque.uk",
        "wikidata": "Q96394235",
        "wikipedia": "en:Mubarak Mosque, Tilford",
        "@geometry": "center"
      },
      "geometry": {
        "type": "Point",
        "coordinates": [
          -0.7510229,
          51.1907545
        ]
      },
      "id": "way/1017045465"
    },
    {
      "type": "Feature",
      "properties": {
        "@id": "way/1019735403",
        "amenity": "place_of_worship",
        "building": "yes",
        "name": "Makki Masjid",
        "ref:GB:uprn": "77148591",
        "religion": "muslim",
        "website": "https://makkimasjid.org.uk/",
        "@geometry": "center"
      },
      "geometry": {
        "type": "Point",
        "coordinates": [
          -2.2015999,
          53.4503292
        ]
      },
      "id": "way/1019735403"
    },
    {
      "type": "Feature",
      "properties": {
        "@id": "way/1019735404",
        "amenity": "place_of_worship",
        "building": "yes",
        "name": "Makki Masjid",
        "religion": "muslim",
        "website": "https://makkimasjid.org.uk/",
        "@geometry": "center"
      },
      "geometry": {
        "type": "Point",
        "coordinates": [
          -2.2016766,
          53.450522
        ]
      },
      "id": "way/1019735404"
    },
    {
      "type": "Feature",
      "properties": {
        "@id": "way/1022422251",
        "amenity": "place_of_worship",
        "building": "mosque",
        "name": "Newbury Park Masjid",
        "religion": "muslim",
        "@geometry": "center"
      },
      "geometry": {
        "type": "Point",
        "coordinates": [
          0.0913752,
          51.5813244
        ]
      },
      "id": "way/1022422251"
    },
    {
      "type": "Feature",
      "properties": {
        "@id": "way/1022479016",
        "addr:city": "Derry/Londonderry",
        "addr:housenumber": "3",
        "addr:postcode": "BT48 0LU",
        "addr:street": "Pennyburn Industrial Estate",
        "amenity": "place_of_worship",
        "building": "commercial",
        "denomination": "sunni",
        "email": "info@nwia.org.uk",
        "female": "yes",
        "internet_access": "wlan",
        "name": "Peace Islamic Centre",
        "operator": "North West Islamic Association",
        "operator:type": "charitable",
        "prayer_times:syndicator": "MyMasjid",
        "prayer_times:syndicator:url": "https://time.my-masjid.com/timingscreen/ac24914f-0cfb-4159-a887-4a43ae351cc7",
        "prayer_times:url": "https://nwia.org.uk",
        "ref:GB-NIR:charity": "104801",
        "religion": "muslim",
        "shower": "no",
        "website": "https://nwia.org.uk/",
        "wheelchair": "yes",
        "@geometry": "center"
      },
      "geometry": {
        "type": "Point",
        "coordinates": [
          -7.3245331,
          55.0130339
        ]
      },
      "id": "way/1022479016"
    },
    {
      "type": "Feature",
      "properties": {
        "@id": "way/1022553897",
        "addr:city": "Ilford",
        "addr:housenumber": "129",
        "addr:postcode": "IG2 7LX",
        "addr:street": "Perrymans Farm Road",
        "amenity": "place_of_worship",
        "building": "mosque",
        "denomination": "shia",
        "name": "Imamia Mission",
        "old_name": "Bet Tikvah Synagogue",
        "ref:GB:uprn": "10023772900",
        "religion": "muslim",
        "@geometry": "center"
      },
      "geometry": {
        "type": "Point",
        "coordinates": [
          0.0879869,
          51.57818
        ]
      },
      "id": "way/1022553897"
    },
    {
      "type": "Feature",
      "properties": {
        "@id": "node/1023231669",
        "addr:city": "Bedford",
        "addr:country": "GB",
        "addr:housenumber": "1-7",
        "addr:postcode": "MK40 4LB",
        "addr:street": "Westbourne Road",
        "amenity": "place_of_worship",
        "name": "Jamia Masjid Gulshani Baghdad",
        "religion": "muslim"
      },
      "geometry": {
        "type": "Point",
        "coordinates": [
          -0.4850555,
          52.1322479
        ]
      },
      "id": "node/1023231669"
    },
    {
      "type": "Feature",
      "properties": {
        "@id": "way/1033818137",
        "addr:city": "Shrewsbury",
        "addr:postcode": "SY2 5NY",
        "addr:street": "Preston Street",
        "amenity": "place_of_worship",
        "building": "yes",
        "name": "Shrewsbury Muslim Centre",
        "ref:GB:uprn": "10011840691;10011841941;10011841942",
        "religion": "muslim",
        "website": "https://shrewsburymuslimcentre.org/",
        "@geometry": "center"
      },
      "geometry": {
        "type": "Point",
        "coordinates": [
          -2.7310591,
          52.7041521
        ]
      },
      "id": "way/1033818137"
    },
    {
      "type": "Feature",
      "properties": {
        "@id": "way/1035381947",
        "addr:city": "Hounslow",
        "addr:housenumber": "4-6",
        "addr:postcode": "TW3 1UA",
        "addr:street": "Hanworth Road",
        "amenity": "place_of_worship",
        "building": "yes",
        "name": "Hounslow Muslim Centre",
        "religion": "muslim",
        "website": "https://hounslowmuslimcentre.com/",
        "@geometry": "center"
      },
      "geometry": {
        "type": "Point",
        "coordinates": [
          -0.357077,
          51.4694219
        ]
      },
      "id": "way/1035381947"
    },
    {
      "type": "Feature",
      "properties": {
        "@id": "way/1041253725",
        "amenity": "place_of_worship",
        "building": "yes",
        "name": "Salahadin Mosque",
        "religion": "muslim",
        "@geometry": "center"
      },
      "geometry": {
        "type": "Point",
        "coordinates": [
          -1.7592767,
          53.7883515
        ]
      },
      "id": "way/1041253725"
    },
    {
      "type": "Feature",
      "properties": {
        "@id": "way/1041627306",
        "addr:city": "Weymouth",
        "addr:housenumber": "1a",
        "addr:postcode": "DT4 8BY",
        "addr:street": "Governors Lane",
        "amenity": "place_of_worship",
        "building": "yes",
        "denomination": "sunni",
        "name": "Weymouth and Dorchester Islamic Centre",
        "religion": "muslim",
        "@geometry": "center"
      },
      "geometry": {
        "type": "Point",
        "coordinates": [
          -2.4531816,
          50.607956
        ]
      },
      "id": "way/1041627306"
    },
    {
      "type": "Feature",
      "properties": {
        "@id": "way/1041991220",
        "amenity": "place_of_worship",
        "building": "yes",
        "name": "Eastbourne Mosque",
        "religion": "muslim",
        "@geometry": "center"
      },
      "geometry": {
        "type": "Point",
        "coordinates": [
          0.2869083,
          50.7727005
        ]
      },
      "id": "way/1041991220"
    },
    {
      "type": "Feature",
      "properties": {
        "@id": "way/1043717658",
        "addr:city": "Ardrossan",
        "addr:postcode": "KA22 8DQ",
        "amenity": "place_of_worship",
        "building": "church",
        "denomination": "sunni",
        "email": "info@afecc.co.uk",
        "name": "AFECC Ardrossan",
        "note": "Former church, now converted. If proposing to change the building=church tag, please discuss first. Thanks.",
        "operator": "Al-Farooq Education and Community Centre",
        "operator:type": "charitable",
        "phone": "+44 141 433 2686",
        "ref:GB-SCO:charity": "SC047177",
        "ref:GB:uprn": "126095111",
        "religion": "muslim",
        "was:denomination": "church_of_scotland",
        "website": "https://www.afecc.co.uk/",
        "@geometry": "center"
      },
      "geometry": {
        "type": "Point",
        "coordinates": [
          -4.8110852,
          55.6394448
        ]
      },
      "id": "way/1043717658"
    },
    {
      "type": "Feature",
      "properties": {
        "@id": "way/1046582630",
        "amenity": "place_of_worship",
        "building": "yes",
        "name": "Al-Huda Islamic Centre",
        "religion": "muslim",
        "@geometry": "center"
      },
      "geometry": {
        "type": "Point",
        "coordinates": [
          -1.4832769,
          53.3754397
        ]
      },
      "id": "way/1046582630"
    },
    {
      "type": "Feature",
      "properties": {
        "@id": "way/1052241457",
        "addr:city": "Crewe",
        "addr:housenumber": "28",
        "addr:postcode": "CW2 7EW",
        "addr:street": "Electricity Street",
        "amenity": "place_of_worship",
        "building": "yes",
        "name": "Shahjalal Mosque",
        "old_name": "MacDougall Rose Decorators Centre",
        "ref:GB:uprn": "10094315700",
        "religion": "muslim",
        "@geometry": "center"
      },
      "geometry": {
        "type": "Point",
        "coordinates": [
          -2.4430946,
          53.093942
        ]
      },
      "id": "way/1052241457"
    },
    {
      "type": "Feature",
      "properties": {
        "@id": "way/1053325936",
        "addr:city": "London",
        "addr:postcode": "E14 7TU",
        "addr:street": "Lydbrook Place",
        "amenity": "place_of_worship",
        "building": "yes",
        "full_name": "Locksley Estate Cultural Association & Mosque Salmon Lane",
        "name": "Locksley Estate Mosque",
        "religion": "muslim",
        "website": "https://www.towerhamletsmosques.co.uk/locksleymasjid/",
        "@geometry": "center"
      },
      "geometry": {
        "type": "Point",
        "coordinates": [
          -0.0330384,
          51.5139299
        ]
      },
      "id": "way/1053325936"
    },
    {
      "type": "Feature",
      "properties": {
        "@id": "way/1056407139",
        "amenity": "place_of_worship",
        "building": "yes",
        "check_date": "2025-09-20",
        "name": "Brixton Mosque",
        "religion": "muslim",
        "wikidata": "Q4971723",
        "wikipedia": "en:Brixton Mosque",
        "@geometry": "center"
      },
      "geometry": {
        "type": "Point",
        "coordinates": [
          -0.1127435,
          51.465326
        ]
      },
      "id": "way/1056407139"
    },
    {
      "type": "Feature",
      "properties": {
        "@id": "way/1058552513",
        "addr:city": "Stoke-on-Trent",
        "addr:housenumber": "1",
        "addr:postcode": "ST3 4QS",
        "addr:street": "Chaplin Road",
        "amenity": "place_of_worship",
        "building": "yes",
        "name": "Gillani Noor Masjid",
        "religion": "muslim",
        "website": "http://www.gnm.org.uk/",
        "@geometry": "center"
      },
      "geometry": {
        "type": "Point",
        "coordinates": [
          -2.1214134,
          52.980576
        ]
      },
      "id": "way/1058552513"
    },
    {
      "type": "Feature",
      "properties": {
        "@id": "way/1061527300",
        "addr:city": "London",
        "addr:housenumber": "18",
        "addr:postcode": "SW17 9PP",
        "addr:street": "Church Lane",
        "amenity": "place_of_worship",
        "building": "yes",
        "denomination": "shia",
        "name": "Idara-e-Jaaferiya",
        "ref:GB:uprn": "121014179;100023326128",
        "religion": "muslim",
        "website": "https://idara.org.uk",
        "@geometry": "center"
      },
      "geometry": {
        "type": "Point",
        "coordinates": [
          -0.1614275,
          51.4251575
        ]
      },
      "id": "way/1061527300"
    },
    {
      "type": "Feature",
      "properties": {
        "@id": "way/1065874543",
        "addr:city": "London",
        "addr:housenumber": "2-5",
        "addr:postcode": "W3 6LS",
        "addr:street": "Oldham Terrace",
        "addr:town": "Acton",
        "amenity": "place_of_worship",
        "building": "mosque",
        "name": "Acton Mosque",
        "religion": "muslim",
        "website": "https://www.actonmosque.org/",
        "@geometry": "center"
      },
      "geometry": {
        "type": "Point",
        "coordinates": [
          -0.2703151,
          51.5066307
        ]
      },
      "id": "way/1065874543"
    },
    {
      "type": "Feature",
      "properties": {
        "@id": "way/1070025086",
        "addr:city": "Cambridge",
        "addr:postcode": "CB3 9DA",
        "amenity": "place_of_worship",
        "indoor": "room",
        "level": "0",
        "name": "Muslim Prayer Room",
        "religion": "muslim",
        "website": "https://isoc.co.uk/prayer-spaces/",
        "@geometry": "center"
      },
      "geometry": {
        "type": "Point",
        "coordinates": [
          0.1102393,
          52.2010643
        ]
      },
      "id": "way/1070025086"
    },
    {
      "type": "Feature",
      "properties": {
        "@id": "node/1071267923",
        "addr:city": "Southampton",
        "addr:postcode": "SO14 0GF",
        "addr:street": "Oxford Avenue",
        "amenity": "place_of_worship",
        "name": "Shahjahal Mosque and Islamic Centre Southampton",
        "religion": "muslim",
        "smoking": "no"
      },
      "geometry": {
        "type": "Point",
        "coordinates": [
          -1.3992335,
          50.9104108
        ]
      },
      "id": "node/1071267923"
    },
    {
      "type": "Feature",
      "properties": {
        "@id": "way/1077116575",
        "amenity": "place_of_worship",
        "building": "yes",
        "description": "Community Centre",
        "name": "Stanley House",
        "ref:GB:uprn": "100012371833",
        "religion": "muslim",
        "website": "https://cheadlemasjid.org/",
        "@geometry": "center"
      },
      "geometry": {
        "type": "Point",
        "coordinates": [
          -2.2199988,
          53.3583869
        ]
      },
      "id": "way/1077116575"
    },
    {
      "type": "Feature",
      "properties": {
        "@id": "way/1077767081",
        "addr:city": "Thornton Heath",
        "addr:housenumber": "177",
        "addr:postcode": "CR7 7JP",
        "addr:street": "Brigstock Road",
        "amenity": "place_of_worship",
        "building": "mosque",
        "name": "Alhidaya Croydon",
        "phone": "+44 7572116952",
        "religion": "muslim",
        "website": "https://alhidayacroydon.org/",
        "@geometry": "center"
      },
      "geometry": {
        "type": "Point",
        "coordinates": [
          -0.1131159,
          51.3934428
        ]
      },
      "id": "way/1077767081"
    },
    {
      "type": "Feature",
      "properties": {
        "@id": "way/1080849106",
        "addr:city": "Blackburn",
        "addr:housename": "Ahmadiyya Muslim Community Centre Blackburn",
        "addr:postcode": "BB2 1UF",
        "addr:street": "Pleasington Street",
        "amenity": "place_of_worship",
        "building": "yes",
        "denomination": "ahmadiyya",
        "name": "Baitul Rasheed",
        "name:ur": "بیت الرشید",
        "ref:GB:uprn": "200004509221",
        "religion": "muslim",
        "@geometry": "center"
      },
      "geometry": {
        "type": "Point",
        "coordinates": [
          -2.5043797,
          53.7441647
        ]
      },
      "id": "way/1080849106"
    },
    {
      "type": "Feature",
      "properties": {
        "@id": "way/1083623608",
        "addr:city": "Preston",
        "addr:postcode": "PR1 3YN",
        "addr:street": "Clarendon Street",
        "amenity": "place_of_worship",
        "building": "mosque",
        "name": "Jamea Masjid",
        "religion": "muslim",
        "source": "Auto_OS_OpenData_StreetView",
        "@geometry": "center"
      },
      "geometry": {
        "type": "Point",
        "coordinates": [
          -2.6918043,
          53.7551883
        ]
      },
      "id": "way/1083623608"
    },
    {
      "type": "Feature",
      "properties": {
        "@id": "way/1089126890",
        "addr:city": "Swindon",
        "addr:country": "GB",
        "addr:housenumber": "124-125",
        "addr:postcode": "SN1 2DR",
        "addr:street": "Broad Street",
        "amenity": "place_of_worship",
        "building": "terrace",
        "denomination": "sunni",
        "name": "Swindon Masjid",
        "phone": "+44 1793 523831",
        "ref:GB:uprn": "100121363034;10004842250",
        "religion": "muslim",
        "website": "https://www.swindonmasjid.com/",
        "@geometry": "center"
      },
      "geometry": {
        "type": "Point",
        "coordinates": [
          -1.7788686,
          51.564019
        ]
      },
      "id": "way/1089126890"
    },
    {
      "type": "Feature",
      "properties": {
        "@id": "way/1093781495",
        "addr:city": "London",
        "addr:housenumber": "131",
        "addr:postcode": "SE18 7DW",
        "addr:street": "Plumstead Road",
        "amenity": "place_of_worship",
        "building": "mosque",
        "email": "info@gicuk.org",
        "name": "Greenwich Islamic Centre",
        "phone": "+44 20 8855 0786",
        "religion": "muslim",
        "segregated": "yes",
        "website": "https://www.gicuk.org/",
        "@geometry": "center"
      },
      "geometry": {
        "type": "Point",
        "coordinates": [
          0.0826715,
          51.4903201
        ]
      },
      "id": "way/1093781495"
    },
    {
      "type": "Feature",
      "properties": {
        "@id": "way/1095692072",
        "addr:housenumber": "163-165",
        "addr:street": "Balaam Street",
        "amenity": "place_of_worship",
        "building": "yes",
        "name": "Plaistow Jamia Islamia",
        "religion": "muslim",
        "@geometry": "center"
      },
      "geometry": {
        "type": "Point",
        "coordinates": [
          0.0238186,
          51.5280879
        ]
      },
      "id": "way/1095692072"
    },
    {
      "type": "Feature",
      "properties": {
        "@id": "way/1100736143",
        "addr:city": "Bradford",
        "addr:housename": "Ahmadiyya Muslim Association",
        "addr:housenumber": "393",
        "addr:postcode": "BD3 9LY",
        "addr:street": "Leeds Road",
        "alt_name": "Baitul Hamd Mosque",
        "alt_name:ur": "مسجد بیت الحمد",
        "amenity": "place_of_worship",
        "building": "yes",
        "denomination": "ahmadiyya",
        "name": "Baitul Hamd",
        "name:ur": "بیت الحمد",
        "religion": "muslim",
        "wikidata": "Q124326413",
        "wikipedia:en": "Baitul Hamd (Bradford)",
        "@geometry": "center"
      },
      "geometry": {
        "type": "Point",
        "coordinates": [
          -1.7291485,
          53.7925179
        ]
      },
      "id": "way/1100736143"
    },
    {
      "type": "Feature",
      "properties": {
        "@id": "way/1100736382",
        "addr:city": "Sheffield",
        "addr:housename": "Baitul Afiyat",
        "addr:housenumber": "60",
        "addr:postcode": "S4 7YQ",
        "addr:street": "Sussex Street",
        "alt_name": "Baitul Afiyat",
        "alt_name:ur": "بیت العافیت",
        "amenity": "place_of_worship",
        "building": "yes",
        "denomination": "ahmadiyya",
        "name": "Baitul Afiyat Mosque",
        "name:ur": "مسجد بیت العافیت",
        "religion": "muslim",
        "wikidata": "Q123741382",
        "@geometry": "center"
      },
      "geometry": {
        "type": "Point",
        "coordinates": [
          -1.4509589,
          53.3876792
        ]
      },
      "id": "way/1100736382"
    },
    {
      "type": "Feature",
      "properties": {
        "@id": "way/1100739200",
        "addr:city": "Dewsbury",
        "addr:housename": "Ahmadiyya Muslim Association",
        "addr:postcode": "WF13 4AT",
        "addr:street": "Garnett Street",
        "alt_name": "Baitul Atta",
        "alt_name:ur": "مسجد بیت العطا;بیت العطا;بیت العطا",
        "amenity": "place_of_worship",
        "building": "yes",
        "denomination": "ahmadiyya",
        "name": "Baitul Atta Mosque",
        "name:ur": "مسجد بیت العطاء",
        "religion": "muslim",
        "@geometry": "center"
      },
      "geometry": {
        "type": "Point",
        "coordinates": [
          -1.6534571,
          53.7058046
        ]
      },
      "id": "way/1100739200"
    },
    {
      "type": "Feature",
      "properties": {
        "@id": "way/1100739794",
        "addr:city": "Uxbridge",
        "addr:housename": "Ahmadiyya Muslim Association",
        "addr:postcode": "UB8 3QU",
        "addr:street": "Royal Lane",
        "alt_name": "Baitul Aman;Bait-ul-Aman Mosque;Bait-ul-Aman",
        "alt_name:ur": "بیت الامن",
        "amenity": "place_of_worship",
        "building": "yes",
        "denomination": "ahmadiyya",
        "name": "Baitul Aman Mosque",
        "name:ur": "مسجد بیت الامن",
        "religion": "muslim",
        "website": "https://baitulamn.wordpress.com/",
        "@geometry": "center"
      },
      "geometry": {
        "type": "Point",
        "coordinates": [
          -0.4660872,
          51.5233713
        ]
      },
      "id": "way/1100739794"
    },
    {
      "type": "Feature",
      "properties": {
        "@id": "way/1100744210",
        "addr:city": "Leicester",
        "addr:housename": "Ahmadiyya Muslim Association",
        "addr:housenumber": "95",
        "addr:postcode": "LE2 3EQ",
        "addr:street": "Avenue Road Extension",
        "alt_name": "Baitul Ikram",
        "alt_name:ur": "بیت الاکرام",
        "amenity": "place_of_worship",
        "building": "mosque",
        "denomination": "ahmadiyya",
        "name": "Baitul Ikram Mosque",
        "name:ur": "مسجد بیت الاکرام",
        "religion": "muslim",
        "wikidata": "Q124745200",
        "wikipedia": "en:Baitul Ikram Mosque, Leicester",
        "@geometry": "center"
      },
      "geometry": {
        "type": "Point",
        "coordinates": [
          -1.1192869,
          52.6145133
        ]
      },
      "id": "way/1100744210"
    },
    {
      "type": "Feature",
      "properties": {
        "@id": "way/1100744987",
        "addr:city": "Mitcham",
        "addr:housename": "Ahmadiyya Muslim Association U.K",
        "addr:housenumber": "25",
        "addr:postcode": "CR4 4NX",
        "addr:street": "Willow Lane",
        "alt_name": "Baitul Ehsan Mosque;Bait-ul-Ehsan;Baitul Ehsaan;Bait-ul-Ehsaan",
        "alt_name:ur": "مسجد بیت الاحسان",
        "amenity": "place_of_worship",
        "building": "yes",
        "denomination": "ahmadiyya",
        "name": "Baitul Ehsan",
        "name:ur": "بیت الاحسان",
        "ref:GB:uprn": "48086012",
        "religion": "muslim",
        "@geometry": "center"
      },
      "geometry": {
        "type": "Point",
        "coordinates": [
          -0.1651216,
          51.391081
        ]
      },
      "id": "way/1100744987"
    },
    {
      "type": "Feature",
      "properties": {
        "@id": "way/1100746729",
        "addr:city": "Leamington Spa",
        "addr:housename": "Ahmadiyya Muslim Association",
        "addr:housenumber": "AMA UK",
        "addr:postcode": "CV32 5AH",
        "addr:street": "Riverside",
        "alt_name:ur": "بیت الاحسان",
        "amenity": "place_of_worship",
        "building": "yes",
        "denomination": "ahmadiyya",
        "name": "Baitul Ehsan Mosque",
        "name:ur": "مسجد بیت الاحسان",
        "religion": "muslim",
        "@geometry": "center"
      },
      "geometry": {
        "type": "Point",
        "coordinates": [
          -1.5412522,
          52.2885878
        ]
      },
      "id": "way/1100746729"
    },
    {
      "type": "Feature",
      "properties": {
        "@id": "way/1100747901",
        "addr:city": "Feltham",
        "addr:housename": "Ahmadiyya Muslim Association UK",
        "addr:postcode": "TW13 7NX",
        "addr:street": "Raleigh Way",
        "alt_name": "Baitul Wahid",
        "alt_name:ur": "بیت الواحد",
        "amenity": "place_of_worship",
        "building": "yes",
        "denomination": "ahmadiyya",
        "name": "Baitul Wahid Mosque",
        "name:ur": "مسجد بیت الواحد",
        "religion": "muslim",
        "@geometry": "center"
      },
      "geometry": {
        "type": "Point",
        "coordinates": [
          -0.4028501,
          51.4307398
        ]
      },
      "id": "way/1100747901"
    },
    {
      "type": "Feature",
      "properties": {
        "@id": "way/1100757950",
        "addr:city": "London",
        "addr:housename": "Ahmadiyya Muslim Association",
        "addr:housenumber": "56",
        "addr:postcode": "E6 1DR",
        "addr:street": "Tudor Road",
        "alt_name": "Bait-ul-Ahad Mosque;Bait-ul-Ahad;Baitul Ahad",
        "alt_name:ur": "بیت الاحد",
        "amenity": "place_of_worship",
        "building": "yes",
        "building:levels": "3",
        "denomination": "ahmadiyya",
        "name": "Baitul Ahad Mosque",
        "name:ur": "مسجد بیت الاحد",
        "religion": "muslim",
        "source:addr:postcode": "code-point_open",
        "start_date": "2010",
        "wikidata": "Q124789941",
        "@geometry": "center"
      },
      "geometry": {
        "type": "Point",
        "coordinates": [
          0.0390749,
          51.5338619
        ]
      },
      "id": "way/1100757950"
    },
    {
      "type": "Feature",
      "properties": {
        "@id": "way/1104114754",
        "addr:city": "Oxford",
        "addr:housenumber": "10-11",
        "addr:postcode": "OX4 1AY",
        "addr:street": "Bath Street",
        "amenity": "place_of_worship",
        "building": "yes",
        "name": "Oxford Mosque Society",
        "ref:GB:uprn": "100121299571;200004677712",
        "religion": "muslim",
        "@geometry": "center"
      },
      "geometry": {
        "type": "Point",
        "coordinates": [
          -1.2403983,
          51.7515453
        ]
      },
      "id": "way/1104114754"
    },
    {
      "type": "Feature",
      "properties": {
        "@id": "node/1110825725",
        "amenity": "place_of_worship",
        "name": "Chatham Mosque",
        "religion": "muslim",
        "source": "OS_OpenData_StreetView"
      },
      "geometry": {
        "type": "Point",
        "coordinates": [
          0.5357223,
          51.3783884
        ]
      },
      "id": "node/1110825725"
    },
    {
      "type": "Feature",
      "properties": {
        "@id": "way/1111094433",
        "addr:city": "Swindon",
        "addr:housename": "Eastcott Community Centre",
        "addr:postcode": "SN1 3LZ",
        "addr:street": "Savernake Street",
        "amenity": "place_of_worship",
        "building": "yes",
        "denomination": "ismaili",
        "name": "Swindon Ismaili Jamatkhana",
        "religion": "muslim",
        "@geometry": "center"
      },
      "geometry": {
        "type": "Point",
        "coordinates": [
          -1.7845279,
          51.5554242
        ]
      },
      "id": "way/1111094433"
    },
    {
      "type": "Feature",
      "properties": {
        "@id": "way/1111648972",
        "addr:city": "London",
        "addr:country": "GB",
        "addr:housenumber": "269",
        "addr:postcode": "E13 8EQ",
        "addr:street": "Barking Road",
        "amenity": "place_of_worship",
        "building": "yes",
        "denomination": "sunni",
        "name": "Masjid Al Habib",
        "phone": "+44 20 7511 7406",
        "religion": "muslim",
        "@geometry": "center"
      },
      "geometry": {
        "type": "Point",
        "coordinates": [
          0.0178712,
          51.5203193
        ]
      },
      "id": "way/1111648972"
    },
    {
      "type": "Feature",
      "properties": {
        "@id": "way/1112143642",
        "addr:housenumber": "518",
        "addr:street": "Barking Road",
        "amenity": "place_of_worship",
        "building": "mosque",
        "contact:facebook": "https://www.facebook.com/MasjjidAlFallah/",
        "name": "Masjid-al-Falah",
        "ref:GB:uprn": "10090850057;46003911",
        "religion": "muslim",
        "source:addr:housenumber": "visible on streetside",
        "@geometry": "center"
      },
      "geometry": {
        "type": "Point",
        "coordinates": [
          0.0284297,
          51.5251037
        ]
      },
      "id": "way/1112143642"
    },
    {
      "type": "Feature",
      "properties": {
        "@id": "way/1112692354",
        "addr:city": "London",
        "addr:postcode": "E13 8BP",
        "addr:street": "Whitwell Road",
        "amenity": "place_of_worship",
        "building": "pub",
        "building:use": "mosque",
        "name": "London Iqra Academy",
        "ref:GB:uprn": "10012839985;46080192",
        "religion": "muslim",
        "@geometry": "center"
      },
      "geometry": {
        "type": "Point",
        "coordinates": [
          0.0217085,
          51.5236863
        ]
      },
      "id": "way/1112692354"
    },
    {
      "type": "Feature",
      "properties": {
        "@id": "node/1116253471",
        "amenity": "place_of_worship",
        "name": "Imam Ali Centre",
        "religion": "muslim",
        "source": "OS_OpenData_StreetView",
        "source:name": "survey"
      },
      "geometry": {
        "type": "Point",
        "coordinates": [
          0.5063272,
          51.3789084
        ]
      },
      "id": "node/1116253471"
    },
    {
      "type": "Feature",
      "properties": {
        "@id": "way/1117862636",
        "addr:city": "Sheffield",
        "addr:postcode": "S5 6WP",
        "amenity": "place_of_worship",
        "building": "yes",
        "name": "Jamia Masjid Ghausia",
        "ref:GB:uprn": "200002741995",
        "religion": "muslim",
        "@geometry": "center"
      },
      "geometry": {
        "type": "Point",
        "coordinates": [
          -1.4495841,
          53.4081599
        ]
      },
      "id": "way/1117862636"
    },
    {
      "type": "Feature",
      "properties": {
        "@id": "node/1118458780",
        "addr:city": "London",
        "addr:housenumber": "75",
        "addr:postcode": "SW11 2NY",
        "addr:street": "Falcon Road",
        "alt_name": "Islamic Cultural and Education Centre",
        "amenity": "place_of_worship",
        "denomination": "sunni",
        "name": "Battersea Mosque",
        "religion": "muslim",
        "website": "http://www.batterseamosque.org.uk/"
      },
      "geometry": {
        "type": "Point",
        "coordinates": [
          -0.1703216,
          51.4676248
        ]
      },
      "id": "node/1118458780"
    },
    {
      "type": "Feature",
      "properties": {
        "@id": "node/1121007004",
        "addr:city": "Northampton",
        "addr:country": "GB",
        "addr:housenumber": "1",
        "addr:postcode": "NN3 2TS",
        "addr:street": "Collingdale Road",
        "amenity": "place_of_worship",
        "denomination": "sunni",
        "name": "Gulzare Medina Masjid Islamic Welfare Trust",
        "religion": "muslim"
      },
      "geometry": {
        "type": "Point",
        "coordinates": [
          -0.8493383,
          52.2582958
        ]
      },
      "id": "node/1121007004"
    },
    {
      "type": "Feature",
      "properties": {
        "@id": "way/1121031920",
        "addr:city": "London",
        "addr:housenumber": "721-723",
        "addr:postcode": "E13 9EU",
        "addr:street": "Barking Road",
        "addr:suburb": "Plaistow",
        "amenity": "place_of_worship",
        "building": "mosque",
        "check_date": "2026-08-07",
        "name": "Masjid Ibrahim",
        "religion": "muslim",
        "website": "https://www.masjidibrahim.co.uk",
        "@geometry": "center"
      },
      "geometry": {
        "type": "Point",
        "coordinates": [
          0.0361546,
          51.5303164
        ]
      },
      "id": "way/1121031920"
    },
    {
      "type": "Feature",
      "properties": {
        "@id": "way/1124026408",
        "addr:city": "London",
        "addr:postcode": "N13 5JL",
        "amenity": "place_of_worship",
        "building": "yes",
        "denomination": "sunni",
        "female": "yes",
        "name": "Palmers Green Mosque",
        "operator": "Muslim Community & Education Centre (MCEC)",
        "prayer_times:syndicator": "Masjid Box",
        "prayer_times:syndicator:url": "https://masjidbox.com/prayer-times/palmers-green-mosque-1645698270271",
        "ref:GB-EAW:charity": "1156440",
        "ref:GB:uprn": "207201401",
        "religion": "muslim",
        "source:addr:postcode": "ONSUD;OS Open UPRN",
        "website": "https://mcec.org.uk",
        "wheelchair": "yes",
        "@geometry": "center"
      },
      "geometry": {
        "type": "Point",
        "coordinates": [
          -0.1047441,
          51.6152975
        ]
      },
      "id": "way/1124026408"
    },
    {
      "type": "Feature",
      "properties": {
        "@id": "way/1124148606",
        "amenity": "place_of_worship",
        "building": "yes",
        "name": "Anjuma E Haideria",
        "religion": "muslim",
        "@geometry": "center"
      },
      "geometry": {
        "type": "Point",
        "coordinates": [
          -1.476846,
          53.3680842
        ]
      },
      "id": "way/1124148606"
    },
    {
      "type": "Feature",
      "properties": {
        "@id": "way/1126104205",
        "addr:city": "Oldham",
        "addr:housenumber": "44-46",
        "addr:postcode": "OL9 7AP",
        "addr:street": "Manchester Road",
        "amenity": "place_of_worship",
        "building": "yes",
        "denomination": "sunni",
        "name": "Jamia Mosque Noor-E-Islam",
        "ref:GB:uprn": "422000096780",
        "religion": "muslim",
        "source": "survey",
        "source:addr": "sign outside",
        "source:building": "aerial",
        "@geometry": "center"
      },
      "geometry": {
        "type": "Point",
        "coordinates": [
          -2.1321695,
          53.5344081
        ]
      },
      "id": "way/1126104205"
    },
    {
      "type": "Feature",
      "properties": {
        "@id": "way/1128108530",
        "addr:city": "Oldham",
        "addr:housenumber": "116",
        "addr:postcode": "OL9 7AX",
        "addr:street": "Manchester Road",
        "amenity": "place_of_worship",
        "building": "yes",
        "name": "Werneth Jamia Mosque",
        "ref:GB:uprn": "422000096739",
        "religion": "muslim",
        "@geometry": "center"
      },
      "geometry": {
        "type": "Point",
        "coordinates": [
          -2.1331082,
          53.5326826
        ]
      },
      "id": "way/1128108530"
    },
    {
      "type": "Feature",
      "properties": {
        "@id": "way/1135247647",
        "addr:city": "Ilford",
        "addr:housenumber": "103-107",
        "addr:street": "Belgrave Road",
        "amenity": "place_of_worship",
        "building": "yes",
        "check_date": "2025-09-21",
        "name": "Masjid-e-Owais-e-Qarni",
        "religion": "muslim",
        "@geometry": "center"
      },
      "geometry": {
        "type": "Point",
        "coordinates": [
          0.0561185,
          51.5652678
        ]
      },
      "id": "way/1135247647"
    },
    {
      "type": "Feature",
      "properties": {
        "@id": "way/1135456390",
        "addr:city": "Dagenham",
        "addr:housenumber": "36",
        "addr:street": "Maplestead Road",
        "amenity": "place_of_worship",
        "building": "house",
        "description": "A House for the Community",
        "name": "Darul Ummah Goresbrook",
        "phone": "+44 20 8593 3203",
        "religion": "muslim",
        "source": "note",
        "website": "https://www.darulummahgoresbrook.org.uk",
        "@geometry": "center"
      },
      "geometry": {
        "type": "Point",
        "coordinates": [
          0.1135007,
          51.5342509
        ]
      },
      "id": "way/1135456390"
    },
    {
      "type": "Feature",
      "properties": {
        "@id": "way/1138989778",
        "amenity": "place_of_worship",
        "building": "yes",
        "name": "Haverhill Mosque",
        "religion": "muslim",
        "@geometry": "center"
      },
      "geometry": {
        "type": "Point",
        "coordinates": [
          0.4316058,
          52.0822847
        ]
      },
      "id": "way/1138989778"
    },
    {
      "type": "Feature",
      "properties": {
        "@id": "way/1144428742",
        "addr:housename": "Jamia Masjid Newham",
        "addr:housenumber": "266",
        "addr:street": "High Street North",
        "air_conditioning": "yes",
        "amenity": "place_of_worship",
        "building": "mosque",
        "denomination": "sunni",
        "name": "Jamia Masjid Newham",
        "religion": "muslim",
        "website": "https://newhammosque.org.uk/",
        "@geometry": "center"
      },
      "geometry": {
        "type": "Point",
        "coordinates": [
          0.0509392,
          51.5416491
        ]
      },
      "id": "way/1144428742"
    },
    {
      "type": "Feature",
      "properties": {
        "@id": "way/1147219082",
        "addr:city": "Brighton",
        "addr:housename": "Brighton Mosque & Muslim Community Centre",
        "addr:housenumber": "150",
        "addr:postcode": "BN1 5PA",
        "addr:street": "Dyke Road",
        "alt_name": "Brighton Mosque & Muslim Community Centre",
        "amenity": "place_of_worship",
        "building": "yes",
        "denomination": "sunni",
        "fixme": "This appears to be 144; 146. The masjid is two doors along.",
        "name": "Al Quds Mosque",
        "operator": "Brighton Mosque & Muslim Community Centre",
        "phone": "+44 7578 559753",
        "ref:GB:charity_no": "1122974",
        "ref:GB:uprn": "22254018;22226310;22226311;22246960;22119197;22154351;22154350;22154354;22154353;22246958;22154352;22246959;22154348;22215011;22246963;22246964;22246961;22154349;22246962;22246957;22246965",
        "religion": "muslim",
        "@geometry": "center"
      },
      "geometry": {
        "type": "Point",
        "coordinates": [
          -0.1505069,
          50.834413
        ]
      },
      "id": "way/1147219082"
    },
    {
      "type": "Feature",
      "properties": {
        "@id": "way/1148652664",
        "addr:city": "Telford",
        "addr:postcode": "TF1 1NZ",
        "amenity": "place_of_worship",
        "building": "yes",
        "name": "Telford Central Mosque",
        "ref:GB:uprn": "10094519078",
        "religion": "muslim",
        "@geometry": "center"
      },
      "geometry": {
        "type": "Point",
        "coordinates": [
          -2.5114827,
          52.6993624
        ]
      },
      "id": "way/1148652664"
    },
    {
      "type": "Feature",
      "properties": {
        "@id": "way/1153261460",
        "addr:city": "London",
        "addr:housenumber": "2a",
        "addr:street": "Church Road",
        "amenity": "place_of_worship",
        "building": "mosque",
        "religion": "muslim",
        "source:addr:housenumber": "bing streetside, visible on bins",
        "@geometry": "center"
      },
      "geometry": {
        "type": "Point",
        "coordinates": [
          0.0525593,
          51.5476709
        ]
      },
      "id": "way/1153261460"
    },
    {
      "type": "Feature",
      "properties": {
        "@id": "way/1155830039",
        "addr:city": "Leigh",
        "addr:street": "Vernon Street",
        "amenity": "place_of_worship",
        "building": "industrial",
        "building:levels": "2",
        "denomination": "muslim",
        "name": "Masjid al-Furqan (Leigh Mosque)",
        "religion": "muslim",
        "source": "aerial imagery",
        "website": "https://masjidalfurqanleigh.co.uk/",
        "@geometry": "center"
      },
      "geometry": {
        "type": "Point",
        "coordinates": [
          -2.5140598,
          53.4980529
        ]
      },
      "id": "way/1155830039"
    },
    {
      "type": "Feature",
      "properties": {
        "@id": "way/1157492354",
        "addr:housename": "Al-Masjid al-Nur",
        "addr:housenumber": "26",
        "addr:postcode": "M19 3AP",
        "addr:street": "Belvoir Avenue",
        "alt_name": "Noor Masjid",
        "amenity": "place_of_worship",
        "building": "yes",
        "building:colour": "#a16f6b",
        "denomination": "shia",
        "name": "Al-Masjid al-Nur",
        "ref:GB:uprn": "77190572",
        "religion": "muslim",
        "@geometry": "center"
      },
      "geometry": {
        "type": "Point",
        "coordinates": [
          -2.1925184,
          53.4477972
        ]
      },
      "id": "way/1157492354"
    },
    {
      "type": "Feature",
      "properties": {
        "@id": "way/1157492860",
        "addr:city": "Manchester",
        "addr:housename": "Al Raza Foundation",
        "addr:postcode": "M19 3AQ",
        "addr:street": "Park Grove",
        "amenity": "place_of_worship",
        "building": "yes",
        "denomination": "shia",
        "name": "Al Raza Foundation",
        "ref:GB:uprn": "77161935",
        "religion": "muslim",
        "@geometry": "center"
      },
      "geometry": {
        "type": "Point",
        "coordinates": [
          -2.1930179,
          53.4486642
        ]
      },
      "id": "way/1157492860"
    },
    {
      "type": "Feature",
      "properties": {
        "@id": "way/1157727092",
        "addr:city": "Dundee",
        "addr:housenumber": "42",
        "addr:postcode": "DD5 1PN",
        "addr:street": "Strathern Road",
        "amenity": "place_of_worship",
        "building": "yes",
        "name": "Broughty Ferry Mosque",
        "ref:GB:uprn": "9059003584;9059090656",
        "religion": "muslim",
        "source": "microsoft/BuildingFootprints",
        "@geometry": "center"
      },
      "geometry": {
        "type": "Point",
        "coordinates": [
          -2.904069,
          56.4715717
        ]
      },
      "id": "way/1157727092"
    },
    {
      "type": "Feature",
      "properties": {
        "@id": "way/1158181483",
        "amenity": "place_of_worship",
        "building": "yes",
        "name": "Hendon Jami Masjid",
        "religion": "muslim",
        "@geometry": "center"
      },
      "geometry": {
        "type": "Point",
        "coordinates": [
          -1.3768614,
          54.9020926
        ]
      },
      "id": "way/1158181483"
    },
    {
      "type": "Feature",
      "properties": {
        "@id": "way/1158277414",
        "addr:city": "Dundee",
        "addr:housename": "Ahmadiyya Muslim Community Centre Dundee",
        "addr:housenumber": "75A",
        "addr:postcode": "DD3 7HY",
        "addr:street": "Dens Road",
        "alt_name": "Bait-ul-Mehmood;Baitul Mehmood;Bait-ul-Mehmood Mosque",
        "alt_name:ur": "بیت المحمود",
        "amenity": "place_of_worship",
        "building": "yes",
        "denomination": "ahmadiyya",
        "name": "Baitul Mahmood Mosque",
        "name:ur": "مسجد بیت المحمود",
        "ref:GB:uprn": "9059082100",
        "religion": "muslim",
        "source": "microsoft/BuildingFootprints",
        "url": "https://loveforallhatredfornone.org/",
        "@geometry": "center"
      },
      "geometry": {
        "type": "Point",
        "coordinates": [
          -2.9689183,
          56.472475
        ]
      },
      "id": "way/1158277414"
    },
    {
      "type": "Feature",
      "properties": {
        "@id": "way/1168803099",
        "addr:city": "Bradford",
        "addr:postcode": "BD3 8AG",
        "addr:street": "Al Amin Square",
        "addr:suburb": "Barkerend",
        "amenity": "place_of_worship",
        "building": "mosque",
        "name": "Al-Amin Jame Masjid & Madrasha",
        "religion": "muslim",
        "@geometry": "center"
      },
      "geometry": {
        "type": "Point",
        "coordinates": [
          -1.7240244,
          53.7975063
        ]
      },
      "id": "way/1168803099"
    },
    {
      "type": "Feature",
      "properties": {
        "@id": "way/1172463833",
        "amenity": "place_of_worship",
        "building": "yes",
        "denomination": "sunni",
        "name": "Heathrow Jamia Masjid",
        "religion": "muslim",
        "website": "https://heathrowjamiamasjid.co.uk/",
        "@geometry": "center"
      },
      "geometry": {
        "type": "Point",
        "coordinates": [
          -0.4154874,
          51.4811809
        ]
      },
      "id": "way/1172463833"
    },
    {
      "type": "Feature",
      "properties": {
        "@id": "way/1172465627",
        "addr:city": "Hounslow",
        "addr:housenumber": "531",
        "addr:postcode": "TW4 5DP",
        "addr:street": "Staines Road",
        "amenity": "place_of_worship",
        "building": "yes",
        "name": "Islamic Integration Community Centre",
        "ref:GB:uprn": "100023404172",
        "religion": "muslim",
        "website": "https://iiccuk.org/",
        "@geometry": "center"
      },
      "geometry": {
        "type": "Point",
        "coordinates": [
          -0.3896985,
          51.462731
        ]
      },
      "id": "way/1172465627"
    },
    {
      "type": "Feature",
      "properties": {
        "@id": "way/1172466808",
        "amenity": "place_of_worship",
        "building": "yes",
        "denomination": "sunni",
        "name": "Jamia Masjid",
        "religion": "muslim",
        "website": "https://www.jm-wd.org/",
        "@geometry": "center"
      },
      "geometry": {
        "type": "Point",
        "coordinates": [
          -0.4743603,
          51.5094998
        ]
      },
      "id": "way/1172466808"
    },
    {
      "type": "Feature",
      "properties": {
        "@id": "way/1172468596",
        "amenity": "place_of_worship",
        "building": "yes",
        "name": "Al Falah Islamic Education Centre",
        "religion": "muslim",
        "website": "https://www.alfalahcentre.org/",
        "@geometry": "center"
      },
      "geometry": {
        "type": "Point",
        "coordinates": [
          -0.4754278,
          51.5127263
        ]
      },
      "id": "way/1172468596"
    },
    {
      "type": "Feature",
      "properties": {
        "@id": "way/1172469922",
        "amenity": "place_of_worship",
        "building": "yes",
        "check_date": "2026-08-03",
        "name": "Uxbridge Muslim Community Centre",
        "religion": "muslim",
        "@geometry": "center"
      },
      "geometry": {
        "type": "Point",
        "coordinates": [
          -0.4839169,
          51.5378994
        ]
      },
      "id": "way/1172469922"
    },
    {
      "type": "Feature",
      "properties": {
        "@id": "way/1172472460",
        "amenity": "place_of_worship",
        "building": "yes",
        "denomination": "sunni",
        "name": "Uxbridge Eyup Sultan Masjid",
        "religion": "muslim",
        "@geometry": "center"
      },
      "geometry": {
        "type": "Point",
        "coordinates": [
          -0.4803282,
          51.547867
        ]
      },
      "id": "way/1172472460"
    },
    {
      "type": "Feature",
      "properties": {
        "@id": "way/1172473257",
        "amenity": "place_of_worship",
        "building": "yes",
        "name": "Ashford & Staines Community Centre",
        "religion": "muslim",
        "@geometry": "center"
      },
      "geometry": {
        "type": "Point",
        "coordinates": [
          -0.4583592,
          51.4470205
        ]
      },
      "id": "way/1172473257"
    },
    {
      "type": "Feature",
      "properties": {
        "@id": "way/1172473704",
        "addr:city": "Feltham",
        "addr:housename": "102 Hounslow Rd, Feltham TW14 0AX",
        "addr:housenumber": "102",
        "addr:postcode": "TW14 0AX",
        "addr:street": "Hounslow Road",
        "amenity": "place_of_worship",
        "building": "yes",
        "denomination": "sunni",
        "name": "Feltham Hira Centre",
        "religion": "muslim",
        "website": "https://hira.org.uk/",
        "@geometry": "center"
      },
      "geometry": {
        "type": "Point",
        "coordinates": [
          -0.4041653,
          51.4539735
        ]
      },
      "id": "way/1172473704"
    },
    {
      "type": "Feature",
      "properties": {
        "@id": "way/1180514091",
        "addr:city": "Oldham",
        "addr:housenumber": "156-158",
        "addr:postcode": "OL9 6BG",
        "addr:street": "Middleton Road",
        "amenity": "place_of_worship",
        "building": "yes",
        "denomination": "sunni",
        "name": "Oldham Mosque & Islamic Centre",
        "ref:GB:uprn": "422000025390;422000025391",
        "religion": "muslim",
        "source:building": "aerial",
        "@geometry": "center"
      },
      "geometry": {
        "type": "Point",
        "coordinates": [
          -2.1263013,
          53.5426828
        ]
      },
      "id": "way/1180514091"
    },
    {
      "type": "Feature",
      "properties": {
        "@id": "way/1184888096",
        "addr:city": "Oldham",
        "addr:housenumber": "53",
        "addr:postcode": "OL9 6DP",
        "addr:street": "Chadderton Way",
        "amenity": "place_of_worship",
        "building": "yes",
        "denomination": "sunni",
        "name": "Al-Khasra Masjid",
        "ref:GB:uprn": "422000027137",
        "religion": "muslim",
        "source:building": "aerial",
        "@geometry": "center"
      },
      "geometry": {
        "type": "Point",
        "coordinates": [
          -2.1219811,
          53.5460753
        ]
      },
      "id": "way/1184888096"
    },
    {
      "type": "Feature",
      "properties": {
        "@id": "way/1189895128",
        "addr:city": "Walsall",
        "addr:postcode": "WS2 8NF",
        "amenity": "place_of_worship",
        "building": "yes",
        "denomination": "sunni",
        "name": "Syeda Fatima Zahra Centre",
        "ref:GB:uprn": "10095684277",
        "religion": "muslim",
        "@geometry": "center"
      },
      "geometry": {
        "type": "Point",
        "coordinates": [
          -1.9916416,
          52.5876001
        ]
      },
      "id": "way/1189895128"
    },
    {
      "type": "Feature",
      "properties": {
        "@id": "way/1191838651",
        "amenity": "place_of_worship",
        "building": "yes",
        "name": "Havering Islamic Cultural Centre",
        "religion": "muslim",
        "website": "https://haveringislamiccentre.org.uk/",
        "@geometry": "center"
      },
      "geometry": {
        "type": "Point",
        "coordinates": [
          0.179526,
          51.573273
        ]
      },
      "id": "way/1191838651"
    },
    {
      "type": "Feature",
      "properties": {
        "@id": "way/1202566756",
        "addr:city": "Huddersfield",
        "addr:housename": "Ahmadiyya Muslim Association",
        "addr:housenumber": "41",
        "addr:postcode": "HD1 6AS",
        "addr:street": "Lower Fitzwilliam Street",
        "alt_name": "Baitus Samad Mosque;Bait-us-Samad;Bait-us-Samad Mosque",
        "alt_name:ur": "مسجد بیت الصمد",
        "amenity": "place_of_worship",
        "building": "yes",
        "denomination": "ahmadiyya",
        "name": "Baitus Samad",
        "name:ur": "بیت الصمد",
        "religion": "muslim",
        "wikidata": "Q122933189",
        "@geometry": "center"
      },
      "geometry": {
        "type": "Point",
        "coordinates": [
          -1.7797596,
          53.6509404
        ]
      },
      "id": "way/1202566756"
    },
    {
      "type": "Feature",
      "properties": {
        "@id": "way/1202658419",
        "addr:city": "Watford",
        "addr:country": "GB",
        "addr:housename": "Ahmadiyya Muslim Association Watford",
        "addr:postcode": "WD18 9QD",
        "addr:street": "Chaffinch Lane",
        "alt_name": "Baitul Hadi;Baitul Hadi Mosque;Bait-ul-Hadi Mosque",
        "alt_name:ur": "مسجد بیت الہادی",
        "amenity": "place_of_worship",
        "building": "yes",
        "denomination": "ahmadiyya",
        "name": "Bait-ul-Hadi",
        "name:ur": "بیت الہادی",
        "ref:GB:uprn": "100081284876;100081340464",
        "religion": "muslim",
        "@geometry": "center"
      },
      "geometry": {
        "type": "Point",
        "coordinates": [
          -0.4189359,
          51.6423369
        ]
      },
      "id": "way/1202658419"
    },
    {
      "type": "Feature",
      "properties": {
        "@id": "way/1209143228",
        "addr:city": "Wembley",
        "addr:housename": "Markaz Us-Sunnah",
        "addr:housenumber": "500",
        "addr:postcode": "HA0 4LY",
        "addr:street": "Sunleigh Road",
        "amenity": "place_of_worship",
        "building": "yes",
        "denomination": "sunni",
        "name": "Markaz Us-Sunnah",
        "phone": "+44 20 3302 0450",
        "religion": "muslim",
        "website": "https://musunnah.com/",
        "@geometry": "center"
      },
      "geometry": {
        "type": "Point",
        "coordinates": [
          -0.2951635,
          51.5390561
        ]
      },
      "id": "way/1209143228"
    },
    {
      "type": "Feature",
      "properties": {
        "@id": "way/1212192331",
        "amenity": "place_of_worship",
        "building": "yes",
        "name": "Faizan-E-Jumu'ah Masjid",
        "religion": "muslim",
        "@geometry": "center"
      },
      "geometry": {
        "type": "Point",
        "coordinates": [
          -0.3690678,
          51.4644
        ]
      },
      "id": "way/1212192331"
    },
    {
      "type": "Feature",
      "properties": {
        "@id": "way/1212192332",
        "addr:city": "Hounslow",
        "addr:housenumber": "86",
        "addr:postcode": "TW3 3RN",
        "addr:street": "Hibernia Road",
        "amenity": "place_of_worship",
        "building": "yes",
        "name": "Madina Islamic Mission",
        "phone": "+447956591769",
        "religion": "muslim",
        "@geometry": "center"
      },
      "geometry": {
        "type": "Point",
        "coordinates": [
          -0.369448,
          51.4648088
        ]
      },
      "id": "way/1212192332"
    },
    {
      "type": "Feature",
      "properties": {
        "@id": "way/1212497230",
        "addr:city": "Grimsby",
        "addr:country": "GB",
        "addr:housenumber": "79A",
        "addr:postcode": "DN32 0PY",
        "addr:street": "Weelsby Road",
        "amenity": "place_of_worship",
        "building": "yes",
        "denomination": "sunni",
        "name": "Grimsby Islamic Centre",
        "ref:GB:uprn": "11071404;11099150",
        "religion": "muslim",
        "@geometry": "center"
      },
      "geometry": {
        "type": "Point",
        "coordinates": [
          -0.0800243,
          53.5540836
        ]
      },
      "id": "way/1212497230"
    },
    {
      "type": "Feature",
      "properties": {
        "@id": "node/1212967018",
        "amenity": "place_of_worship",
        "name": "Ezzeitouna",
        "religion": "muslim"
      },
      "geometry": {
        "type": "Point",
        "coordinates": [
          -0.2498237,
          51.514035
        ]
      },
      "id": "node/1212967018"
    },
    {
      "type": "Feature",
      "properties": {
        "@id": "way/1213660081",
        "addr:city": "Sheffield",
        "addr:housenumber": "9",
        "addr:postcode": "S4 7JD",
        "addr:street": "Gower Street",
        "amenity": "place_of_worship",
        "building:part": "yes",
        "check_date": "2025-04-29",
        "name": "Al-Rahman Mosque",
        "religion": "muslim",
        "@geometry": "center"
      },
      "geometry": {
        "type": "Point",
        "coordinates": [
          -1.4578448,
          53.3932012
        ]
      },
      "id": "way/1213660081"
    },
    {
      "type": "Feature",
      "properties": {
        "@id": "way/1213898888",
        "addr:city": "Sheffield",
        "addr:housenumber": "23",
        "addr:postcode": "S4 7LJ",
        "addr:street": "Sorby Street",
        "amenity": "place_of_worship",
        "building": "yes",
        "name": "Masjid Mohammed",
        "religion": "muslim",
        "@geometry": "center"
      },
      "geometry": {
        "type": "Point",
        "coordinates": [
          -1.4581492,
          53.3910078
        ]
      },
      "id": "way/1213898888"
    },
    {
      "type": "Feature",
      "properties": {
        "@id": "way/1218074103",
        "amenity": "place_of_worship",
        "building": "yes",
        "name": "Kingston Mosque",
        "religion": "muslim",
        "@geometry": "center"
      },
      "geometry": {
        "type": "Point",
        "coordinates": [
          -0.2978979,
          51.4160215
        ]
      },
      "id": "way/1218074103"
    },
    {
      "type": "Feature",
      "properties": {
        "@id": "way/1220281659",
        "addr:city": "Oldham",
        "addr:housenumber": "87",
        "addr:postcode": "OL9 7EB",
        "addr:street": "Warwick Street",
        "amenity": "place_of_worship",
        "building": "mosque",
        "denomination": "sunni",
        "name": "Jamia Islamia Ghousia Masjid",
        "religion": "muslim",
        "@geometry": "center"
      },
      "geometry": {
        "type": "Point",
        "coordinates": [
          -2.1356425,
          53.5322611
        ]
      },
      "id": "way/1220281659"
    },
    {
      "type": "Feature",
      "properties": {
        "@id": "way/1223281346",
        "amenity": "place_of_worship",
        "building": "yes",
        "name": "Hussainiat Al Zahra",
        "religion": "muslim",
        "@geometry": "center"
      },
      "geometry": {
        "type": "Point",
        "coordinates": [
          -1.2426391,
          54.575377
        ]
      },
      "id": "way/1223281346"
    },
    {
      "type": "Feature",
      "properties": {
        "@id": "way/1230137239",
        "addr:city": "Oldham",
        "addr:housenumber": "63",
        "addr:postcode": "OL9 6DP",
        "addr:street": "Chadderton Way",
        "amenity": "place_of_worship",
        "building": "mosque",
        "denomination": "sunni",
        "fixme": "check this really is a purpose-built mosque building, otherwise should be building \"yes\"",
        "name": "Noorani Masjid",
        "ref:GB:uprn": "422000027244",
        "religion": "muslim",
        "@geometry": "center"
      },
      "geometry": {
        "type": "Point",
        "coordinates": [
          -2.1226329,
          53.5463249
        ]
      },
      "id": "way/1230137239"
    },
    {
      "type": "Feature",
      "properties": {
        "@id": "way/1230819180",
        "addr:city": "Oldham",
        "addr:housename": "Markazi Mosque",
        "addr:postcode": "OL9 7DJ",
        "addr:street": "Suffolk Street",
        "amenity": "place_of_worship",
        "building": "mosque",
        "denomination": "sunni",
        "fixme": "check this is a purpose-built mosque, not some other kind of building",
        "name": "Madrassa Taleemul Islam Markazi Masjid",
        "religion": "muslim",
        "@geometry": "center"
      },
      "geometry": {
        "type": "Point",
        "coordinates": [
          -2.1389447,
          53.532538
        ]
      },
      "id": "way/1230819180"
    },
    {
      "type": "Feature",
      "properties": {
        "@id": "way/1232863799",
        "addr:city": "Luton",
        "addr:street": "Bury Park Road",
        "amenity": "place_of_worship",
        "building": "mosque",
        "denomination": "sunni",
        "name": "Bury Park Masjid",
        "religion": "muslim",
        "@geometry": "center"
      },
      "geometry": {
        "type": "Point",
        "coordinates": [
          -0.4260786,
          51.8847654
        ]
      },
      "id": "way/1232863799"
    },
    {
      "type": "Feature",
      "properties": {
        "@id": "way/1232871173",
        "amenity": "place_of_worship",
        "building": "yes",
        "denomination": "sunni",
        "name": "Masjid Al-Ghurabaa",
        "religion": "muslim",
        "@geometry": "center"
      },
      "geometry": {
        "type": "Point",
        "coordinates": [
          -0.4285146,
          51.886688
        ]
      },
      "id": "way/1232871173"
    },
    {
      "type": "Feature",
      "properties": {
        "@id": "way/1238103528",
        "amenity": "place_of_worship",
        "building": "yes",
        "name": "Masjid-E-Bilaal",
        "religion": "muslim",
        "@geometry": "center"
      },
      "geometry": {
        "type": "Point",
        "coordinates": [
          -1.1743355,
          52.9474108
        ]
      },
      "id": "way/1238103528"
    },
    {
      "type": "Feature",
      "properties": {
        "@id": "way/1241372343",
        "addr:city": "Bedford",
        "addr:housenumber": "74",
        "addr:postcode": "MK42 9HP",
        "addr:street": "Ampthill Road",
        "amenity": "place_of_worship",
        "building": "church",
        "contact:email": "info@daarulhuda.org",
        "contact:phone": "+44 1234 311856",
        "name": "Daarul Huda",
        "religion": "muslim",
        "website": "https://daarulhuda.org/",
        "@geometry": "center"
      },
      "geometry": {
        "type": "Point",
        "coordinates": [
          -0.4713739,
          52.1249213
        ]
      },
      "id": "way/1241372343"
    },
    {
      "type": "Feature",
      "properties": {
        "@id": "way/1243550066",
        "addr:postcode": "WA9 5AU",
        "addr:street": "Elton Head Road",
        "amenity": "place_of_worship",
        "building": "yes",
        "check_date": "2026-08-28",
        "denomination": "sunni",
        "name": "St Helens Mosque",
        "religion": "muslim",
        "website": "https://www.sthelensmosque.co.uk/",
        "@geometry": "center"
      },
      "geometry": {
        "type": "Point",
        "coordinates": [
          -2.7312876,
          53.4268946
        ]
      },
      "id": "way/1243550066"
    },
    {
      "type": "Feature",
      "properties": {
        "@id": "way/1245103965",
        "addr:city": "Grays",
        "addr:housename": "Thurrock Islamic Education & Cultural Association",
        "addr:housenumber": "Parkway Centre",
        "addr:postcode": "RM17 6RB",
        "addr:street": "Park Road",
        "amenity": "place_of_worship",
        "building": "mosque",
        "denomination": "sunni",
        "email": "info@graysparkmasjid.co.uk",
        "name": "Grays Park Masjid",
        "phone": "+44 1375 376823",
        "religion": "muslim",
        "website": "https://graysparkmasjid.co.uk/",
        "@geometry": "center"
      },
      "geometry": {
        "type": "Point",
        "coordinates": [
          0.3291532,
          51.4783005
        ]
      },
      "id": "way/1245103965"
    },
    {
      "type": "Feature",
      "properties": {
        "@id": "way/1249660806",
        "addr:housenumber": "41-43",
        "addr:postcode": "NN5 5LJ",
        "addr:street": "Argyle Street",
        "amenity": "place_of_worship",
        "building": "mosque",
        "name": "Baital Ma'mur Jami Masjid",
        "ref:GB:uprn": "15061960",
        "religion": "muslim",
        "@geometry": "center"
      },
      "geometry": {
        "type": "Point",
        "coordinates": [
          -0.9179048,
          52.2410178
        ]
      },
      "id": "way/1249660806"
    },
    {
      "type": "Feature",
      "properties": {
        "@id": "way/1250557847",
        "amenity": "place_of_worship",
        "building": "yes",
        "name": "Jamia Masjid Ya Rasool Allah",
        "religion": "muslim",
        "@geometry": "center"
      },
      "geometry": {
        "type": "Point",
        "coordinates": [
          -1.7145818,
          53.7996284
        ]
      },
      "id": "way/1250557847"
    },
    {
      "type": "Feature",
      "properties": {
        "@id": "way/1250590435",
        "addr:city": "Bradford",
        "addr:housenumber": "38",
        "addr:postcode": "BD3 9NB",
        "addr:street": "Steadman Terrace",
        "amenity": "place_of_worship",
        "building": "mosque",
        "denomination": "sunni",
        "name": "Abu Bakar Masjid",
        "phone": "+44 1274 668343",
        "religion": "muslim",
        "@geometry": "center"
      },
      "geometry": {
        "type": "Point",
        "coordinates": [
          -1.7283644,
          53.7934385
        ]
      },
      "id": "way/1250590435"
    },
    {
      "type": "Feature",
      "properties": {
        "@id": "way/1258433047",
        "addr:city": "Oldham",
        "addr:housename": "Bilal Jamia Masjid & Education Centre",
        "addr:housenumber": "19-23",
        "addr:postcode": "OL4 1NE",
        "addr:street": "Ronald Street",
        "amenity": "place_of_worship",
        "building": "yes",
        "denomination": "sunni",
        "name": "Bilal Jamia Mosque",
        "name:ur": "بلال جامعہ مسجد اور مدرسہ اولڈھم",
        "ref:GB:uprn": "422000119640",
        "religion": "muslim",
        "@geometry": "center"
      },
      "geometry": {
        "type": "Point",
        "coordinates": [
          -2.0883933,
          53.5420861
        ]
      },
      "id": "way/1258433047"
    },
    {
      "type": "Feature",
      "properties": {
        "@id": "way/1263231529",
        "addr:city": "Oxford",
        "addr:housenumber": "2",
        "addr:postcode": "OX4 1QZ",
        "addr:street": "Stanley Road",
        "amenity": "place_of_worship",
        "building": "yes",
        "denomination": "sunni",
        "name": "Madina Masjid",
        "ref:GB:uprn": "10095731298;10095731299;10091105662;100120849145",
        "religion": "muslim",
        "website": "https://madinamasjidoxford.co.uk/",
        "@geometry": "center"
      },
      "geometry": {
        "type": "Point",
        "coordinates": [
          -1.23699,
          51.742153
        ]
      },
      "id": "way/1263231529"
    },
    {
      "type": "Feature",
      "properties": {
        "@id": "way/1265905246",
        "amenity": "place_of_worship",
        "building": "yes",
        "religion": "muslim",
        "@geometry": "center"
      },
      "geometry": {
        "type": "Point",
        "coordinates": [
          -3.9573474,
          51.6150284
        ]
      },
      "id": "way/1265905246"
    },
    {
      "type": "Feature",
      "properties": {
        "@id": "way/1272760799",
        "addr:city": "Peterborough",
        "addr:street": "Craig Street",
        "amenity": "place_of_worship",
        "building": "yes",
        "denomination": "ismaili",
        "name": "Peterborough Jamatkhana",
        "religion": "muslim",
        "@geometry": "center"
      },
      "geometry": {
        "type": "Point",
        "coordinates": [
          -0.2456837,
          52.5778914
        ]
      },
      "id": "way/1272760799"
    },
    {
      "type": "Feature",
      "properties": {
        "@id": "way/1273238552",
        "amenity": "place_of_worship",
        "building": "yes",
        "name": "Central Jamia Mosque",
        "religion": "muslim",
        "source": "visual survey;bing",
        "@geometry": "center"
      },
      "geometry": {
        "type": "Point",
        "coordinates": [
          -2.058029,
          52.5230576
        ]
      },
      "id": "way/1273238552"
    },
    {
      "type": "Feature",
      "properties": {
        "@id": "way/1278804246",
        "addr:postcode": "DY4 8RF",
        "addr:street": "Wellington Road",
        "amenity": "place_of_worship",
        "building": "yes",
        "name": "Masjid Shah Jalal",
        "ref:GB:uprn": "10008755199",
        "religion": "muslim",
        "source": "bing",
        "source:addr:postcode": "ONSUD;OS Open UPRN",
        "@geometry": "center"
      },
      "geometry": {
        "type": "Point",
        "coordinates": [
          -2.0543167,
          52.5256323
        ]
      },
      "id": "way/1278804246"
    },
    {
      "type": "Feature",
      "properties": {
        "@id": "way/1279015737",
        "addr:city": "Leicester",
        "addr:housenumber": "393",
        "addr:postcode": "LE5 3DF",
        "addr:street": "Humberstone Road",
        "amenity": "place_of_worship",
        "building": "yes",
        "denomination": "sunni",
        "name": "Masjid At-Taqwa",
        "religion": "muslim",
        "subdenomination": "salafi",
        "@geometry": "center"
      },
      "geometry": {
        "type": "Point",
        "coordinates": [
          -1.1047678,
          52.6418557
        ]
      },
      "id": "way/1279015737"
    },
    {
      "type": "Feature",
      "properties": {
        "@id": "way/1279017860",
        "amenity": "place_of_worship",
        "building": "yes",
        "denomination": "sunni",
        "name": "Faiz e Raza",
        "religion": "muslim",
        "@geometry": "center"
      },
      "geometry": {
        "type": "Point",
        "coordinates": [
          -1.1077302,
          52.6417346
        ]
      },
      "id": "way/1279017860"
    },
    {
      "type": "Feature",
      "properties": {
        "@id": "way/1279900410",
        "addr:city": "Newbury",
        "addr:housenumber": "33",
        "addr:postcode": "RG14 6AE",
        "addr:street": "Pound Street",
        "amenity": "place_of_worship",
        "building": "house",
        "denomination": "sunni",
        "house": "terraced",
        "name": "Newbury Jamme Masjid",
        "religion": "muslim",
        "website": "https://www.newburyjammemasjid.org.uk/",
        "@geometry": "center"
      },
      "geometry": {
        "type": "Point",
        "coordinates": [
          -1.3283562,
          51.3966156
        ]
      },
      "id": "way/1279900410"
    },
    {
      "type": "Feature",
      "properties": {
        "@id": "way/1287258792",
        "addr:city": "Peacehaven",
        "addr:housenumber": "8",
        "addr:postcode": "BN10 7HY",
        "addr:street": "Phyllis Avenue",
        "amenity": "place_of_worship",
        "building": "mosque",
        "building:colour": "#ffffff",
        "building:material": "plaster",
        "name": "Peacehaven Mosque",
        "old_name": "The Bells Club",
        "ref:GB:uprn": "10033251150",
        "religion": "muslim",
        "@geometry": "center"
      },
      "geometry": {
        "type": "Point",
        "coordinates": [
          -0.0075719,
          50.7922582
        ]
      },
      "id": "way/1287258792"
    },
    {
      "type": "Feature",
      "properties": {
        "@id": "way/1287837309",
        "amenity": "place_of_worship",
        "building": "yes",
        "name": "Faizen E Islam",
        "ref:GB:uprn": "100071517437",
        "religion": "muslim",
        "@geometry": "center"
      },
      "geometry": {
        "type": "Point",
        "coordinates": [
          -1.5035084,
          52.4311266
        ]
      },
      "id": "way/1287837309"
    },
    {
      "type": "Feature",
      "properties": {
        "@id": "way/1288497196",
        "addr:city": "Oxford",
        "addr:housename": "Ahmadiyya Muslim Community Oxford",
        "addr:housenumber": "257",
        "addr:postcode": "OX4 1XQ",
        "addr:street": "Cowley Road",
        "alt_name": "Bait-us-Shakoor;Baitul Shakoor;Bait-ul-Shakoor",
        "alt_name:ur": "مسجد بیت الشکور",
        "amenity": "place_of_worship",
        "building": "yes",
        "denomination": "ahmadiyya",
        "name": "Baitus Shakoor",
        "name:ur": "بیت الشکور",
        "ref:GB:uprn": "100120813492",
        "religion": "muslim",
        "@geometry": "center"
      },
      "geometry": {
        "type": "Point",
        "coordinates": [
          -1.2293492,
          51.74507
        ]
      },
      "id": "way/1288497196"
    },
    {
      "type": "Feature",
      "properties": {
        "@id": "node/1290899327",
        "addr:city": "London",
        "addr:housenumber": "30",
        "addr:street": "Collingham Gardens",
        "amenity": "place_of_worship",
        "name": "Mosque of the Embassy of Qatar",
        "religion": "muslim"
      },
      "geometry": {
        "type": "Point",
        "coordinates": [
          -0.1876873,
          51.4924531
        ]
      },
      "id": "node/1290899327"
    },
    {
      "type": "Feature",
      "properties": {
        "@id": "way/1292541556",
        "addr:city": "Burton-on-Trent",
        "addr:housename": "Ahmadiyya Muslim Community",
        "addr:housenumber": "130",
        "addr:postcode": "DE15 0HU",
        "addr:street": "High Bank Road",
        "alt_name": "Baitul Saboor;Baitus Saboor;Bait-us-Saboor;Bait-ul-Saboor",
        "alt_name:ur": "بیت الصبور",
        "amenity": "place_of_worship",
        "building": "yes",
        "denomination": "ahmadiyya",
        "name": "Baitul Saboor Mosque",
        "name:ur": "مسجد بیت الصبور",
        "ref:GB:uprn": "100032004251",
        "religion": "muslim",
        "source:name": "OS Open Local Important Buildings Layer",
        "@geometry": "center"
      },
      "geometry": {
        "type": "Point",
        "coordinates": [
          -1.6069776,
          52.8060948
        ]
      },
      "id": "way/1292541556"
    },
    {
      "type": "Feature",
      "properties": {
        "@id": "way/1301000374",
        "addr:city": "Wednesbury",
        "addr:postcode": "WS10 9AD",
        "amenity": "place_of_worship",
        "building": "yes",
        "name": "Jami Masjie Islam Centre",
        "ref:GB:uprn": "200002408457",
        "religion": "muslim",
        "@geometry": "center"
      },
      "geometry": {
        "type": "Point",
        "coordinates": [
          -2.0185448,
          52.5527685
        ]
      },
      "id": "way/1301000374"
    },
    {
      "type": "Feature",
      "properties": {
        "@id": "way/1301000384",
        "amenity": "place_of_worship",
        "building": "mosque",
        "name": "Wednesbury Central Mosque",
        "ref:GB:uprn": "32074771;32074770",
        "religion": "muslim",
        "@geometry": "center"
      },
      "geometry": {
        "type": "Point",
        "coordinates": [
          -2.0174374,
          52.5532891
        ]
      },
      "id": "way/1301000384"
    },
    {
      "type": "Feature",
      "properties": {
        "@id": "way/1304038955",
        "amenity": "place_of_worship",
        "building": "yes",
        "ref:GB:uprn": "200001863461",
        "religion": "muslim",
        "@geometry": "center"
      },
      "geometry": {
        "type": "Point",
        "coordinates": [
          -2.2870009,
          53.5922573
        ]
      },
      "id": "way/1304038955"
    },
    {
      "type": "Feature",
      "properties": {
        "@id": "way/1310913290",
        "addr:city": "Oldham",
        "addr:housenumber": "138",
        "addr:postcode": "OL8 1QZ",
        "addr:street": "Werneth Hall Road",
        "amenity": "place_of_worship",
        "building": "yes",
        "denomination": "sunni",
        "name": "Masjid Hayat Un Nabi",
        "religion": "muslim",
        "source": "aerial imagery;code-point_open",
        "source:building": "aerial",
        "@geometry": "center"
      },
      "geometry": {
        "type": "Point",
        "coordinates": [
          -2.1277568,
          53.533997
        ]
      },
      "id": "way/1310913290"
    },
    {
      "type": "Feature",
      "properties": {
        "@id": "way/1311059305",
        "amenity": "place_of_worship",
        "building": "yes",
        "name": "Masjid Omar Mukhtar",
        "religion": "muslim",
        "@geometry": "center"
      },
      "geometry": {
        "type": "Point",
        "coordinates": [
          -2.9579343,
          53.3956979
        ]
      },
      "id": "way/1311059305"
    },
    {
      "type": "Feature",
      "properties": {
        "@id": "way/1312327516",
        "addr:city": "Doncaster",
        "addr:housename": "Ahmadiyya Muslim Association Doncaster",
        "addr:postcode": "DN12 1BS",
        "addr:street": "Edlington Lane",
        "amenity": "place_of_worship",
        "building": "yes",
        "denomination": "ahmadiyya",
        "name": "Baitul Baseer",
        "religion": "muslim",
        "@geometry": "center"
      },
      "geometry": {
        "type": "Point",
        "coordinates": [
          -1.188553,
          53.4849003
        ]
      },
      "id": "way/1312327516"
    },
    {
      "type": "Feature",
      "properties": {
        "@id": "node/1313559535",
        "amenity": "place_of_worship",
        "name": "Faizan E Islam Centre",
        "religion": "muslim"
      },
      "geometry": {
        "type": "Point",
        "coordinates": [
          -2.2835393,
          53.4559193
        ]
      },
      "id": "node/1313559535"
    },
    {
      "type": "Feature",
      "properties": {
        "@id": "node/1314639082",
        "amenity": "place_of_worship",
        "name": "Tooting Islamic Centre",
        "religion": "muslim"
      },
      "geometry": {
        "type": "Point",
        "coordinates": [
          -0.1626528,
          51.4317002
        ]
      },
      "id": "node/1314639082"
    },
    {
      "type": "Feature",
      "properties": {
        "@id": "way/1315345013",
        "addr:city": "Oldham",
        "addr:housename": "Ross Street Masjid",
        "addr:housenumber": "11",
        "addr:postcode": "OL8 1UA",
        "addr:street": "Ross Street",
        "amenity": "place_of_worship",
        "building": "mosque",
        "denomination": "sunni",
        "name": "Ross Street Masjid",
        "religion": "muslim",
        "website": "https://www.rossstreetmasjid.org/",
        "@geometry": "center"
      },
      "geometry": {
        "type": "Point",
        "coordinates": [
          -2.12276,
          53.5361013
        ]
      },
      "id": "way/1315345013"
    },
    {
      "type": "Feature",
      "properties": {
        "@id": "way/1316797580",
        "addr:city": "Oldham",
        "addr:housename": "Nagina Jamia Masjid",
        "addr:housenumber": "74",
        "addr:postcode": "OL8 4BB",
        "addr:street": "Werneth Hall Road",
        "amenity": "place_of_worship",
        "building": "mosque",
        "denomination": "sunni",
        "name": "Nagina Jamia Masjid",
        "religion": "muslim",
        "source": "code-point_open;aerial imagery",
        "website": "https://naginamasjid.com/",
        "@geometry": "center"
      },
      "geometry": {
        "type": "Point",
        "coordinates": [
          -2.1238917,
          53.5356549
        ]
      },
      "id": "way/1316797580"
    },
    {
      "type": "Feature",
      "properties": {
        "@id": "way/1319633968",
        "amenity": "place_of_worship",
        "building": "yes",
        "name": "Sandwell Grand Masjid",
        "religion": "muslim",
        "@geometry": "center"
      },
      "geometry": {
        "type": "Point",
        "coordinates": [
          -1.9996042,
          52.5203981
        ]
      },
      "id": "way/1319633968"
    },
    {
      "type": "Feature",
      "properties": {
        "@id": "way/1319835681",
        "addr:city": "Peterborough",
        "addr:postcode": "PE2 9AG",
        "addr:street": "Grove Street",
        "alt_name": "Salahdin Mosque",
        "amenity": "place_of_worship",
        "building": "yes",
        "denomination": "sunni",
        "description": "Primary language: Sorani Kurdish",
        "name": "Salahaddin Community Centre",
        "name:ckb": "مزگەوتی صەلاحەدین",
        "operator": "Bradost Charitable Trust",
        "ref:GB:charity_no": "1197876",
        "religion": "muslim",
        "service_times:url": "https://time.my-masjid.com/timingscreen/6b129042-d459-43c5-be2e-4ccf0a066150",
        "@geometry": "center"
      },
      "geometry": {
        "type": "Point",
        "coordinates": [
          -0.2494425,
          52.5651488
        ]
      },
      "id": "way/1319835681"
    },
    {
      "type": "Feature",
      "properties": {
        "@id": "way/1320112019",
        "amenity": "place_of_worship",
        "building": "mosque",
        "name": "Markazi Jamia Masjid Gulzar-e-Habib Mosque",
        "religion": "muslim",
        "@geometry": "center"
      },
      "geometry": {
        "type": "Point",
        "coordinates": [
          -2.0026576,
          52.5214577
        ]
      },
      "id": "way/1320112019"
    },
    {
      "type": "Feature",
      "properties": {
        "@id": "way/1321588582",
        "addr:city": "Bromley",
        "addr:postcode": "BR2 8HF",
        "addr:street": "Croydon Road",
        "addr:suburb": "Keston",
        "alt_name": "Keston Mosque",
        "amenity": "place_of_worship",
        "building": "church",
        "denomination": "sunni",
        "name": "Al-Emaan Centre",
        "note": "this was a former Wesleyan chapel, so building=church is correct",
        "operator": "Al-Emaan Centre",
        "prayer_times:url": "https://al-emaan.org.uk/prayer-times/",
        "ref:GB-EAW:charity": "1181554",
        "ref:GB:uprn": "10003627032",
        "religion": "muslim",
        "source:addr:postcode": "ONSUD;OS Open UPRN",
        "website": "https://al-emaan.org.uk/",
        "@geometry": "center"
      },
      "geometry": {
        "type": "Point",
        "coordinates": [
          0.0380343,
          51.3675247
        ]
      },
      "id": "way/1321588582"
    },
    {
      "type": "Feature",
      "properties": {
        "@id": "way/1322886232",
        "addr:housenumber": "31",
        "addr:postcode": "LE2 5QE",
        "addr:street": "Wigston Road",
        "amenity": "place_of_worship",
        "building": "yes",
        "denomination": "sunni",
        "name": "Masjid Adam",
        "religion": "muslim",
        "website": "https://oadbych.org/",
        "@geometry": "center"
      },
      "geometry": {
        "type": "Point",
        "coordinates": [
          -1.0811465,
          52.5969396
        ]
      },
      "id": "way/1322886232"
    },
    {
      "type": "Feature",
      "properties": {
        "@id": "way/1334871933",
        "addr:city": "Oldham",
        "addr:housenumber": "120",
        "addr:postcode": "OL4 1EU",
        "addr:street": "Waterloo Street",
        "amenity": "place_of_worship",
        "building": "mosque",
        "denomination": "sunni",
        "name": "Jamay Masjid Muhammadia Saifia",
        "religion": "muslim",
        "source": "aerial imagery;code-point_open",
        "@geometry": "center"
      },
      "geometry": {
        "type": "Point",
        "coordinates": [
          -2.1041802,
          53.5374413
        ]
      },
      "id": "way/1334871933"
    },
    {
      "type": "Feature",
      "properties": {
        "@id": "way/1334871948",
        "addr:city": "Oldham",
        "addr:housename": "Jalalabad Jamay Masjid",
        "addr:postcode": "OL4 1SB",
        "addr:street": "Sickle Street",
        "amenity": "place_of_worship",
        "building": "yes",
        "name": "Jalalabad Jamay Masjid",
        "ref:GB:uprn": "422000122457",
        "religion": "muslim",
        "@geometry": "center"
      },
      "geometry": {
        "type": "Point",
        "coordinates": [
          -2.1030212,
          53.5369709
        ]
      },
      "id": "way/1334871948"
    },
    {
      "type": "Feature",
      "properties": {
        "@id": "way/1335352747",
        "amenity": "place_of_worship",
        "building": "yes",
        "religion": "muslim",
        "@geometry": "center"
      },
      "geometry": {
        "type": "Point",
        "coordinates": [
          -0.1702428,
          51.4676522
        ]
      },
      "id": "way/1335352747"
    },
    {
      "type": "Feature",
      "properties": {
        "@id": "way/1336972845",
        "addr:city": "Oldham",
        "addr:housename": "Greengate Jamia Mosque",
        "addr:housenumber": "88",
        "addr:postcode": "OL4 1DH",
        "addr:street": "Greengate Street",
        "amenity": "place_of_worship",
        "building": "yes",
        "denomination": "sunni",
        "email": "info@greengatejamiamasjid.co.uk",
        "name": "Greengate Jamia Mosque",
        "religion": "muslim",
        "website": "https://www.greengatejamiamasjid.co.uk/",
        "@geometry": "center"
      },
      "geometry": {
        "type": "Point",
        "coordinates": [
          -2.1018846,
          53.5390761
        ]
      },
      "id": "way/1336972845"
    },
    {
      "type": "Feature",
      "properties": {
        "@id": "way/1337477990",
        "addr:city": "London",
        "addr:housenumber": "81-83",
        "addr:postcode": "E1 4TD",
        "addr:street": "Duckett Street",
        "amenity": "place_of_worship",
        "building": "mosque",
        "check_date": "2026-02-01",
        "name": "Stepney Shahjalal Mosque & Cultural Centre",
        "religion": "muslim",
        "website": "https://stepneyshahjalalmosque.org.uk/",
        "@geometry": "center"
      },
      "geometry": {
        "type": "Point",
        "coordinates": [
          -0.0407848,
          51.5199645
        ]
      },
      "id": "way/1337477990"
    },
    {
      "type": "Feature",
      "properties": {
        "@id": "way/1340664240",
        "addr:city": "Alloa",
        "addr:housenumber": "97",
        "addr:postcode": "FK10 3RF",
        "addr:street": "Whins Road",
        "amenity": "place_of_worship",
        "building:part": "yes",
        "denomination": "sunni",
        "level": "1",
        "loc_name": "Musalla as Salaam",
        "name": "Alloa Mosque",
        "prayer_times:url": "https://fvu.org.uk/mosques/alloa-mosque/prayer-times",
        "religion": "muslim",
        "@geometry": "center"
      },
      "geometry": {
        "type": "Point",
        "coordinates": [
          -3.7817137,
          56.1200004
        ]
      },
      "id": "way/1340664240"
    },
    {
      "type": "Feature",
      "properties": {
        "@id": "way/1340804783",
        "addr:city": "Accrington",
        "addr:housenumber": "39-41",
        "addr:postcode": "BB5 0BA",
        "addr:street": "Lower Antley Street",
        "amenity": "place_of_worship",
        "building": "mosque",
        "denomination": "sunni",
        "height": "15",
        "name": "Raza Jamia Masjid",
        "opening_hours": "24/7",
        "operator": "Raza Jamia Masjid and Islamic Centre",
        "prayer_times:url": "https://razajamiamasjid.co.uk/prayer-times/",
        "ref:GB-EAW:charity": "1171018",
        "religion": "muslim",
        "rite": "hanafi",
        "website": "https://razajamiamasjid.co.uk/",
        "@geometry": "center"
      },
      "geometry": {
        "type": "Point",
        "coordinates": [
          -2.3794833,
          53.7518031
        ]
      },
      "id": "way/1340804783"
    },
    {
      "type": "Feature",
      "properties": {
        "@id": "way/1342980638",
        "addr:city": "Oldham",
        "addr:housenumber": "33-37",
        "addr:postcode": "OL8 1SD",
        "addr:street": "Stuart Street",
        "amenity": "place_of_worship",
        "building": "yes",
        "denomination": "sunni",
        "email": "info@shahjalalmasjid.org",
        "name": "Shahjalal Mosque & Islamic Centre",
        "religion": "muslim",
        "website": "https://shahjalalmasjid.org/",
        "@geometry": "center"
      },
      "geometry": {
        "type": "Point",
        "coordinates": [
          -2.1212795,
          53.5342362
        ]
      },
      "id": "way/1342980638"
    },
    {
      "type": "Feature",
      "properties": {
        "@id": "way/1344399615",
        "addr:city": "Oldham",
        "addr:housename": "Masjid-Ul-Asqa and Islamic Centre",
        "addr:housenumber": "135",
        "addr:postcode": "OL8 1RG",
        "addr:street": "Windsor Road",
        "amenity": "place_of_worship",
        "building": "yes",
        "denomination": "sunni",
        "name": "Masjid-Ul-Asqa and Islamic Centre",
        "ref:GB:uprn": "422000093122",
        "religion": "muslim",
        "@geometry": "center"
      },
      "geometry": {
        "type": "Point",
        "coordinates": [
          -2.1237381,
          53.5324904
        ]
      },
      "id": "way/1344399615"
    },
    {
      "type": "Feature",
      "properties": {
        "@id": "way/1345246427",
        "addr:city": "Blackburn",
        "addr:housenumber": "89",
        "addr:postcode": "BB1 7LE",
        "addr:street": "Wimberley Street",
        "amenity": "place_of_worship",
        "building": "mosque",
        "denomination": "sunni",
        "name": "Makki Masjid",
        "religion": "muslim",
        "website": "http://makkimasjidblackburn.co.uk/",
        "@geometry": "center"
      },
      "geometry": {
        "type": "Point",
        "coordinates": [
          -2.4839911,
          53.755118
        ]
      },
      "id": "way/1345246427"
    },
    {
      "type": "Feature",
      "properties": {
        "@id": "way/1345246428",
        "addr:city": "Blackburn",
        "addr:housenumber": "22-36",
        "addr:postcode": "BB1 7NB",
        "addr:street": "Whalley Street",
        "amenity": "place_of_worship",
        "building": "mosque",
        "check_date": "2024-01-23",
        "denomination": "sunni",
        "name": "Masjid Al-Hidayah",
        "religion": "muslim",
        "@geometry": "center"
      },
      "geometry": {
        "type": "Point",
        "coordinates": [
          -2.480688,
          53.7551145
        ]
      },
      "id": "way/1345246428"
    },
    {
      "type": "Feature",
      "properties": {
        "@id": "way/1345246430",
        "addr:city": "Blackburn",
        "addr:housenumber": "31",
        "addr:postcode": "BB1 7EY",
        "addr:street": "Bicknell Street",
        "amenity": "place_of_worship",
        "building": "mosque",
        "building:levels": "4",
        "denomination": "sunni",
        "name": "Masjid Tauheedul Islam",
        "operator": "MASJID E TAUHEEDUL ISLAM",
        "prayer_times:url": "https://www.masjidetauheedulislam.com/salaah-timetables/",
        "ref:GB-EAW:charity": "700817",
        "religion": "muslim",
        "subdenomination": "deobandi",
        "website": "https://www.masjidetauheedulislam.com/",
        "@geometry": "center"
      },
      "geometry": {
        "type": "Point",
        "coordinates": [
          -2.4854696,
          53.7533006
        ]
      },
      "id": "way/1345246430"
    },
    {
      "type": "Feature",
      "properties": {
        "@id": "way/1346504128",
        "addr:postcode": "BB2 1HW",
        "amenity": "place_of_worship",
        "building": "mosque",
        "ref:GB:uprn": "10096073106",
        "religion": "muslim",
        "source:addr:postcode": "ONSUD;OS Open UPRN",
        "@geometry": "center"
      },
      "geometry": {
        "type": "Point",
        "coordinates": [
          -2.4985019,
          53.7495615
        ]
      },
      "id": "way/1346504128"
    },
    {
      "type": "Feature",
      "properties": {
        "@id": "way/1347769137",
        "amenity": "place_of_worship",
        "building": "yes",
        "listed_status": "Grade II",
        "name": "Hamad Bin Khalifa Islamic Centre",
        "old_name": "Tabernacle Congregational Chapel",
        "ref:cadw": "12823",
        "religion": "muslim",
        "wikidata": "Q29491025",
        "@geometry": "center"
      },
      "geometry": {
        "type": "Point",
        "coordinates": [
          -5.0311413,
          51.7122954
        ]
      },
      "id": "way/1347769137"
    },
    {
      "type": "Feature",
      "properties": {
        "@id": "way/1350348226",
        "amenity": "place_of_worship",
        "building": "yes",
        "name": "Muhammadi Masjid",
        "religion": "muslim",
        "@geometry": "center"
      },
      "geometry": {
        "type": "Point",
        "coordinates": [
          -1.7647004,
          53.8033889
        ]
      },
      "id": "way/1350348226"
    },
    {
      "type": "Feature",
      "properties": {
        "@id": "way/1350351051",
        "amenity": "place_of_worship",
        "building": "mosque",
        "name": "Muhammadi Masjid",
        "religion": "muslim",
        "source": "survey",
        "@geometry": "center"
      },
      "geometry": {
        "type": "Point",
        "coordinates": [
          -1.9087619,
          53.8732242
        ]
      },
      "id": "way/1350351051"
    },
    {
      "type": "Feature",
      "properties": {
        "@id": "way/1350357402",
        "amenity": "place_of_worship",
        "building": "yes",
        "name": "Imam Yusuf Motala Academy",
        "religion": "muslim",
        "source": "OS_OpenData_StreetView",
        "@geometry": "center"
      },
      "geometry": {
        "type": "Point",
        "coordinates": [
          -1.7325515,
          53.810246
        ]
      },
      "id": "way/1350357402"
    },
    {
      "type": "Feature",
      "properties": {
        "@id": "way/1350390864",
        "amenity": "place_of_worship",
        "building": "yes",
        "name": "Masjid As-Sunnah",
        "religion": "muslim",
        "@geometry": "center"
      },
      "geometry": {
        "type": "Point",
        "coordinates": [
          -1.7837658,
          53.7811584
        ]
      },
      "id": "way/1350390864"
    },
    {
      "type": "Feature",
      "properties": {
        "@id": "way/1350701215",
        "addr:city": "Worcester",
        "addr:postcode": "WR1 1NQ",
        "amenity": "place_of_worship",
        "building": "yes",
        "name": "Turkish Community Centre",
        "religion": "muslim",
        "source:name": "www.muslimsinbritain.org",
        "@geometry": "center"
      },
      "geometry": {
        "type": "Point",
        "coordinates": [
          -2.2191995,
          52.1972923
        ]
      },
      "id": "way/1350701215"
    },
    {
      "type": "Feature",
      "properties": {
        "@id": "way/1350706539",
        "addr:city": "Worcester",
        "addr:postcode": "WR5 1BW",
        "amenity": "place_of_worship",
        "building": "yes",
        "name": "Jalalabad Muslim Association",
        "religion": "muslim",
        "source:name": "www.muslimsinbritain.org",
        "@geometry": "center"
      },
      "geometry": {
        "type": "Point",
        "coordinates": [
          -2.2127482,
          52.1913183
        ]
      },
      "id": "way/1350706539"
    },
    {
      "type": "Feature",
      "properties": {
        "@id": "way/1350707723",
        "addr:city": "Wyre Forest",
        "addr:postcode": "DY10 2ES",
        "amenity": "place_of_worship",
        "building": "yes",
        "name": "Kidderminster Madani Masjid",
        "religion": "muslim",
        "source:name": "www.muslimsinbritain.org",
        "@geometry": "center"
      },
      "geometry": {
        "type": "Point",
        "coordinates": [
          -2.2458973,
          52.3919465
        ]
      },
      "id": "way/1350707723"
    },
    {
      "type": "Feature",
      "properties": {
        "@id": "way/1352899761",
        "addr:city": "St. Leonards-On-Sea",
        "addr:housenumber": "12",
        "addr:postcode": "TN38 0EB",
        "addr:street": "Mercatoria",
        "amenity": "place_of_worship",
        "building": "yes",
        "name": "Hastings Mosque",
        "ref:GB:uprn": "10002503098;100060047855",
        "religion": "muslim",
        "source": "OS_OpenData_StreetView",
        "@geometry": "center"
      },
      "geometry": {
        "type": "Point",
        "coordinates": [
          0.5574806,
          50.8522177
        ]
      },
      "id": "way/1352899761"
    },
    {
      "type": "Feature",
      "properties": {
        "@id": "way/1356769144",
        "addr:city": "Dundee",
        "addr:housenumber": "96A",
        "addr:street": "Victoria Road",
        "alt_name": "Jamia Masjid Tajdar-e-Madina",
        "amenity": "place_of_worship",
        "building": "mosque",
        "denomination": "sunni",
        "name": "Tayside Islamic Centre",
        "ref:GB:uprn": "9059075925",
        "religion": "muslim",
        "source": "microsoft/BuildingFootprints",
        "website": "https://taysideislamiccentre.com/",
        "@geometry": "center"
      },
      "geometry": {
        "type": "Point",
        "coordinates": [
          -2.9658471,
          56.4665148
        ]
      },
      "id": "way/1356769144"
    },
    {
      "type": "Feature",
      "properties": {
        "@id": "way/1357536031",
        "addr:city": "Brighton",
        "addr:housenumber": "150",
        "addr:postcode": "BN1 5PA",
        "addr:street": "Dyke Road",
        "alt_name": "Brighton Mosque & Muslim Community Centre",
        "amenity": "place_of_worship",
        "building": "church",
        "denomination": "sunni",
        "name": "Al Quds Mosque",
        "ref:GB:uprn": "22248050;22052024;22248967",
        "religion": "muslim",
        "url": "brightonmosque.com",
        "@geometry": "center"
      },
      "geometry": {
        "type": "Point",
        "coordinates": [
          -0.150579,
          50.8347257
        ]
      },
      "id": "way/1357536031"
    },
    {
      "type": "Feature",
      "properties": {
        "@id": "way/1359922541",
        "amenity": "place_of_worship",
        "building": "mosque",
        "name": "Netherton Islamic Trust Masjid",
        "religion": "muslim",
        "@geometry": "center"
      },
      "geometry": {
        "type": "Point",
        "coordinates": [
          -2.0860544,
          52.4955019
        ]
      },
      "id": "way/1359922541"
    },
    {
      "type": "Feature",
      "properties": {
        "@id": "way/1360465610",
        "addr:city": "Arbroath",
        "addr:housenumber": "57",
        "addr:postcode": "DD11 5AT",
        "addr:street": "Hayshead Road",
        "amenity": "place_of_worship",
        "building": "yes",
        "name": "Arbroath Islamic Community Centre",
        "religion": "muslim",
        "website": "https://arbroathicc.com/",
        "@geometry": "center"
      },
      "geometry": {
        "type": "Point",
        "coordinates": [
          -2.5794288,
          56.5668682
        ]
      },
      "id": "way/1360465610"
    },
    {
      "type": "Feature",
      "properties": {
        "@id": "way/1361292936",
        "addr:city": "Leicester",
        "addr:housenumber": "20",
        "addr:postcode": "LE2 8QU",
        "addr:street": "Hallaton Street",
        "amenity": "place_of_worship",
        "building": "yes",
        "name": "Masjid E Abdullah ibn Mas'ud",
        "operator": "Saffron Community Trust",
        "religion": "muslim",
        "@geometry": "center"
      },
      "geometry": {
        "type": "Point",
        "coordinates": [
          -1.1398945,
          52.6039378
        ]
      },
      "id": "way/1361292936"
    },
    {
      "type": "Feature",
      "properties": {
        "@id": "way/1362305144",
        "addr:city": "Huddersfield",
        "addr:postcode": "HD1 3UL",
        "amenity": "place_of_worship",
        "building": "church",
        "listed_status": "Grade II",
        "name": "Hanfia Masjid",
        "old_name": "Lockwood Methodist Church",
        "ref:GB:uprn": "83246257;83045369",
        "religion": "muslim",
        "wikidata": "Q26600209",
        "@geometry": "center"
      },
      "geometry": {
        "type": "Point",
        "coordinates": [
          -1.7975881,
          53.6324882
        ]
      },
      "id": "way/1362305144"
    },
    {
      "type": "Feature",
      "properties": {
        "@id": "way/1362710451",
        "amenity": "place_of_worship",
        "building": "church",
        "listed_status": "Grade II",
        "name": "AICP Sunniyy Centre",
        "religion": "muslim",
        "wikidata": "Q26426902",
        "@geometry": "center"
      },
      "geometry": {
        "type": "Point",
        "coordinates": [
          -1.8748287,
          53.7215736
        ]
      },
      "id": "way/1362710451"
    },
    {
      "type": "Feature",
      "properties": {
        "@id": "way/1376076212",
        "addr:city": "Oldham",
        "addr:housenumber": "12",
        "addr:postcode": "OL8 1QB",
        "addr:street": "Copster Hill Road",
        "amenity": "place_of_worship",
        "building": "yes",
        "denomination": "sunni",
        "name": "Jamia Mohl-Ul-Islam Siddiquia",
        "ref:GB:uprn": "422000081580",
        "religion": "muslim",
        "@geometry": "center"
      },
      "geometry": {
        "type": "Point",
        "coordinates": [
          -2.1147001,
          53.5316037
        ]
      },
      "id": "way/1376076212"
    },
    {
      "type": "Feature",
      "properties": {
        "@id": "way/1376570591",
        "amenity": "place_of_worship",
        "building": "yes",
        "place_of_worship": "musalla",
        "religion": "muslim",
        "@geometry": "center"
      },
      "geometry": {
        "type": "Point",
        "coordinates": [
          0.0027499,
          51.6583298
        ]
      },
      "id": "way/1376570591"
    },
    {
      "type": "Feature",
      "properties": {
        "@id": "way/1376764669",
        "addr:city": "Oldham",
        "addr:housenumber": "226-230",
        "addr:postcode": "OL9 6TR",
        "addr:street": "Maygate",
        "amenity": "place_of_worship",
        "building": "yes",
        "denomination": "sunni",
        "name": "Oldham Madani Academy",
        "phone": "+44 161 698 4389",
        "religion": "muslim",
        "website": "https://oldhammadaniacademy.org.uk/",
        "@geometry": "center"
      },
      "geometry": {
        "type": "Point",
        "coordinates": [
          -2.1266058,
          53.5488542
        ]
      },
      "id": "way/1376764669"
    },
    {
      "type": "Feature",
      "properties": {
        "@id": "way/1377746709",
        "amenity": "place_of_worship",
        "building": "yes",
        "name": "Al-Ikhlas Centre",
        "religion": "muslim",
        "@geometry": "center"
      },
      "geometry": {
        "type": "Point",
        "coordinates": [
          -3.1547532,
          51.4880585
        ]
      },
      "id": "way/1377746709"
    },
    {
      "type": "Feature",
      "properties": {
        "@id": "way/1385062490",
        "addr:city": "Oldham",
        "addr:housename": "Al-Madina Jamia Masjid",
        "addr:housenumber": "230-240",
        "addr:postcode": "OL4 1ES",
        "addr:street": "Waterloo Street",
        "amenity": "place_of_worship",
        "building": "yes",
        "denomination": "sunni",
        "email": "info@almadinajamia.co.uk",
        "name": "Al-Madina Islamic Educational and Cultural Centre",
        "religion": "muslim",
        "website": "https://almadinajamia.co.uk/",
        "@geometry": "center"
      },
      "geometry": {
        "type": "Point",
        "coordinates": [
          -2.1007167,
          53.535932
        ]
      },
      "id": "way/1385062490"
    },
    {
      "type": "Feature",
      "properties": {
        "@id": "way/1385062493",
        "addr:city": "Oldham",
        "addr:housename": "Al-Madina Jamia Masjid",
        "addr:housenumber": "230-240",
        "addr:postcode": "OL4 1ES",
        "addr:street": "Waterloo Street",
        "amenity": "place_of_worship",
        "building": "yes",
        "denomination": "sunni",
        "email": "info@almadinajamia.co.uk",
        "name": "Al-Madina Jamia Masjid",
        "ref:GB:uprn": "422000075847",
        "religion": "muslim",
        "website": "https://almadinajamia.co.uk/",
        "@geometry": "center"
      },
      "geometry": {
        "type": "Point",
        "coordinates": [
          -2.1005195,
          53.5361037
        ]
      },
      "id": "way/1385062493"
    },
    {
      "type": "Feature",
      "properties": {
        "@id": "way/1389924569",
        "addr:city": "Oldham",
        "addr:housename": "Madina Masjid & Islamic Centre",
        "addr:housenumber": "29",
        "addr:postcode": "OL1 2HA",
        "addr:street": "Stansfield Street",
        "amenity": "place_of_worship",
        "building": "yes",
        "denomination": "sunni",
        "email": "info@mmic.org.uk",
        "name": "Madina Masjid & Islamic Centre",
        "phone": "+447818 172855",
        "religion": "muslim",
        "website": "https://mmic.org.uk/",
        "@geometry": "center"
      },
      "geometry": {
        "type": "Point",
        "coordinates": [
          -2.121817,
          53.5496006
        ]
      },
      "id": "way/1389924569"
    },
    {
      "type": "Feature",
      "properties": {
        "@id": "way/1392876648",
        "amenity": "place_of_worship",
        "building": "mosque",
        "name": "Stevenage Muslim Community Centre and Mosque",
        "religion": "muslim",
        "@geometry": "center"
      },
      "geometry": {
        "type": "Point",
        "coordinates": [
          -0.1816636,
          51.9159596
        ]
      },
      "id": "way/1392876648"
    },
    {
      "type": "Feature",
      "properties": {
        "@id": "way/1394014589",
        "addr:city": "Bedford",
        "addr:housenumber": "5",
        "addr:postcode": "MK42 9AX",
        "addr:street": "Melbourne Street",
        "amenity": "place_of_worship",
        "building": "yes",
        "contact:email": "haramaineducationcentre@gmail.com",
        "contact:phone": "+44 7877 720156",
        "name": "Al-Haramain Mosque and Education Centre",
        "religion": "muslim",
        "@geometry": "center"
      },
      "geometry": {
        "type": "Point",
        "coordinates": [
          -0.4673969,
          52.1303149
        ]
      },
      "id": "way/1394014589"
    },
    {
      "type": "Feature",
      "properties": {
        "@id": "way/1408163404",
        "addr:city": "Oldham",
        "addr:housename": "Nusratul Islam Masjid",
        "addr:postcode": "OL4 1AL",
        "addr:street": "Pitt Street",
        "amenity": "place_of_worship",
        "building": "yes",
        "denomination": "sunni",
        "name": "Nusratul Islam Masjid",
        "religion": "muslim",
        "website": "https://nusratulislam.org/",
        "@geometry": "center"
      },
      "geometry": {
        "type": "Point",
        "coordinates": [
          -2.0982384,
          53.5364402
        ]
      },
      "id": "way/1408163404"
    },
    {
      "type": "Feature",
      "properties": {
        "@id": "way/1409291874",
        "addr:city": "Brentwood",
        "addr:housename": "Brentwood Mosque",
        "addr:postcode": "CM14 5HA",
        "addr:street": "Warley Hill",
        "air_conditioning": "no",
        "amenity": "place_of_worship",
        "check_date": "2026-08-01",
        "denomination": "muslim",
        "description": "Mosque on Warley Hill. Charity no.1196314. Formerly a Methodist Church.",
        "email": "brentwoodmosque@gmail.com",
        "mobile": "+44 7989 587144",
        "name": "Brentwood Mosque",
        "religion": "muslim",
        "website": "https://free-4413453.webador.co.uk/",
        "wheelchair": "limited",
        "@geometry": "center"
      },
      "geometry": {
        "type": "Point",
        "coordinates": [
          0.299258,
          51.6125884
        ]
      },
      "id": "way/1409291874"
    },
    {
      "type": "Feature",
      "properties": {
        "@id": "way/1410333620",
        "addr:city": "Middlesbrough",
        "addr:housename": "Masjid Maryam",
        "addr:postcode": "TS5 7RX",
        "addr:street": "Green Lane",
        "amenity": "place_of_worship",
        "building": "yes",
        "name": "Masjid Maryam",
        "religion": "muslim",
        "@geometry": "center"
      },
      "geometry": {
        "type": "Point",
        "coordinates": [
          -1.249208,
          54.5516213
        ]
      },
      "id": "way/1410333620"
    },
    {
      "type": "Feature",
      "properties": {
        "@id": "way/1410334295",
        "addr:city": "Midlesbrough",
        "addr:housename": "Jamia Masjid Al-Madina",
        "addr:housenumber": "133a",
        "addr:postcode": "TS1 3JB",
        "addr:street": "Waterloo Road",
        "amenity": "place_of_worship",
        "building": "yes",
        "name": "Jamia Masjid Al-Madina",
        "religion": "muslim",
        "@geometry": "center"
      },
      "geometry": {
        "type": "Point",
        "coordinates": [
          -1.2310964,
          54.5683004
        ]
      },
      "id": "way/1410334295"
    },
    {
      "type": "Feature",
      "properties": {
        "@id": "way/1411026609",
        "addr:city": "Wolverhampton",
        "addr:housenumber": "1A",
        "addr:postcode": "WV2 3HL",
        "addr:street": "Wanderers Avenue",
        "amenity": "place_of_worship",
        "building": "house",
        "name": "Jamia Masjid Faridia",
        "religion": "muslim",
        "@geometry": "center"
      },
      "geometry": {
        "type": "Point",
        "coordinates": [
          -2.1244156,
          52.5682559
        ]
      },
      "id": "way/1411026609"
    },
    {
      "type": "Feature",
      "properties": {
        "@id": "way/1411039789",
        "addr:city": "London",
        "addr:housenumber": "19",
        "addr:postcode": "E1W 3NW",
        "addr:street": "Prusom Street",
        "amenity": "place_of_worship",
        "contact:email": "wnmccmail@gmail.com",
        "contact:phone": "+44 20 3154 9847",
        "contact:website": "https://linktr.ee/wnmcc",
        "name": "Wapping Noorani Masjid & Cultural Centre",
        "ref:GB:uprn": "6010412",
        "religion": "muslim",
        "@geometry": "center"
      },
      "geometry": {
        "type": "Point",
        "coordinates": [
          -0.0565512,
          51.506173
        ]
      },
      "id": "way/1411039789"
    },
    {
      "type": "Feature",
      "properties": {
        "@id": "way/1411127924",
        "addr:city": "Oldham",
        "addr:housename": "Jamia Masjid Azmat E Islam",
        "addr:housenumber": "79-85",
        "addr:postcode": "OL4 1BL",
        "addr:street": "Retford Street",
        "amenity": "place_of_worship",
        "building": "yes",
        "denomination": "sunni",
        "name": "Jamia Masjid Azmat E Islam",
        "religion": "muslim",
        "@geometry": "center"
      },
      "geometry": {
        "type": "Point",
        "coordinates": [
          -2.096724,
          53.5374257
        ]
      },
      "id": "way/1411127924"
    },
    {
      "type": "Feature",
      "properties": {
        "@id": "way/1413120285",
        "addr:city": "Oldham",
        "addr:housename": "Madinatul Ilm",
        "addr:housenumber": "24",
        "addr:postcode": "OL4 1BN",
        "addr:street": "Nugget Street",
        "amenity": "place_of_worship",
        "building": "yes",
        "name": "Madinatul Ilm",
        "religion": "muslim",
        "website": "https://madinatulilm.co.uk/",
        "@geometry": "center"
      },
      "geometry": {
        "type": "Point",
        "coordinates": [
          -2.0965524,
          53.5386961
        ]
      },
      "id": "way/1413120285"
    },
    {
      "type": "Feature",
      "properties": {
        "@id": "way/1418181216",
        "addr:housename": "Farley House",
        "addr:housenumber": "76",
        "addr:street": "Vicarage Road",
        "amenity": "place_of_worship",
        "building": "yes",
        "building:levels": "2",
        "check_date": "2025-07-28",
        "denomination": "sufi",
        "name": "Hazrat Sultan Bahu Trust Sandwell (Langley Masjid)",
        "phone": "+44 7971 628457",
        "religion": "muslim",
        "short_name": "HSBTS Langley Masjid",
        "website": "https://www.facebook.com/hsbtsandwell.langley.7/",
        "@geometry": "center"
      },
      "geometry": {
        "type": "Point",
        "coordinates": [
          -2.0008858,
          52.4914363
        ]
      },
      "id": "way/1418181216"
    },
    {
      "type": "Feature",
      "properties": {
        "@id": "way/1418472716",
        "addr:city": "Oldham",
        "addr:housenumber": "20",
        "addr:postcode": "OL8 1PL",
        "addr:street": "Villa Road",
        "amenity": "place_of_worship",
        "building": "yes",
        "denomination": "sunni",
        "name": "Markazi Jamia Masjid Mohra Sharif",
        "religion": "muslim",
        "source": "code-point_open;aerial imagery",
        "@geometry": "center"
      },
      "geometry": {
        "type": "Point",
        "coordinates": [
          -2.1110369,
          53.5294559
        ]
      },
      "id": "way/1418472716"
    },
    {
      "type": "Feature",
      "properties": {
        "@id": "way/1422739884",
        "amenity": "place_of_worship",
        "building": "yes",
        "religion": "muslim",
        "@geometry": "center"
      },
      "geometry": {
        "type": "Point",
        "coordinates": [
          -0.7009217,
          51.6130996
        ]
      },
      "id": "way/1422739884"
    },
    {
      "type": "Feature",
      "properties": {
        "@id": "way/1423301250",
        "addr:city": "Oldham",
        "addr:housenumber": "209-211",
        "addr:postcode": "OL9 6RP",
        "addr:street": "Garforth Street",
        "addr:suburb": "Chadderton",
        "amenity": "place_of_worship",
        "building": "yes",
        "email": "shahparanmasjid@outlook.com",
        "name": "Shahparan Chadderton Central Mosque",
        "religion": "muslim",
        "website": "https://www.chaddertonshahporan.co.uk/",
        "@geometry": "center"
      },
      "geometry": {
        "type": "Point",
        "coordinates": [
          -2.1332469,
          53.5500883
        ]
      },
      "id": "way/1423301250"
    },
    {
      "type": "Feature",
      "properties": {
        "@id": "way/1424831627",
        "amenity": "place_of_worship",
        "building": "yes",
        "name": "Elland Masjid",
        "religion": "muslim",
        "@geometry": "center"
      },
      "geometry": {
        "type": "Point",
        "coordinates": [
          -1.8383537,
          53.6828192
        ]
      },
      "id": "way/1424831627"
    },
    {
      "type": "Feature",
      "properties": {
        "@id": "way/1424832658",
        "amenity": "place_of_worship",
        "building": "yes",
        "name": "Jamia Masjid Abu Bakr Siddique",
        "religion": "muslim",
        "@geometry": "center"
      },
      "geometry": {
        "type": "Point",
        "coordinates": [
          -1.6259792,
          53.6936262
        ]
      },
      "id": "way/1424832658"
    },
    {
      "type": "Feature",
      "properties": {
        "@id": "way/1427533500",
        "addr:city": "Bury St Edmunds",
        "addr:housename": "Vineyard Centre",
        "addr:housenumber": "15a",
        "addr:postcode": "IP33 3NZ",
        "addr:street": "Out Westgate",
        "amenity": "place_of_worship",
        "building": "yes",
        "denomination": "sunni",
        "female": "yes",
        "note": "name unclear. their website calls it Bury Masjid",
        "operator": "Bury St Edmunds Islamic Cultural Organisation",
        "ref:GB-EAW:charity": "1158903",
        "ref:GB-EAW:company": "08892469",
        "religion": "muslim",
        "website": "https://bico.onesuffolk.net/",
        "@geometry": "center"
      },
      "geometry": {
        "type": "Point",
        "coordinates": [
          0.7109725,
          52.2405436
        ]
      },
      "id": "way/1427533500"
    },
    {
      "type": "Feature",
      "properties": {
        "@id": "way/1427924937",
        "amenity": "place_of_worship",
        "building": "yes",
        "denomination": "sunni",
        "name": "Jamia Masjid",
        "religion": "muslim",
        "@geometry": "center"
      },
      "geometry": {
        "type": "Point",
        "coordinates": [
          -1.7598515,
          53.7896322
        ]
      },
      "id": "way/1427924937"
    },
    {
      "type": "Feature",
      "properties": {
        "@id": "way/1427924940",
        "amenity": "place_of_worship",
        "building": "yes",
        "name": "Astana Aliya Naqeebiya",
        "religion": "muslim",
        "@geometry": "center"
      },
      "geometry": {
        "type": "Point",
        "coordinates": [
          -1.7630584,
          53.7899929
        ]
      },
      "id": "way/1427924940"
    },
    {
      "type": "Feature",
      "properties": {
        "@id": "way/1427926301",
        "amenity": "place_of_worship",
        "building": "yes",
        "denomination": "sunni",
        "name": "Masjid Nimrah",
        "religion": "muslim",
        "@geometry": "center"
      },
      "geometry": {
        "type": "Point",
        "coordinates": [
          -1.7602908,
          53.8003375
        ]
      },
      "id": "way/1427926301"
    },
    {
      "type": "Feature",
      "properties": {
        "@id": "way/1427927050",
        "amenity": "place_of_worship",
        "building": "yes",
        "denomination": "sunni",
        "name": "Shahjalal Masjid",
        "religion": "muslim",
        "@geometry": "center"
      },
      "geometry": {
        "type": "Point",
        "coordinates": [
          -1.7587534,
          53.7865435
        ]
      },
      "id": "way/1427927050"
    },
    {
      "type": "Feature",
      "properties": {
        "@id": "way/1427928069",
        "amenity": "place_of_worship",
        "building": "yes",
        "denomination": "sunni",
        "name": "Madinatul Uloom",
        "religion": "muslim",
        "@geometry": "center"
      },
      "geometry": {
        "type": "Point",
        "coordinates": [
          -1.7584001,
          53.8009828
        ]
      },
      "id": "way/1427928069"
    },
    {
      "type": "Feature",
      "properties": {
        "@id": "way/1427928687",
        "amenity": "place_of_worship",
        "building": "yes",
        "name": "Jamia Masjid Faizan E Attar",
        "religion": "muslim",
        "@geometry": "center"
      },
      "geometry": {
        "type": "Point",
        "coordinates": [
          -1.7416721,
          53.7949802
        ]
      },
      "id": "way/1427928687"
    },
    {
      "type": "Feature",
      "properties": {
        "@id": "way/1427929404",
        "amenity": "place_of_worship",
        "building": "mosque",
        "denomination": "sunni",
        "name": "Tawakkulia Jamia Masjid & Islamia Madrasa",
        "religion": "muslim",
        "@geometry": "center"
      },
      "geometry": {
        "type": "Point",
        "coordinates": [
          -1.7581395,
          53.8025748
        ]
      },
      "id": "way/1427929404"
    },
    {
      "type": "Feature",
      "properties": {
        "@id": "way/1427930289",
        "amenity": "place_of_worship",
        "building": "yes",
        "denomination": "sunni",
        "name": "Masjid Nusrat Ul Islam",
        "religion": "muslim",
        "@geometry": "center"
      },
      "geometry": {
        "type": "Point",
        "coordinates": [
          -1.770764,
          53.7944319
        ]
      },
      "id": "way/1427930289"
    },
    {
      "type": "Feature",
      "properties": {
        "@id": "way/1427931837",
        "amenity": "place_of_worship",
        "building": "mosque",
        "name": "Central Jamia Mosque",
        "religion": "muslim",
        "source": "OS_OpenData_StreetView",
        "@geometry": "center"
      },
      "geometry": {
        "type": "Point",
        "coordinates": [
          -1.767021,
          53.8040553
        ]
      },
      "id": "way/1427931837"
    },
    {
      "type": "Feature",
      "properties": {
        "@id": "way/1427933348",
        "amenity": "place_of_worship",
        "building": "yes",
        "denomination": "sunni",
        "name": "Ghausia Mehria",
        "religion": "muslim",
        "@geometry": "center"
      },
      "geometry": {
        "type": "Point",
        "coordinates": [
          -1.7300581,
          53.7924235
        ]
      },
      "id": "way/1427933348"
    },
    {
      "type": "Feature",
      "properties": {
        "@id": "way/1427934049",
        "amenity": "place_of_worship",
        "building": "yes",
        "name": "Ghausia Chistia",
        "religion": "muslim",
        "@geometry": "center"
      },
      "geometry": {
        "type": "Point",
        "coordinates": [
          -1.7398016,
          53.8031595
        ]
      },
      "id": "way/1427934049"
    },
    {
      "type": "Feature",
      "properties": {
        "@id": "way/1427934326",
        "amenity": "place_of_worship",
        "building": "yes",
        "denomination": "sunni",
        "name": "Jamia Muhammadiyah Qadriyah",
        "religion": "muslim",
        "@geometry": "center"
      },
      "geometry": {
        "type": "Point",
        "coordinates": [
          -1.7430758,
          53.8028655
        ]
      },
      "id": "way/1427934326"
    },
    {
      "type": "Feature",
      "properties": {
        "@id": "way/1427935497",
        "amenity": "place_of_worship",
        "building": "yes",
        "denomination": "sunni",
        "name": "Masjid Noorul Islam",
        "religion": "muslim",
        "@geometry": "center"
      },
      "geometry": {
        "type": "Point",
        "coordinates": [
          -1.7753039,
          53.7885283
        ]
      },
      "id": "way/1427935497"
    },
    {
      "type": "Feature",
      "properties": {
        "@id": "way/1427935977",
        "amenity": "place_of_worship",
        "building": "yes",
        "denomination": "sunni",
        "name": "Jamiyat Tabligh-ul-Islam Mosque",
        "religion": "muslim",
        "@geometry": "center"
      },
      "geometry": {
        "type": "Point",
        "coordinates": [
          -1.7350695,
          53.7945389
        ]
      },
      "id": "way/1427935977"
    },
    {
      "type": "Feature",
      "properties": {
        "@id": "way/1427937267",
        "amenity": "place_of_worship",
        "building": "mosque",
        "name": "Tabligh-ul-Islam Mosque",
        "religion": "muslim",
        "@geometry": "center"
      },
      "geometry": {
        "type": "Point",
        "coordinates": [
          -1.7896471,
          53.7879502
        ]
      },
      "id": "way/1427937267"
    },
    {
      "type": "Feature",
      "properties": {
        "@id": "way/1427937760",
        "amenity": "place_of_worship",
        "building": "yes",
        "name": "Al Huda Masjid",
        "religion": "muslim",
        "@geometry": "center"
      },
      "geometry": {
        "type": "Point",
        "coordinates": [
          -1.7778444,
          53.7911255
        ]
      },
      "id": "way/1427937760"
    },
    {
      "type": "Feature",
      "properties": {
        "@id": "way/1427939016",
        "amenity": "place_of_worship",
        "building": "yes",
        "denomination": "sunni",
        "name": "Jamia Masjid Milat E Islamia",
        "religion": "muslim",
        "@geometry": "center"
      },
      "geometry": {
        "type": "Point",
        "coordinates": [
          -1.7761002,
          53.7864277
        ]
      },
      "id": "way/1427939016"
    },
    {
      "type": "Feature",
      "properties": {
        "@id": "way/1427939518",
        "amenity": "place_of_worship",
        "building": "yes",
        "name": "UKIM Byron Masjid",
        "religion": "muslim",
        "@geometry": "center"
      },
      "geometry": {
        "type": "Point",
        "coordinates": [
          -1.732355,
          53.7983972
        ]
      },
      "id": "way/1427939518"
    },
    {
      "type": "Feature",
      "properties": {
        "@id": "way/1427940252",
        "amenity": "place_of_worship",
        "building": "yes",
        "denomination": "sunni",
        "name": "Masjid-E-Quba",
        "religion": "muslim",
        "@geometry": "center"
      },
      "geometry": {
        "type": "Point",
        "coordinates": [
          -1.7678779,
          53.8070124
        ]
      },
      "id": "way/1427940252"
    },
    {
      "type": "Feature",
      "properties": {
        "@id": "way/1427941270",
        "amenity": "place_of_worship",
        "building": "yes",
        "denomination": "sunni",
        "name": "Masjid Bilal",
        "religion": "muslim",
        "@geometry": "center"
      },
      "geometry": {
        "type": "Point",
        "coordinates": [
          -1.7726764,
          53.8027333
        ]
      },
      "id": "way/1427941270"
    },
    {
      "type": "Feature",
      "properties": {
        "@id": "way/1427941928",
        "amenity": "place_of_worship",
        "building": "yes",
        "denomination": "sunni",
        "name": "Jamia Abu Hanifa Mosque",
        "religion": "muslim",
        "@geometry": "center"
      },
      "geometry": {
        "type": "Point",
        "coordinates": [
          -1.7353098,
          53.8025624
        ]
      },
      "id": "way/1427941928"
    },
    {
      "type": "Feature",
      "properties": {
        "@id": "way/1427942513",
        "amenity": "place_of_worship",
        "building": "yes",
        "name": "Al Mahadul Islami",
        "religion": "muslim",
        "@geometry": "center"
      },
      "geometry": {
        "type": "Point",
        "coordinates": [
          -1.7649443,
          53.7786174
        ]
      },
      "id": "way/1427942513"
    },
    {
      "type": "Feature",
      "properties": {
        "@id": "way/1427945170",
        "amenity": "place_of_worship",
        "building": "yes",
        "denomination": "sunni",
        "name": "Madni Masjid",
        "religion": "muslim",
        "@geometry": "center"
      },
      "geometry": {
        "type": "Point",
        "coordinates": [
          -1.7562058,
          53.777481
        ]
      },
      "id": "way/1427945170"
    },
    {
      "type": "Feature",
      "properties": {
        "@id": "way/1427945603",
        "amenity": "place_of_worship",
        "building": "yes",
        "name": "Jamiyat Tabligh-ul-Islam Mosque",
        "religion": "muslim",
        "@geometry": "center"
      },
      "geometry": {
        "type": "Point",
        "coordinates": [
          -1.7355978,
          53.7824816
        ]
      },
      "id": "way/1427945603"
    },
    {
      "type": "Feature",
      "properties": {
        "@id": "way/1427946983",
        "amenity": "place_of_worship",
        "building": "yes",
        "name": "Jamia Mosque Tabbligh-Ul-Islam",
        "religion": "muslim",
        "@geometry": "center"
      },
      "geometry": {
        "type": "Point",
        "coordinates": [
          -1.7588934,
          53.7767951
        ]
      },
      "id": "way/1427946983"
    },
    {
      "type": "Feature",
      "properties": {
        "@id": "way/1427947400",
        "amenity": "place_of_worship",
        "building": "yes",
        "name": "Jamiya Masjid Tabligh-Ul-Islam",
        "religion": "muslim",
        "@geometry": "center"
      },
      "geometry": {
        "type": "Point",
        "coordinates": [
          -1.7632804,
          53.7768352
        ]
      },
      "id": "way/1427947400"
    },
    {
      "type": "Feature",
      "properties": {
        "@id": "way/1427948155",
        "amenity": "place_of_worship",
        "building": "yes",
        "name": "Al-Hira Islamic Markaz",
        "religion": "muslim",
        "@geometry": "center"
      },
      "geometry": {
        "type": "Point",
        "coordinates": [
          -1.7616006,
          53.7756731
        ]
      },
      "id": "way/1427948155"
    },
    {
      "type": "Feature",
      "properties": {
        "@id": "way/1427949377",
        "amenity": "place_of_worship",
        "building": "yes",
        "denomination": "sunni",
        "name": "Sultan Bahu Masjid",
        "religion": "muslim",
        "@geometry": "center"
      },
      "geometry": {
        "type": "Point",
        "coordinates": [
          -1.781126,
          53.7815034
        ]
      },
      "id": "way/1427949377"
    },
    {
      "type": "Feature",
      "properties": {
        "@id": "way/1427951297",
        "amenity": "place_of_worship",
        "building": "yes",
        "name": "Masjid-E-Umar",
        "religion": "muslim",
        "@geometry": "center"
      },
      "geometry": {
        "type": "Point",
        "coordinates": [
          -1.7857901,
          53.8021969
        ]
      },
      "id": "way/1427951297"
    },
    {
      "type": "Feature",
      "properties": {
        "@id": "way/1427951300",
        "amenity": "place_of_worship",
        "building": "yes",
        "name": "Girlington Muslim Welfare Association",
        "religion": "muslim",
        "@geometry": "center"
      },
      "geometry": {
        "type": "Point",
        "coordinates": [
          -1.7856867,
          53.8018552
        ]
      },
      "id": "way/1427951300"
    },
    {
      "type": "Feature",
      "properties": {
        "@id": "way/1427953407",
        "amenity": "place_of_worship",
        "building": "yes",
        "name": "Masjid Umar",
        "religion": "muslim",
        "@geometry": "center"
      },
      "geometry": {
        "type": "Point",
        "coordinates": [
          -1.7727233,
          53.776398
        ]
      },
      "id": "way/1427953407"
    },
    {
      "type": "Feature",
      "properties": {
        "@id": "way/1427953952",
        "amenity": "place_of_worship",
        "building": "yes",
        "denomination": "sunni",
        "name": "Jamiyat Tabligh-Ul-Islam Mosque",
        "religion": "muslim",
        "@geometry": "center"
      },
      "geometry": {
        "type": "Point",
        "coordinates": [
          -1.7845001,
          53.8055406
        ]
      },
      "id": "way/1427953952"
    },
    {
      "type": "Feature",
      "properties": {
        "@id": "way/1427954643",
        "amenity": "place_of_worship",
        "building": "yes",
        "denomination": "sunni",
        "name": "Mazhar E-Islam Ghousia",
        "religion": "muslim",
        "@geometry": "center"
      },
      "geometry": {
        "type": "Point",
        "coordinates": [
          -1.7821412,
          53.7789283
        ]
      },
      "id": "way/1427954643"
    },
    {
      "type": "Feature",
      "properties": {
        "@id": "way/1427955247",
        "amenity": "place_of_worship",
        "building": "mosque",
        "name": "Umm ul Qura Islamic Centre",
        "old_name": "Laisterdyke Trinity Church",
        "religion": "muslim",
        "@geometry": "center"
      },
      "geometry": {
        "type": "Point",
        "coordinates": [
          -1.7200302,
          53.7932749
        ]
      },
      "id": "way/1427955247"
    },
    {
      "type": "Feature",
      "properties": {
        "@id": "way/1427955749",
        "amenity": "place_of_worship",
        "building": "yes",
        "name": "Madrassah Misbahul Uloom",
        "religion": "muslim",
        "@geometry": "center"
      },
      "geometry": {
        "type": "Point",
        "coordinates": [
          -1.7792972,
          53.810721
        ]
      },
      "id": "way/1427955749"
    },
    {
      "type": "Feature",
      "properties": {
        "@id": "way/1427956647",
        "amenity": "place_of_worship",
        "building": "yes",
        "name": "Islamic Center Auradey Naziria",
        "religion": "muslim",
        "@geometry": "center"
      },
      "geometry": {
        "type": "Point",
        "coordinates": [
          -1.7887209,
          53.805266
        ]
      },
      "id": "way/1427956647"
    },
    {
      "type": "Feature",
      "properties": {
        "@id": "way/1427957582",
        "amenity": "place_of_worship",
        "building": "yes",
        "name": "Iqra Masjid",
        "religion": "muslim",
        "@geometry": "center"
      },
      "geometry": {
        "type": "Point",
        "coordinates": [
          -1.7480635,
          53.8175818
        ]
      },
      "id": "way/1427957582"
    },
    {
      "type": "Feature",
      "properties": {
        "@id": "way/1427959338",
        "addr:housenumber": "117",
        "addr:street": "Fagley Road",
        "amenity": "place_of_worship",
        "building": "yes",
        "name": "Sayyidah Aminah Jamia Masjid",
        "religion": "muslim",
        "@geometry": "center"
      },
      "geometry": {
        "type": "Point",
        "coordinates": [
          -1.7211991,
          53.8069686
        ]
      },
      "id": "way/1427959338"
    },
    {
      "type": "Feature",
      "properties": {
        "@id": "way/1427960305",
        "amenity": "place_of_worship",
        "building": "yes",
        "name": "Jamia Usmania Mosque",
        "religion": "muslim",
        "@geometry": "center"
      },
      "geometry": {
        "type": "Point",
        "coordinates": [
          -1.7830712,
          53.8127878
        ]
      },
      "id": "way/1427960305"
    },
    {
      "type": "Feature",
      "properties": {
        "@id": "way/1427962112",
        "amenity": "place_of_worship",
        "building": "yes",
        "name": "Noor-ul-Islam Mosque",
        "religion": "muslim",
        "@geometry": "center"
      },
      "geometry": {
        "type": "Point",
        "coordinates": [
          -1.7186089,
          53.8058851
        ]
      },
      "id": "way/1427962112"
    },
    {
      "type": "Feature",
      "properties": {
        "@id": "way/1427962505",
        "amenity": "place_of_worship",
        "building": "yes",
        "name": "Masjid Ibraheem Education Center",
        "religion": "muslim",
        "@geometry": "center"
      },
      "geometry": {
        "type": "Point",
        "coordinates": [
          -1.7106631,
          53.796136
        ]
      },
      "id": "way/1427962505"
    },
    {
      "type": "Feature",
      "properties": {
        "@id": "way/1427963258",
        "addr:postcode": "BD18 3AB",
        "amenity": "place_of_worship",
        "building": "yes",
        "name": "Shipley Masjid",
        "old_name": "Frizinghall United Reform Church",
        "ref:GB:uprn": "200004707559",
        "religion": "muslim",
        "source:addr:postcode": "ONSUD;OS Open UPRN",
        "@geometry": "center"
      },
      "geometry": {
        "type": "Point",
        "coordinates": [
          -1.7747427,
          53.8209018
        ]
      },
      "id": "way/1427963258"
    },
    {
      "type": "Feature",
      "properties": {
        "@id": "way/1427963260",
        "amenity": "place_of_worship",
        "building": "yes",
        "name": "Jamiyat Tabligh-Ul-Islam Mosque",
        "religion": "muslim",
        "@geometry": "center"
      },
      "geometry": {
        "type": "Point",
        "coordinates": [
          -1.7727683,
          53.8211632
        ]
      },
      "id": "way/1427963260"
    },
    {
      "type": "Feature",
      "properties": {
        "@id": "way/1427963792",
        "amenity": "place_of_worship",
        "building": "yes",
        "name": "Masjid-At-Taqwa",
        "religion": "muslim",
        "@geometry": "center"
      },
      "geometry": {
        "type": "Point",
        "coordinates": [
          -1.7955779,
          53.7753435
        ]
      },
      "id": "way/1427963792"
    },
    {
      "type": "Feature",
      "properties": {
        "@id": "way/1427964243",
        "amenity": "place_of_worship",
        "building": "yes",
        "name": "Jamia Masjid Shan-E-Islam",
        "religion": "muslim",
        "@geometry": "center"
      },
      "geometry": {
        "type": "Point",
        "coordinates": [
          -1.7741589,
          53.8219326
        ]
      },
      "id": "way/1427964243"
    },
    {
      "type": "Feature",
      "properties": {
        "@id": "way/1427964864",
        "addr:postcode": "BD6 3ET",
        "amenity": "place_of_worship",
        "building": "yes",
        "name": "Faizan E Raza Masjid",
        "ref:GB:uprn": "100051952644",
        "religion": "muslim",
        "source:addr:postcode": "ONSUD;OS Open UPRN",
        "@geometry": "center"
      },
      "geometry": {
        "type": "Point",
        "coordinates": [
          -1.7880954,
          53.7684805
        ]
      },
      "id": "way/1427964864"
    },
    {
      "type": "Feature",
      "properties": {
        "@id": "way/1427965916",
        "addr:postcode": "BD18 1JY",
        "amenity": "place_of_worship",
        "building": "yes",
        "name": "Masjid Ayesha",
        "ref:GB:uprn": "200004700621",
        "religion": "muslim",
        "source:addr:postcode": "ONSUD;OS Open UPRN",
        "@geometry": "center"
      },
      "geometry": {
        "type": "Point",
        "coordinates": [
          -1.7544797,
          53.8285757
        ]
      },
      "id": "way/1427965916"
    },
    {
      "type": "Feature",
      "properties": {
        "@id": "way/1427966469",
        "amenity": "place_of_worship",
        "building": "yes",
        "name": "Hussain Islamic Academy",
        "religion": "muslim",
        "@geometry": "center"
      },
      "geometry": {
        "type": "Point",
        "coordinates": [
          -1.8158608,
          53.8024142
        ]
      },
      "id": "way/1427966469"
    },
    {
      "type": "Feature",
      "properties": {
        "@id": "way/1427976307",
        "amenity": "place_of_worship",
        "building": "yes",
        "name": "Al Abrar Academy Masjid",
        "religion": "muslim",
        "@geometry": "center"
      },
      "geometry": {
        "type": "Point",
        "coordinates": [
          -1.7425492,
          53.7976664
        ]
      },
      "id": "way/1427976307"
    },
    {
      "type": "Feature",
      "properties": {
        "@id": "way/1427979147",
        "amenity": "place_of_worship",
        "building": "yes",
        "name": "Masjid Noor",
        "religion": "muslim",
        "@geometry": "center"
      },
      "geometry": {
        "type": "Point",
        "coordinates": [
          -1.7836213,
          53.8059722
        ]
      },
      "id": "way/1427979147"
    },
    {
      "type": "Feature",
      "properties": {
        "@id": "way/1427986932",
        "amenity": "place_of_worship",
        "building": "yes",
        "name": "Al Hikmah",
        "religion": "muslim",
        "@geometry": "center"
      },
      "geometry": {
        "type": "Point",
        "coordinates": [
          -1.7366977,
          53.7971934
        ]
      },
      "id": "way/1427986932"
    },
    {
      "type": "Feature",
      "properties": {
        "@id": "way/1427987487",
        "amenity": "place_of_worship",
        "building": "yes",
        "name": "Bayt Al Qaim Centre",
        "religion": "muslim",
        "@geometry": "center"
      },
      "geometry": {
        "type": "Point",
        "coordinates": [
          -1.7457254,
          53.8113712
        ]
      },
      "id": "way/1427987487"
    },
    {
      "type": "Feature",
      "properties": {
        "@id": "way/1427988086",
        "amenity": "place_of_worship",
        "building": "yes",
        "name": "Jamia Masjid Naqshbandia Aslamia",
        "religion": "muslim",
        "@geometry": "center"
      },
      "geometry": {
        "type": "Point",
        "coordinates": [
          -1.776534,
          53.8023881
        ]
      },
      "id": "way/1427988086"
    },
    {
      "type": "Feature",
      "properties": {
        "@id": "way/1427988383",
        "amenity": "place_of_worship",
        "building": "yes",
        "name": "Anjuman e Haideria",
        "religion": "muslim",
        "@geometry": "center"
      },
      "geometry": {
        "type": "Point",
        "coordinates": [
          -1.7710913,
          53.8081771
        ]
      },
      "id": "way/1427988383"
    },
    {
      "type": "Feature",
      "properties": {
        "@id": "way/1427992646",
        "amenity": "place_of_worship",
        "building": "yes",
        "name": "Masjid E Hamza",
        "religion": "muslim",
        "@geometry": "center"
      },
      "geometry": {
        "type": "Point",
        "coordinates": [
          -1.7620645,
          53.8093892
        ]
      },
      "id": "way/1427992646"
    },
    {
      "type": "Feature",
      "properties": {
        "@id": "way/1427994568",
        "amenity": "place_of_worship",
        "building": "yes",
        "name": "Mohiuddin Institute",
        "religion": "muslim",
        "@geometry": "center"
      },
      "geometry": {
        "type": "Point",
        "coordinates": [
          -1.7625684,
          53.8013222
        ]
      },
      "id": "way/1427994568"
    },
    {
      "type": "Feature",
      "properties": {
        "@id": "way/1427996263",
        "amenity": "place_of_worship",
        "building": "yes",
        "name": "Jaamiah Khatamur Rabiyeen",
        "religion": "muslim",
        "@geometry": "center"
      },
      "geometry": {
        "type": "Point",
        "coordinates": [
          -1.7583239,
          53.8007785
        ]
      },
      "id": "way/1427996263"
    },
    {
      "type": "Feature",
      "properties": {
        "@id": "way/1427999075",
        "amenity": "place_of_worship",
        "building": "yes",
        "name": "Sufat-ul-Islam Association",
        "religion": "muslim",
        "@geometry": "center"
      },
      "geometry": {
        "type": "Point",
        "coordinates": [
          -1.7629113,
          53.7957501
        ]
      },
      "id": "way/1427999075"
    },
    {
      "type": "Feature",
      "properties": {
        "@id": "way/1428000084",
        "amenity": "place_of_worship",
        "building": "yes",
        "name": "Bradford Islamic Centre",
        "religion": "muslim",
        "@geometry": "center"
      },
      "geometry": {
        "type": "Point",
        "coordinates": [
          -1.7639256,
          53.80508
        ]
      },
      "id": "way/1428000084"
    },
    {
      "type": "Feature",
      "properties": {
        "@id": "way/1428000520",
        "amenity": "place_of_worship",
        "building": "yes",
        "name": "Madrasah Abdullah Bin Masood",
        "religion": "muslim",
        "@geometry": "center"
      },
      "geometry": {
        "type": "Point",
        "coordinates": [
          -1.7733024,
          53.819748
        ]
      },
      "id": "way/1428000520"
    },
    {
      "type": "Feature",
      "properties": {
        "@id": "way/1428002130",
        "amenity": "place_of_worship",
        "building": "yes",
        "name": "Faizan e Makkah Masjid",
        "old_name": "Trinity Methodist Church",
        "religion": "muslim",
        "@geometry": "center"
      },
      "geometry": {
        "type": "Point",
        "coordinates": [
          -1.7816099,
          53.8072328
        ]
      },
      "id": "way/1428002130"
    },
    {
      "type": "Feature",
      "properties": {
        "@id": "way/1428003026",
        "amenity": "place_of_worship",
        "building": "yes",
        "name": "Jalalabad Islamic Association",
        "religion": "muslim",
        "@geometry": "center"
      },
      "geometry": {
        "type": "Point",
        "coordinates": [
          -1.7335211,
          53.7973585
        ]
      },
      "id": "way/1428003026"
    },
    {
      "type": "Feature",
      "properties": {
        "@id": "way/1428004387",
        "amenity": "place_of_worship",
        "building": "yes",
        "name": "Jamia Muhammadia",
        "religion": "muslim",
        "@geometry": "center"
      },
      "geometry": {
        "type": "Point",
        "coordinates": [
          -1.7227531,
          53.7947531
        ]
      },
      "id": "way/1428004387"
    },
    {
      "type": "Feature",
      "properties": {
        "@id": "way/1428006162",
        "amenity": "place_of_worship",
        "building": "yes",
        "name": "Madrassah Jamiah Farooqiah",
        "religion": "muslim",
        "@geometry": "center"
      },
      "geometry": {
        "type": "Point",
        "coordinates": [
          -1.7222733,
          53.7979567
        ]
      },
      "id": "way/1428006162"
    },
    {
      "type": "Feature",
      "properties": {
        "@id": "way/1428006768",
        "amenity": "place_of_worship",
        "building": "yes",
        "name": "Jamia Islamia Rizvia Mosque",
        "religion": "muslim",
        "@geometry": "center"
      },
      "geometry": {
        "type": "Point",
        "coordinates": [
          -1.7781456,
          53.7768141
        ]
      },
      "id": "way/1428006768"
    },
    {
      "type": "Feature",
      "properties": {
        "@id": "way/1428008826",
        "amenity": "place_of_worship",
        "building": "yes",
        "name": "Hussainia Islamic Mission",
        "religion": "muslim",
        "@geometry": "center"
      },
      "geometry": {
        "type": "Point",
        "coordinates": [
          -1.7718471,
          53.7854203
        ]
      },
      "id": "way/1428008826"
    },
    {
      "type": "Feature",
      "properties": {
        "@id": "way/1428010800",
        "amenity": "place_of_worship",
        "building": "yes",
        "name": "Madrasah Baitul Ilm",
        "religion": "muslim",
        "@geometry": "center"
      },
      "geometry": {
        "type": "Point",
        "coordinates": [
          -1.7371148,
          53.7863093
        ]
      },
      "id": "way/1428010800"
    },
    {
      "type": "Feature",
      "properties": {
        "@id": "way/1428016018",
        "addr:city": "Hull",
        "addr:postcode": "HU5 2TD",
        "amenity": "place_of_worship",
        "building": "yes",
        "name": "Jame Masjid",
        "ref:GB:uprn": "21130188;21073238",
        "religion": "muslim",
        "@geometry": "center"
      },
      "geometry": {
        "type": "Point",
        "coordinates": [
          -0.3534991,
          53.7576243
        ]
      },
      "id": "way/1428016018"
    },
    {
      "type": "Feature",
      "properties": {
        "@id": "way/1428017467",
        "addr:city": "Hull",
        "addr:postcode": "HU3 3EJ",
        "amenity": "place_of_worship",
        "building": "yes",
        "name": "Al-Salam Mosque",
        "ref:GB:uprn": "21015034",
        "religion": "muslim",
        "@geometry": "center"
      },
      "geometry": {
        "type": "Point",
        "coordinates": [
          -0.3647303,
          53.7386313
        ]
      },
      "id": "way/1428017467"
    },
    {
      "type": "Feature",
      "properties": {
        "@id": "way/1428017757",
        "addr:city": "Hull",
        "addr:postcode": "HU3 1PR",
        "amenity": "place_of_worship",
        "building": "yes",
        "name": "Hull Mosque",
        "ref:GB:uprn": "10008638272",
        "religion": "muslim",
        "@geometry": "center"
      },
      "geometry": {
        "type": "Point",
        "coordinates": [
          -0.3540279,
          53.7539826
        ]
      },
      "id": "way/1428017757"
    },
    {
      "type": "Feature",
      "properties": {
        "@id": "way/1428020923",
        "amenity": "place_of_worship",
        "building": "yes",
        "name": "Scarborough Islamic Centre",
        "religion": "muslim",
        "@geometry": "center"
      },
      "geometry": {
        "type": "Point",
        "coordinates": [
          -0.4105207,
          54.2790564
        ]
      },
      "id": "way/1428020923"
    },
    {
      "type": "Feature",
      "properties": {
        "@id": "way/1428046678",
        "amenity": "place_of_worship",
        "building": "yes",
        "name": "Al-Mustafa Centre",
        "religion": "muslim",
        "@geometry": "center"
      },
      "geometry": {
        "type": "Point",
        "coordinates": [
          -1.2542496,
          54.5704059
        ]
      },
      "id": "way/1428046678"
    },
    {
      "type": "Feature",
      "properties": {
        "@id": "way/1428063744",
        "amenity": "place_of_worship",
        "building": "yes",
        "name": "Masjid-E-Ali Ibn Abu Talib",
        "religion": "muslim",
        "@geometry": "center"
      },
      "geometry": {
        "type": "Point",
        "coordinates": [
          -1.2384483,
          54.5679856
        ]
      },
      "id": "way/1428063744"
    },
    {
      "type": "Feature",
      "properties": {
        "@id": "way/1428064757",
        "amenity": "place_of_worship",
        "building": "yes",
        "name": "Masjid-E-Nomira",
        "religion": "muslim",
        "@geometry": "center"
      },
      "geometry": {
        "type": "Point",
        "coordinates": [
          -1.1786937,
          54.5796256
        ]
      },
      "id": "way/1428064757"
    },
    {
      "type": "Feature",
      "properties": {
        "@id": "way/1428065359",
        "addr:postcode": "TS1 4BT",
        "amenity": "place_of_worship",
        "building": "yes",
        "name": "Madrisa Zia-Ul-Quran",
        "ref:GB:uprn": "100110775217",
        "religion": "muslim",
        "source:addr:postcode": "ONSUD;OS Open UPRN",
        "@geometry": "center"
      },
      "geometry": {
        "type": "Point",
        "coordinates": [
          -1.2431122,
          54.5704899
        ]
      },
      "id": "way/1428065359"
    },
    {
      "type": "Feature",
      "properties": {
        "@id": "way/1428078010",
        "amenity": "place_of_worship",
        "building": "yes",
        "name": "South Bank Mosque",
        "religion": "muslim",
        "@geometry": "center"
      },
      "geometry": {
        "type": "Point",
        "coordinates": [
          -1.1738156,
          54.5782657
        ]
      },
      "id": "way/1428078010"
    },
    {
      "type": "Feature",
      "properties": {
        "@id": "way/1428078740",
        "amenity": "place_of_worship",
        "building": "yes",
        "name": "Jamia Sulthainia Mosque",
        "religion": "muslim",
        "@geometry": "center"
      },
      "geometry": {
        "type": "Point",
        "coordinates": [
          -1.1154094,
          53.5153529
        ]
      },
      "id": "way/1428078740"
    },
    {
      "type": "Feature",
      "properties": {
        "@id": "way/1428079574",
        "addr:city": "Sheffield",
        "addr:postcode": "S5 6HB",
        "addr:street": "Bevercotes Road",
        "amenity": "place_of_worship",
        "building": "yes",
        "name": "Firth Park Mosque",
        "ref:GB:uprn": "10013649659",
        "religion": "muslim",
        "@geometry": "center"
      },
      "geometry": {
        "type": "Point",
        "coordinates": [
          -1.4457267,
          53.4188001
        ]
      },
      "id": "way/1428079574"
    },
    {
      "type": "Feature",
      "properties": {
        "@id": "way/1428083335",
        "amenity": "place_of_worship",
        "building": "yes",
        "name": "Masjid Uthman",
        "religion": "muslim",
        "@geometry": "center"
      },
      "geometry": {
        "type": "Point",
        "coordinates": [
          -1.345997,
          53.437908
        ]
      },
      "id": "way/1428083335"
    },
    {
      "type": "Feature",
      "properties": {
        "@id": "way/1428083674",
        "amenity": "place_of_worship",
        "building": "yes",
        "name": "Masjid Al-Salam",
        "religion": "muslim",
        "@geometry": "center"
      },
      "geometry": {
        "type": "Point",
        "coordinates": [
          -1.3423839,
          53.4399152
        ]
      },
      "id": "way/1428083674"
    },
    {
      "type": "Feature",
      "properties": {
        "@id": "way/1428084687",
        "addr:city": "Rotherham",
        "addr:postcode": "S61 1BH",
        "amenity": "place_of_worship",
        "building": "yes",
        "name": "Ferham Islamic Cultural Centre",
        "ref:GB:uprn": "100050844146",
        "religion": "muslim",
        "@geometry": "center"
      },
      "geometry": {
        "type": "Point",
        "coordinates": [
          -1.3769281,
          53.4279782
        ]
      },
      "id": "way/1428084687"
    },
    {
      "type": "Feature",
      "properties": {
        "@id": "way/1428085353",
        "amenity": "place_of_worship",
        "building": "yes",
        "name": "Al-Shafeey Centre",
        "religion": "muslim",
        "@geometry": "center"
      },
      "geometry": {
        "type": "Point",
        "coordinates": [
          -1.4193465,
          53.3881722
        ]
      },
      "id": "way/1428085353"
    },
    {
      "type": "Feature",
      "properties": {
        "@id": "way/1428095110",
        "amenity": "place_of_worship",
        "building": "yes",
        "name": "Madni Jamia Masjid",
        "religion": "muslim",
        "@geometry": "center"
      },
      "geometry": {
        "type": "Point",
        "coordinates": [
          -1.4360122,
          53.407304
        ]
      },
      "id": "way/1428095110"
    },
    {
      "type": "Feature",
      "properties": {
        "@id": "way/1428096005",
        "amenity": "place_of_worship",
        "building": "yes",
        "name": "Masjid Sunnah",
        "religion": "muslim",
        "@geometry": "center"
      },
      "geometry": {
        "type": "Point",
        "coordinates": [
          -1.4550386,
          53.3924737
        ]
      },
      "id": "way/1428096005"
    },
    {
      "type": "Feature",
      "properties": {
        "@id": "way/1428096874",
        "amenity": "place_of_worship",
        "building": "yes",
        "name": "Masjid Noor",
        "religion": "muslim",
        "@geometry": "center"
      },
      "geometry": {
        "type": "Point",
        "coordinates": [
          -1.4609683,
          53.4037334
        ]
      },
      "id": "way/1428096874"
    },
    {
      "type": "Feature",
      "properties": {
        "@id": "way/1428101848",
        "amenity": "place_of_worship",
        "building": "yes",
        "name": "At-Taqwa Centre",
        "religion": "muslim",
        "@geometry": "center"
      },
      "geometry": {
        "type": "Point",
        "coordinates": [
          -1.4608077,
          53.3926012
        ]
      },
      "id": "way/1428101848"
    },
    {
      "type": "Feature",
      "properties": {
        "@id": "way/1428103874",
        "addr:postcode": "BD21 1HZ",
        "amenity": "place_of_worship",
        "building": "yes",
        "name": "Al-Amin Masjid",
        "ref:GB:uprn": "200004710845",
        "religion": "muslim",
        "source:addr:postcode": "ONSUD;OS Open UPRN",
        "@geometry": "center"
      },
      "geometry": {
        "type": "Point",
        "coordinates": [
          -1.9152328,
          53.86174
        ]
      },
      "id": "way/1428103874"
    },
    {
      "type": "Feature",
      "properties": {
        "@id": "way/1428110812",
        "amenity": "place_of_worship",
        "building": "yes",
        "name": "Makki Masjid",
        "religion": "muslim",
        "@geometry": "center"
      },
      "geometry": {
        "type": "Point",
        "coordinates": [
          -1.5688405,
          53.8084295
        ]
      },
      "id": "way/1428110812"
    },
    {
      "type": "Feature",
      "properties": {
        "@id": "way/1428112289",
        "amenity": "place_of_worship",
        "building": "yes",
        "name": "Al Jamia Al Zahra",
        "religion": "muslim",
        "@geometry": "center"
      },
      "geometry": {
        "type": "Point",
        "coordinates": [
          -1.8756168,
          53.7219829
        ]
      },
      "id": "way/1428112289"
    },
    {
      "type": "Feature",
      "properties": {
        "@id": "way/1428114531",
        "amenity": "place_of_worship",
        "building": "yes",
        "name": "Jeelaaniyy Building",
        "religion": "muslim",
        "@geometry": "center"
      },
      "geometry": {
        "type": "Point",
        "coordinates": [
          -1.874847,
          53.7220512
        ]
      },
      "id": "way/1428114531"
    },
    {
      "type": "Feature",
      "properties": {
        "@id": "way/1428114774",
        "amenity": "place_of_worship",
        "building": "yes",
        "name": "Pakistan Muslim Welfare Society",
        "religion": "muslim",
        "@geometry": "center"
      },
      "geometry": {
        "type": "Point",
        "coordinates": [
          -1.6293312,
          53.7107419
        ]
      },
      "id": "way/1428114774"
    },
    {
      "type": "Feature",
      "properties": {
        "@id": "way/1428115925",
        "amenity": "place_of_worship",
        "building": "yes",
        "name": "Jamia Masjid Ghausia",
        "religion": "muslim",
        "@geometry": "center"
      },
      "geometry": {
        "type": "Point",
        "coordinates": [
          -1.7916461,
          53.6372667
        ]
      },
      "id": "way/1428115925"
    },
    {
      "type": "Feature",
      "properties": {
        "@id": "way/1428118600",
        "amenity": "place_of_worship",
        "building": "yes",
        "name": "Madresah Taleemudeen",
        "religion": "muslim",
        "@geometry": "center"
      },
      "geometry": {
        "type": "Point",
        "coordinates": [
          -1.630844,
          53.7032523
        ]
      },
      "id": "way/1428118600"
    },
    {
      "type": "Feature",
      "properties": {
        "@id": "way/1428120309",
        "amenity": "place_of_worship",
        "building": "yes",
        "name": "Islam Dewsbury",
        "religion": "muslim",
        "@geometry": "center"
      },
      "geometry": {
        "type": "Point",
        "coordinates": [
          -1.6488243,
          53.6824628
        ]
      },
      "id": "way/1428120309"
    },
    {
      "type": "Feature",
      "properties": {
        "@id": "way/1428120638",
        "amenity": "place_of_worship",
        "building": "yes",
        "name": "Raza Education Centre",
        "religion": "muslim",
        "@geometry": "center"
      },
      "geometry": {
        "type": "Point",
        "coordinates": [
          -1.6396573,
          53.6715088
        ]
      },
      "id": "way/1428120638"
    },
    {
      "type": "Feature",
      "properties": {
        "@id": "way/1428121451",
        "amenity": "place_of_worship",
        "building": "yes",
        "name": "Masjid E Noor",
        "religion": "muslim",
        "@geometry": "center"
      },
      "geometry": {
        "type": "Point",
        "coordinates": [
          -1.6378888,
          53.6716402
        ]
      },
      "id": "way/1428121451"
    },
    {
      "type": "Feature",
      "properties": {
        "@id": "way/1428128529",
        "amenity": "place_of_worship",
        "building": "yes",
        "name": "Ummah Masjid",
        "religion": "muslim",
        "@geometry": "center"
      },
      "geometry": {
        "type": "Point",
        "coordinates": [
          -1.6333131,
          53.7124204
        ]
      },
      "id": "way/1428128529"
    },
    {
      "type": "Feature",
      "properties": {
        "@id": "way/1428138413",
        "amenity": "place_of_worship",
        "building": "yes",
        "name": "Masjid Bilal",
        "religion": "muslim",
        "@geometry": "center"
      },
      "geometry": {
        "type": "Point",
        "coordinates": [
          -1.6301884,
          53.6730496
        ]
      },
      "id": "way/1428138413"
    },
    {
      "type": "Feature",
      "properties": {
        "@id": "way/1428145312",
        "amenity": "place_of_worship",
        "building": "yes",
        "name": "Faizan E Madina Jamia Masjid",
        "religion": "muslim",
        "@geometry": "center"
      },
      "geometry": {
        "type": "Point",
        "coordinates": [
          -1.6539545,
          53.6877539
        ]
      },
      "id": "way/1428145312"
    },
    {
      "type": "Feature",
      "properties": {
        "@id": "way/1428146826",
        "addr:city": "Keighley",
        "addr:housename": "AlHikmah Project Keighley",
        "addr:postcode": "BD20 6ER",
        "addr:street": "Green Head Lane",
        "amenity": "place_of_worship",
        "building": "school",
        "denomination": "muslim",
        "name": "AlHikmah Project Keighley",
        "religion": "muslim",
        "website": "https://www.alhikmahproject.co.uk/",
        "@geometry": "center"
      },
      "geometry": {
        "type": "Point",
        "coordinates": [
          -1.9184515,
          53.881029
        ]
      },
      "id": "way/1428146826"
    },
    {
      "type": "Feature",
      "properties": {
        "@id": "way/1428147011",
        "amenity": "place_of_worship",
        "building": "yes",
        "name": "Masjid Usman",
        "religion": "muslim",
        "@geometry": "center"
      },
      "geometry": {
        "type": "Point",
        "coordinates": [
          -1.7894569,
          53.6465196
        ]
      },
      "id": "way/1428147011"
    },
    {
      "type": "Feature",
      "properties": {
        "@id": "way/1428153455",
        "amenity": "place_of_worship",
        "building": "yes",
        "name": "Madni Jamia Masjid",
        "religion": "muslim",
        "@geometry": "center"
      },
      "geometry": {
        "type": "Point",
        "coordinates": [
          -1.791949,
          53.6361898
        ]
      },
      "id": "way/1428153455"
    },
    {
      "type": "Feature",
      "properties": {
        "@id": "way/1428154534",
        "amenity": "place_of_worship",
        "building": "yes",
        "name": "Masjid Al Hidayah",
        "religion": "muslim",
        "@geometry": "center"
      },
      "geometry": {
        "type": "Point",
        "coordinates": [
          -1.6316073,
          53.6795245
        ]
      },
      "id": "way/1428154534"
    },
    {
      "type": "Feature",
      "properties": {
        "@id": "way/1428154903",
        "amenity": "place_of_worship",
        "building": "yes",
        "name": "Masjid Heera",
        "religion": "muslim",
        "@geometry": "center"
      },
      "geometry": {
        "type": "Point",
        "coordinates": [
          -1.6374756,
          53.6788455
        ]
      },
      "id": "way/1428154903"
    },
    {
      "type": "Feature",
      "properties": {
        "@id": "way/1428157068",
        "amenity": "place_of_worship",
        "building": "yes",
        "name": "Masjid Al-Hira",
        "religion": "muslim",
        "@geometry": "center"
      },
      "geometry": {
        "type": "Point",
        "coordinates": [
          -1.6552646,
          53.7063166
        ]
      },
      "id": "way/1428157068"
    },
    {
      "type": "Feature",
      "properties": {
        "@id": "way/1428157366",
        "amenity": "place_of_worship",
        "building": "yes",
        "name": "Madrassah Islamiyah",
        "religion": "muslim",
        "@geometry": "center"
      },
      "geometry": {
        "type": "Point",
        "coordinates": [
          -1.630561,
          53.6810431
        ]
      },
      "id": "way/1428157366"
    },
    {
      "type": "Feature",
      "properties": {
        "@id": "way/1428163708",
        "amenity": "place_of_worship",
        "building": "yes",
        "name": "Madressa-E-Zinatul Islam",
        "old_name": "Talbot Street Methodist Church",
        "religion": "muslim",
        "@geometry": "center"
      },
      "geometry": {
        "type": "Point",
        "coordinates": [
          -1.6312448,
          53.7092199
        ]
      },
      "id": "way/1428163708"
    },
    {
      "type": "Feature",
      "properties": {
        "@id": "way/1428165302",
        "amenity": "place_of_worship",
        "building": "yes",
        "name": "Makki Masjid",
        "religion": "muslim",
        "@geometry": "center"
      },
      "geometry": {
        "type": "Point",
        "coordinates": [
          -1.8784635,
          53.718884
        ]
      },
      "id": "way/1428165302"
    },
    {
      "type": "Feature",
      "properties": {
        "@id": "way/1428165477",
        "amenity": "place_of_worship",
        "building": "yes",
        "name": "Faizan e Madina",
        "religion": "muslim",
        "@geometry": "center"
      },
      "geometry": {
        "type": "Point",
        "coordinates": [
          -1.5282438,
          53.8135898
        ]
      },
      "id": "way/1428165477"
    },
    {
      "type": "Feature",
      "properties": {
        "@id": "way/1428165801",
        "addr:city": "Huddersfield",
        "addr:postcode": "HD1 6EN",
        "addr:street": "Clara Street",
        "amenity": "place_of_worship",
        "building": "yes",
        "name": "Markazi Jamia Masjid Anwar-e-Madina",
        "religion": "muslim",
        "@geometry": "center"
      },
      "geometry": {
        "type": "Point",
        "coordinates": [
          -1.7823377,
          53.6581967
        ]
      },
      "id": "way/1428165801"
    },
    {
      "type": "Feature",
      "properties": {
        "@id": "way/1428165966",
        "addr:city": "Huddersfield",
        "addr:housenumber": "62",
        "addr:postcode": "HD1 6HG",
        "addr:street": "Halifax Old Road",
        "amenity": "place_of_worship",
        "building": "yes",
        "name": "Masjid Ibrahim",
        "religion": "muslim",
        "@geometry": "center"
      },
      "geometry": {
        "type": "Point",
        "coordinates": [
          -1.7848665,
          53.658243
        ]
      },
      "id": "way/1428165966"
    },
    {
      "type": "Feature",
      "properties": {
        "@id": "way/1428165990",
        "amenity": "place_of_worship",
        "building": "yes",
        "name": "Naqshbandiyya Mujaddadiyya Aslamiy",
        "religion": "muslim",
        "@geometry": "center"
      },
      "geometry": {
        "type": "Point",
        "coordinates": [
          -1.6691973,
          53.6822761
        ]
      },
      "id": "way/1428165990"
    },
    {
      "type": "Feature",
      "properties": {
        "@id": "way/1428167680",
        "amenity": "place_of_worship",
        "building": "yes",
        "name": "Jamia Ghausia Madressa",
        "religion": "muslim",
        "@geometry": "center"
      },
      "geometry": {
        "type": "Point",
        "coordinates": [
          -1.641218,
          53.7070065
        ]
      },
      "id": "way/1428167680"
    },
    {
      "type": "Feature",
      "properties": {
        "@id": "way/1428168792",
        "amenity": "place_of_worship",
        "building": "yes",
        "name": "Abuzahra Mosque",
        "old_name": "New Jerusalem Church",
        "religion": "muslim",
        "@geometry": "center"
      },
      "geometry": {
        "type": "Point",
        "coordinates": [
          -1.9137116,
          53.867722
        ]
      },
      "id": "way/1428168792"
    },
    {
      "type": "Feature",
      "properties": {
        "@id": "way/1428168794",
        "amenity": "place_of_worship",
        "building": "yes",
        "name": "Madinah Mosque",
        "religion": "muslim",
        "@geometry": "center"
      },
      "geometry": {
        "type": "Point",
        "coordinates": [
          -1.9120332,
          53.8681284
        ]
      },
      "id": "way/1428168794"
    },
    {
      "type": "Feature",
      "properties": {
        "@id": "way/1428169342",
        "amenity": "place_of_worship",
        "building": "yes",
        "name": "Masjid Omar",
        "religion": "muslim",
        "@geometry": "center"
      },
      "geometry": {
        "type": "Point",
        "coordinates": [
          -1.7893451,
          53.658613
        ]
      },
      "id": "way/1428169342"
    },
    {
      "type": "Feature",
      "properties": {
        "@id": "way/1428169608",
        "amenity": "place_of_worship",
        "building": "yes",
        "name": "Masjid e Umar",
        "religion": "muslim",
        "@geometry": "center"
      },
      "geometry": {
        "type": "Point",
        "coordinates": [
          -1.6273661,
          53.6835579
        ]
      },
      "id": "way/1428169608"
    },
    {
      "type": "Feature",
      "properties": {
        "@id": "way/1428226160",
        "amenity": "place_of_worship",
        "building": "yes",
        "name": "Masjid Ghausia",
        "religion": "muslim",
        "@geometry": "center"
      },
      "geometry": {
        "type": "Point",
        "coordinates": [
          -1.6319166,
          53.6833937
        ]
      },
      "id": "way/1428226160"
    },
    {
      "type": "Feature",
      "properties": {
        "@id": "way/1428226747",
        "amenity": "place_of_worship",
        "building": "yes",
        "name": "Masjid Iman",
        "religion": "muslim",
        "@geometry": "center"
      },
      "geometry": {
        "type": "Point",
        "coordinates": [
          -1.790505,
          53.6494809
        ]
      },
      "id": "way/1428226747"
    },
    {
      "type": "Feature",
      "properties": {
        "@id": "way/1428227246",
        "amenity": "place_of_worship",
        "building": "yes",
        "name": "Madrasah Ghosia",
        "religion": "muslim",
        "@geometry": "center"
      },
      "geometry": {
        "type": "Point",
        "coordinates": [
          -1.8786381,
          53.7252484
        ]
      },
      "id": "way/1428227246"
    },
    {
      "type": "Feature",
      "properties": {
        "@id": "way/1428227403",
        "amenity": "place_of_worship",
        "building": "yes",
        "name": "Jamia Al Saeed",
        "religion": "muslim",
        "@geometry": "center"
      },
      "geometry": {
        "type": "Point",
        "coordinates": [
          -1.6252605,
          53.7036019
        ]
      },
      "id": "way/1428227403"
    },
    {
      "type": "Feature",
      "properties": {
        "@id": "way/1428228406",
        "amenity": "place_of_worship",
        "area": "yes",
        "building": "yes",
        "name": "Jami' Masjid Noorani",
        "religion": "muslim",
        "@geometry": "center"
      },
      "geometry": {
        "type": "Point",
        "coordinates": [
          -1.8902149,
          53.7210226
        ]
      },
      "id": "way/1428228406"
    },
    {
      "type": "Feature",
      "properties": {
        "@id": "way/1428229088",
        "amenity": "place_of_worship",
        "building": "yes",
        "name": "Masjid Quba",
        "religion": "muslim",
        "@geometry": "center"
      },
      "geometry": {
        "type": "Point",
        "coordinates": [
          -1.6233653,
          53.6707309
        ]
      },
      "id": "way/1428229088"
    },
    {
      "type": "Feature",
      "properties": {
        "@id": "way/1428229717",
        "amenity": "place_of_worship",
        "building": "yes",
        "name": "Masjid Taqwa Park Road",
        "religion": "muslim",
        "@geometry": "center"
      },
      "geometry": {
        "type": "Point",
        "coordinates": [
          -1.629865,
          53.7156157
        ]
      },
      "id": "way/1428229717"
    },
    {
      "type": "Feature",
      "properties": {
        "@id": "way/1428232090",
        "amenity": "place_of_worship",
        "building": "yes",
        "name": "Jamia Masjid Ghausia",
        "religion": "muslim",
        "@geometry": "center"
      },
      "geometry": {
        "type": "Point",
        "coordinates": [
          -1.6649771,
          53.6797905
        ]
      },
      "id": "way/1428232090"
    },
    {
      "type": "Feature",
      "properties": {
        "@id": "way/1428232940",
        "addr:postcode": "BD21 1AA",
        "amenity": "place_of_worship",
        "building": "yes",
        "name": "Al-Hidaayah Foundation",
        "ref:GB:uprn": "100052226697",
        "religion": "muslim",
        "source:addr:postcode": "ONSUD;OS Open UPRN",
        "@geometry": "center"
      },
      "geometry": {
        "type": "Point",
        "coordinates": [
          -1.9115449,
          53.8650413
        ]
      },
      "id": "way/1428232940"
    },
    {
      "type": "Feature",
      "properties": {
        "@id": "way/1428234908",
        "addr:city": "Huddersfield",
        "addr:housenumber": "35",
        "addr:postcode": "HD4 5HY",
        "addr:street": "Dryclough Road",
        "amenity": "place_of_worship",
        "building": "yes",
        "name": "The Eden Centre",
        "ref:GB:uprn": "83203092;83031588",
        "religion": "muslim",
        "@geometry": "center"
      },
      "geometry": {
        "type": "Point",
        "coordinates": [
          -1.8138351,
          53.6315695
        ]
      },
      "id": "way/1428234908"
    },
    {
      "type": "Feature",
      "properties": {
        "@id": "way/1429408349",
        "addr:city": "London",
        "addr:housenumber": "233",
        "addr:postcode": "N4 2DA",
        "addr:street": "Seven Sisters Road",
        "amenity": "place_of_worship",
        "building": "no",
        "denomination": "sunni",
        "female": "yes",
        "name": "Muslim Welfare House",
        "note": "Added roughly. Element covers whole extent of the premises afaicr (certainly to the road at the front, good guess at rear boundary within the commercial bldg that extends further back towards the NW). Includes the courtyard, hence building=no",
        "operator": "Muslim Welfare House",
        "phone": "+44 20 7263 3071",
        "prayer_times:url": "https://mwht.org.uk/prayer-time/",
        "ref:GB:charity_no": "1149833",
        "religion": "muslim",
        "source:phone": "charity register",
        "website": "https://mwht.org.uk",
        "@geometry": "center"
      },
      "geometry": {
        "type": "Point",
        "coordinates": [
          -0.1072858,
          51.5637446
        ]
      },
      "id": "way/1429408349"
    },
    {
      "type": "Feature",
      "properties": {
        "@id": "way/1436970654",
        "amenity": "place_of_worship",
        "building": "yes",
        "name": "Khanqah",
        "religion": "muslim",
        "website": "https://www.khanqahblackburn.co.uk/",
        "@geometry": "center"
      },
      "geometry": {
        "type": "Point",
        "coordinates": [
          -2.4638738,
          53.7583825
        ]
      },
      "id": "way/1436970654"
    },
    {
      "type": "Feature",
      "properties": {
        "@id": "way/1441504464",
        "addr:city": "Witney",
        "addr:housenumber": "unit 1",
        "addr:postcode": "OX28 4YH",
        "addr:street": "Cranbrook Court",
        "amenity": "place_of_worship",
        "building": "yes",
        "name": "Witney Mosque (Elsharkawy Islamic Culture Centre)",
        "religion": "muslim",
        "@geometry": "center"
      },
      "geometry": {
        "type": "Point",
        "coordinates": [
          -1.4870123,
          51.7768078
        ]
      },
      "id": "way/1441504464"
    },
    {
      "type": "Feature",
      "properties": {
        "@id": "way/1446616755",
        "addr:city": "London",
        "addr:housenumber": "17",
        "addr:postcode": "E13 8JH",
        "addr:street": "Jutland Road",
        "amenity": "place_of_worship",
        "building": "yes",
        "name": "Darul Arqam Muslim Community Centre",
        "religion": "muslim",
        "source:addr:postcode": "code-point_open",
        "@geometry": "center"
      },
      "geometry": {
        "type": "Point",
        "coordinates": [
          0.022548,
          51.5211527
        ]
      },
      "id": "way/1446616755"
    },
    {
      "type": "Feature",
      "properties": {
        "@id": "way/1448486011",
        "addr:city": "Sevenoaks",
        "addr:housename": "The Old Meeting House",
        "addr:postcode": "TN13 3LR",
        "addr:street": "St John’s Road",
        "amenity": "place_of_worship",
        "building": "yes",
        "name": "Sevenoaks Muslim Centre",
        "religion": "muslim",
        "@geometry": "center"
      },
      "geometry": {
        "type": "Point",
        "coordinates": [
          0.193646,
          51.2822867
        ]
      },
      "id": "way/1448486011"
    },
    {
      "type": "Feature",
      "properties": {
        "@id": "way/1451093989",
        "addr:city": "Southall",
        "addr:housenumber": "165-169",
        "addr:postcode": "UB1 1LR",
        "addr:street": "The Broadway",
        "amenity": "place_of_worship",
        "building": "mosque",
        "building:levels": "4",
        "name": "Abu Bakr Masjid",
        "religion": "muslim",
        "@geometry": "center"
      },
      "geometry": {
        "type": "Point",
        "coordinates": [
          -0.3838346,
          51.5120845
        ]
      },
      "id": "way/1451093989"
    },
    {
      "type": "Feature",
      "properties": {
        "@id": "way/1454307051",
        "addr:city": "Bungay",
        "addr:country": "GB",
        "addr:postcode": "NR35 2RW",
        "addr:street": "Sun Road",
        "addr:suburb": "Broome",
        "addr:village": "Broome",
        "amenity": "place_of_worship",
        "building": "mosque",
        "denomination": "sunni",
        "name": "Siddiqa Nawaz Mosque & Community Centre",
        "note": "Charity name from charity register. All other details from their website or else common knowledge",
        "operator": "Jamia Almaarif",
        "operator:type": "charity",
        "ref:GB-EAW:charity": "1186352",
        "religion": "muslim",
        "website": "https://www.jaamiaalmaarif.co.uk",
        "@geometry": "center"
      },
      "geometry": {
        "type": "Point",
        "coordinates": [
          1.4597501,
          52.4716442
        ]
      },
      "id": "way/1454307051"
    },
    {
      "type": "Feature",
      "properties": {
        "@id": "way/1455116046",
        "addr:city": "Oldham",
        "addr:housenumber": "3",
        "addr:postcode": "OL4 1BU",
        "addr:street": "Pitt Street East",
        "amenity": "place_of_worship",
        "building": "yes",
        "denomination": "sunni",
        "name": "Jamia Mosque, Dar-ul-Aloom Naqshbandia and Community Welfare Centre",
        "religion": "muslim",
        "source": "aerial imagery;code-point_open",
        "@geometry": "center"
      },
      "geometry": {
        "type": "Point",
        "coordinates": [
          -2.0951068,
          53.5359584
        ]
      },
      "id": "way/1455116046"
    },
    {
      "type": "Feature",
      "properties": {
        "@id": "way/1458250649",
        "addr:city": "Luton",
        "addr:housename": "48 Kingsway",
        "addr:postcode": "LU4 8EQ",
        "amenity": "place_of_worship",
        "building": "yes",
        "denomination": "sunni",
        "layer": "1",
        "name": "Masjid As-Sunnah",
        "religion": "muslim",
        "@geometry": "center"
      },
      "geometry": {
        "type": "Point",
        "coordinates": [
          -0.4441707,
          51.8889557
        ]
      },
      "id": "way/1458250649"
    },
    {
      "type": "Feature",
      "properties": {
        "@id": "way/1465076004",
        "addr:city": "Luton",
        "addr:postcode": "LU4 8SW",
        "amenity": "place_of_worship",
        "building": "yes",
        "denomination": "sunni",
        "name": "Bradley Rd Masjid",
        "ref:GB:uprn": "100080131318",
        "religion": "muslim",
        "@geometry": "center"
      },
      "geometry": {
        "type": "Point",
        "coordinates": [
          -0.4667771,
          51.8884946
        ]
      },
      "id": "way/1465076004"
    },
    {
      "type": "Feature",
      "properties": {
        "@id": "way/1465303679",
        "addr:city": "Luton",
        "addr:housename": "4 Sarum Rd",
        "addr:postcode": "LU3 2RA",
        "amenity": "place_of_worship",
        "name": "Masjid Bilal ... (Sunni)",
        "religion": "muslim",
        "website": "https://www.masjidbilal.uk/",
        "@geometry": "center"
      },
      "geometry": {
        "type": "Point",
        "coordinates": [
          -0.4530552,
          51.9031746
        ]
      },
      "id": "way/1465303679"
    },
    {
      "type": "Feature",
      "properties": {
        "@id": "way/1467558909",
        "addr:city": "Swindon",
        "addr:housenumber": "88",
        "addr:postcode": "SN2 8DA",
        "addr:street": "Chapel Street",
        "addr:suburb": "Gorse Hill",
        "amenity": "place_of_worship",
        "building": "yes",
        "name": "Al-Habib Islamic Centre",
        "religion": "muslim",
        "@geometry": "center"
      },
      "geometry": {
        "type": "Point",
        "coordinates": [
          -1.7744681,
          51.5716915
        ]
      },
      "id": "way/1467558909"
    },
    {
      "type": "Feature",
      "properties": {
        "@id": "way/1467908553",
        "addr:city": "Banbury",
        "addr:housenumber": "55",
        "addr:postcode": "OX16 0DH",
        "addr:street": "Park Road",
        "amenity": "place_of_worship",
        "building": "yes",
        "denomination": "sunni",
        "name": "Banbury Sheikh Bin Baaz Masjid",
        "religion": "muslim",
        "website": "https://jamiatbanbury.co.uk",
        "@geometry": "center"
      },
      "geometry": {
        "type": "Point",
        "coordinates": [
          -1.3498225,
          52.0621129
        ]
      },
      "id": "way/1467908553"
    },
    {
      "type": "Feature",
      "properties": {
        "@id": "way/1471327789",
        "amenity": "place_of_worship",
        "building": "yes",
        "denomination": "shia",
        "religion": "muslim",
        "@geometry": "center"
      },
      "geometry": {
        "type": "Point",
        "coordinates": [
          -0.3598522,
          51.586818
        ]
      },
      "id": "way/1471327789"
    },
    {
      "type": "Feature",
      "properties": {
        "@id": "way/1471327790",
        "addr:city": "Harrow",
        "addr:country": "GB",
        "addr:postcode": "HA1 4PR",
        "amenity": "place_of_worship",
        "building": "yes",
        "denomination": "shia",
        "ref:GB:uprn": "100023029001",
        "religion": "muslim",
        "source:addr:postcode": "ONSUD;OS Open UPRN",
        "@geometry": "center"
      },
      "geometry": {
        "type": "Point",
        "coordinates": [
          -0.3600282,
          51.5867505
        ]
      },
      "id": "way/1471327790"
    },
    {
      "type": "Feature",
      "properties": {
        "@id": "way/1472970039",
        "amenity": "place_of_worship",
        "building": "yes",
        "name": "Masjid Quba",
        "religion": "muslim",
        "@geometry": "center"
      },
      "geometry": {
        "type": "Point",
        "coordinates": [
          -1.6487066,
          53.7124511
        ]
      },
      "id": "way/1472970039"
    },
    {
      "type": "Feature",
      "properties": {
        "@id": "way/1472980676",
        "amenity": "place_of_worship",
        "building": "yes",
        "name": "Dawatal Islam Mosque",
        "religion": "muslim",
        "source:name": "OS Open Local Important Buildings Layer",
        "@geometry": "center"
      },
      "geometry": {
        "type": "Point",
        "coordinates": [
          -1.622378,
          53.7135787
        ]
      },
      "id": "way/1472980676"
    },
    {
      "type": "Feature",
      "properties": {
        "@id": "way/1476131268",
        "addr:city": "Luton",
        "addr:housenumber": "31",
        "addr:postcode": "LU1 5LY",
        "addr:street": "The Crossway",
        "amenity": "place_of_worship",
        "building": "yes",
        "denomination": "sunni",
        "name": "Farley Hill Jame Masjid",
        "religion": "muslim",
        "@geometry": "center"
      },
      "geometry": {
        "type": "Point",
        "coordinates": [
          -0.4289584,
          51.8712114
        ]
      },
      "id": "way/1476131268"
    },
    {
      "type": "Feature",
      "properties": {
        "@id": "way/1478870898",
        "addr:city": "Leicester",
        "addr:housenumber": "202",
        "addr:postcode": "LE5 1PL",
        "addr:street": "Sandhills Avenue",
        "addr:suburb": "Hamilton",
        "amenity": "place_of_worship",
        "building": "retail",
        "denomination": "sunni",
        "name": "Baytul Ihsaan",
        "religion": "muslim",
        "website": "https://dfhtrust.org/locations/baytul-ihsaan/",
        "@geometry": "center"
      },
      "geometry": {
        "type": "Point",
        "coordinates": [
          -1.0671408,
          52.6601833
        ]
      },
      "id": "way/1478870898"
    },
    {
      "type": "Feature",
      "properties": {
        "@id": "way/1481929611",
        "addr:city": "Welwyn Garden City",
        "addr:housenumber": "19",
        "addr:postcode": "AL7 1HG",
        "addr:street": "Martinfield",
        "amenity": "place_of_worship",
        "building": "yes",
        "denomination": "sunni",
        "name": "Welwyn Islamic Society",
        "religion": "muslim",
        "website": "https://www.welwynis.org/",
        "@geometry": "center"
      },
      "geometry": {
        "type": "Point",
        "coordinates": [
          -0.1915719,
          51.802042
        ]
      },
      "id": "way/1481929611"
    },
    {
      "type": "Feature",
      "properties": {
        "@id": "way/1483015740",
        "addr:city": "Portsmouth",
        "addr:housenumber": "300",
        "addr:postcode": "PO1 1PL",
        "addr:street": "Somers Road North",
        "amenity": "place_of_worship",
        "building": "church",
        "denomination": "sunni",
        "name": "Portsmouth Central Masjid",
        "phone": "+44 2392 865 030",
        "religion": "muslim",
        "website": "http://portsmouthcentralmasjid.com/",
        "@geometry": "center"
      },
      "geometry": {
        "type": "Point",
        "coordinates": [
          -1.0773535,
          50.7979272
        ]
      },
      "id": "way/1483015740"
    },
    {
      "type": "Feature",
      "properties": {
        "@id": "way/1483060402",
        "addr:city": "Portsmouth",
        "addr:housenumber": "111",
        "addr:postcode": "PO5 1PS",
        "addr:street": "Victoria Road North",
        "amenity": "place_of_worship",
        "building": "yes",
        "denomination": "sunni",
        "name": "Portsmouth Jami Mosque",
        "phone": "+44 2392 832541",
        "religion": "muslim",
        "website": "https://portsmouthjamimosque.org/",
        "@geometry": "center"
      },
      "geometry": {
        "type": "Point",
        "coordinates": [
          -1.0798644,
          50.7941406
        ]
      },
      "id": "way/1483060402"
    },
    {
      "type": "Feature",
      "properties": {
        "@id": "way/1483961876",
        "addr:city": "Yeovil",
        "addr:housenumber": "79",
        "addr:postcode": "BA21 4HE",
        "addr:street": "Sherborne Road",
        "amenity": "place_of_worship",
        "building": "yes",
        "denomination": "sunni",
        "name": "Yeovil Islamic Centre",
        "phone": "+441935 412 685",
        "religion": "muslim",
        "website": "https://yeovilislamiccentre.org.uk",
        "@geometry": "center"
      },
      "geometry": {
        "type": "Point",
        "coordinates": [
          -2.6231354,
          50.9440631
        ]
      },
      "id": "way/1483961876"
    },
    {
      "type": "Feature",
      "properties": {
        "@id": "way/1484090739",
        "addr:city": "Milton Keynes",
        "addr:country": "GB",
        "addr:housename": "Islamic Center MK",
        "addr:postcode": "MK6 5HA",
        "addr:street": "Trubys Garden",
        "addr:suburb": "Coffee Hall",
        "amenity": "place_of_worship",
        "building": "mosque",
        "denomination": "sunni",
        "name": "Milton Keynes Muslim Association",
        "phone": "+44 1908 231 777",
        "religion": "muslim",
        "website": "https://www.mkmuslims.org",
        "@geometry": "center"
      },
      "geometry": {
        "type": "Point",
        "coordinates": [
          -0.7433501,
          52.0264577
        ]
      },
      "id": "way/1484090739"
    },
    {
      "type": "Feature",
      "properties": {
        "@id": "way/1484146702",
        "addr:city": "Luton",
        "addr:postcode": "LU1 1HB",
        "addr:street": "Bury Park Road",
        "addr:unit": "2-3",
        "amenity": "place_of_worship",
        "building": "yes",
        "denomination": "sunni",
        "name": "Kokni Community Luton",
        "phone": "+44 1582 803 444",
        "religion": "muslim",
        "website": "https://masjid.kokniluton.co.uk",
        "@geometry": "center"
      },
      "geometry": {
        "type": "Point",
        "coordinates": [
          -0.4271574,
          51.8859401
        ]
      },
      "id": "way/1484146702"
    },
    {
      "type": "Feature",
      "properties": {
        "@id": "way/1485844187",
        "addr:city": "Hitchin",
        "addr:housenumber": "28",
        "addr:postcode": "SG5 1QZ",
        "addr:street": "Florence Street",
        "amenity": "place_of_worship",
        "building": "yes",
        "denomination": "sunni",
        "name": "Hitchin Mosque",
        "phone": "+44 1462 456 478",
        "religion": "muslim",
        "website": "https://hitchinmosque.org/",
        "@geometry": "center"
      },
      "geometry": {
        "type": "Point",
        "coordinates": [
          -0.2710114,
          51.9556005
        ]
      },
      "id": "way/1485844187"
    },
    {
      "type": "Feature",
      "properties": {
        "@id": "way/1513936187",
        "addr:city": "Huddersfield",
        "addr:housenumber": "129",
        "addr:postcode": "HD2 2RP",
        "addr:street": "Halifax Old Road",
        "amenity": "place_of_worship",
        "building": "mosque",
        "denomination": "sunni",
        "name": "Markazi Jamia Masjid Riza Islamic Centre",
        "operator": "Markazi Jamia Mosque Riza & Islamic Centre",
        "prayer_times:syndicator": "masjidbox",
        "prayer_times:syndicator:url": "https://masjidbox.com/prayer-times/masjidriza",
        "prayer_times:url": "https://masjidriza.com/prayer-times/",
        "ref:GB-EAW:charity": "1149039",
        "religion": "muslim",
        "website": "https://masjidriza.com/",
        "@geometry": "center"
      },
      "geometry": {
        "type": "Point",
        "coordinates": [
          -1.7863231,
          53.6592311
        ]
      },
      "id": "way/1513936187"
    },
    {
      "type": "Feature",
      "properties": {
        "@id": "way/1521446074",
        "addr:city": "Colchester",
        "addr:housenumber": "2-3",
        "addr:postcode": "CO1 2PY",
        "addr:street": "Priory Street",
        "alt_name": "Colchester Central Masjid",
        "amenity": "place_of_worship",
        "building": "yes",
        "denomination": "sunni",
        "name": "Colchester Jamia Masjid",
        "note": "looks likely management is being transferred to CIO formed March 2026 reg no 1216457",
        "operator": "Colchester Islamic Cultural Association",
        "prayer_times:url": "https://colchestermosque.co.uk/daily-salah/",
        "ref:GB-EAW:charity": "293712",
        "religion": "muslim",
        "website": "https://colchestermosque.co.uk/",
        "@geometry": "center"
      },
      "geometry": {
        "type": "Point",
        "coordinates": [
          0.9049837,
          51.8877248
        ]
      },
      "id": "way/1521446074"
    },
    {
      "type": "Feature",
      "properties": {
        "@id": "way/1524412540",
        "amenity": "place_of_worship",
        "building": "yes",
        "name": "Al-Mustaqeem Centre",
        "religion": "muslim",
        "@geometry": "center"
      },
      "geometry": {
        "type": "Point",
        "coordinates": [
          -1.7663988,
          53.78039
        ]
      },
      "id": "way/1524412540"
    },
    {
      "type": "Feature",
      "properties": {
        "@id": "way/1524437717",
        "amenity": "place_of_worship",
        "building": "yes",
        "name": "Madrassah Noorul Islam",
        "religion": "muslim",
        "@geometry": "center"
      },
      "geometry": {
        "type": "Point",
        "coordinates": [
          -1.7765536,
          53.7886758
        ]
      },
      "id": "way/1524437717"
    },
    {
      "type": "Feature",
      "properties": {
        "@id": "way/1524829882",
        "addr:housename": "Falkirk Islamic Centre",
        "addr:housenumber": "6-8",
        "addr:postcode": "FK1 1UG",
        "addr:street": "Burnhead Lane",
        "amenity": "place_of_worship",
        "building": "commercial",
        "denomination": "sunni",
        "fhrs:id": "1909564",
        "name": "Falkirk Islamic Centre",
        "operator": "Falkirk Islamic Centre",
        "ref:GB-SCT:charity": "47113",
        "religion": "muslim",
        "source": "local knowledge",
        "website": "https://falkirkislamiccentre.org/",
        "@geometry": "center"
      },
      "geometry": {
        "type": "Point",
        "coordinates": [
          -3.7810231,
          55.9982391
        ]
      },
      "id": "way/1524829882"
    },
    {
      "type": "Feature",
      "properties": {
        "@id": "way/1525799826",
        "addr:city": "Lancaster",
        "addr:housenumber": "7",
        "addr:postcode": "LA1 1TN",
        "addr:street": "Dallas Road",
        "amenity": "place_of_worship",
        "name": "Lancaster Islamic Society",
        "religion": "muslim",
        "website": "https://lancasterisoc.org/",
        "@geometry": "center"
      },
      "geometry": {
        "type": "Point",
        "coordinates": [
          -2.8046138,
          54.0475376
        ]
      },
      "id": "way/1525799826"
    },
    {
      "type": "Feature",
      "properties": {
        "@id": "way/1527493777",
        "addr:city": "Blackburn",
        "addr:housenumber": "40D",
        "addr:postcode": "BB2 6AH",
        "addr:street": "Preston New Road",
        "amenity": "place_of_worship",
        "building": "yes",
        "name": "Kurdish Community Blackburn",
        "ref:GB:uprn": "100012541233",
        "religion": "muslim",
        "@geometry": "center"
      },
      "geometry": {
        "type": "Point",
        "coordinates": [
          -2.4881272,
          53.7517659
        ]
      },
      "id": "way/1527493777"
    },
    {
      "type": "Feature",
      "properties": {
        "@id": "way/1529319513",
        "amenity": "place_of_worship",
        "building": "yes",
        "denomination": "sunni",
        "name": "Saints Area Mosque",
        "religion": "muslim",
        "@geometry": "center"
      },
      "geometry": {
        "type": "Point",
        "coordinates": [
          -0.4352062,
          51.9002898
        ]
      },
      "id": "way/1529319513"
    },
    {
      "type": "Feature",
      "properties": {
        "@id": "node/1535922116",
        "addr:street": "Church Street",
        "amenity": "place_of_worship",
        "name": "Jamia Masjid Abu-Bakr & Islamic Centre",
        "phone": "+44 1484 450183",
        "religion": "muslim"
      },
      "geometry": {
        "type": "Point",
        "coordinates": [
          -1.8071282,
          53.6430078
        ]
      },
      "id": "node/1535922116"
    },
    {
      "type": "Feature",
      "properties": {
        "@id": "way/1536017987",
        "access": "permissive",
        "addr:city": "Coventry",
        "addr:postcode": "CV4 7AL",
        "air_conditioning": "yes",
        "amenity": "place_of_worship",
        "building:part": "yes",
        "level": "0",
        "name": "Islamic Prayer Hall",
        "note": "Prayer times follow Masjid Zeenatul Islam, CV1 4FR, except asr. At time of survey (July) fajr approx -12 degrees; isha approx -8 degrees",
        "prayer_times:url": "https://wisoc.uk/timetable",
        "religion": "muslim",
        "source": "Survey",
        "wheelchair": "yes",
        "@geometry": "center"
      },
      "geometry": {
        "type": "Point",
        "coordinates": [
          -1.5612541,
          52.3806856
        ]
      },
      "id": "way/1536017987"
    },
    {
      "type": "Feature",
      "properties": {
        "@id": "way/1539452500",
        "amenity": "place_of_worship",
        "building": "yes",
        "name": "West Norfolk Islamic Centre",
        "religion": "muslim",
        "@geometry": "center"
      },
      "geometry": {
        "type": "Point",
        "coordinates": [
          0.4015193,
          52.7496561
        ]
      },
      "id": "way/1539452500"
    },
    {
      "type": "Feature",
      "properties": {
        "@id": "way/1543175566",
        "amenity": "place_of_worship",
        "building": "yes",
        "name": "Wibsey Musalla Jummah Salaah",
        "old_name": "A1 Wibsey",
        "religion": "muslim",
        "@geometry": "center"
      },
      "geometry": {
        "type": "Point",
        "coordinates": [
          -1.7658869,
          53.76642
        ]
      },
      "id": "way/1543175566"
    },
    {
      "type": "Feature",
      "properties": {
        "@id": "way/1543176865",
        "amenity": "place_of_worship",
        "building": "yes",
        "name": "Musalla Salaam",
        "religion": "muslim",
        "@geometry": "center"
      },
      "geometry": {
        "type": "Point",
        "coordinates": [
          -1.803607,
          53.7832339
        ]
      },
      "id": "way/1543176865"
    },
    {
      "type": "Feature",
      "properties": {
        "@id": "way/1547273911",
        "amenity": "place_of_worship",
        "building": "yes",
        "name": "Al Hidaya Academy",
        "old_name": "Clayton Heights Methodist Church",
        "religion": "muslim",
        "@geometry": "center"
      },
      "geometry": {
        "type": "Point",
        "coordinates": [
          -1.8233879,
          53.7705756
        ]
      },
      "id": "way/1547273911"
    },
    {
      "type": "Feature",
      "properties": {
        "@id": "way/1548287215",
        "addr:city": "Stoke-on-Trent",
        "addr:postcode": "ST1 4PW",
        "addr:street": "Rectory Road",
        "amenity": "place_of_worship",
        "building": "yes",
        "mobile": "+44 7878 113965",
        "name": "Markaz At-Tawheed (Stoke on Trent City Centre Mosque)",
        "religion": "muslim",
        "website": "https://attawheedfoundation.co.uk/",
        "@geometry": "center"
      },
      "geometry": {
        "type": "Point",
        "coordinates": [
          -2.1862625,
          53.0188154
        ]
      },
      "id": "way/1548287215"
    },
    {
      "type": "Feature",
      "properties": {
        "@id": "way/1550321799",
        "addr:city": "Northampton",
        "addr:country": "GB",
        "addr:housenumber": "112-116",
        "addr:postcode": "NN1 4PD",
        "addr:street": "Abington Avenue",
        "amenity": "place_of_worship",
        "building": "yes",
        "name": "Northampton Central Mosque",
        "religion": "muslim",
        "website": "http://www.ncmosque.co.uk/",
        "@geometry": "center"
      },
      "geometry": {
        "type": "Point",
        "coordinates": [
          -0.8769969,
          52.2475888
        ]
      },
      "id": "way/1550321799"
    },
    {
      "type": "Feature",
      "properties": {
        "@id": "way/1556372755",
        "addr:city": "Preston",
        "addr:housename": "MASJID-E-QUBA",
        "addr:housenumber": "188-192",
        "addr:postcode": "PR1 4DX",
        "addr:street": "New Hall Lane",
        "amenity": "place_of_worship",
        "building": "yes",
        "denomination": "sunni",
        "description": "A sunni mosque and education centre. Charity number 518795",
        "email": "masjidequba01@gmail.com",
        "image": "https://cdn.masjid247.com/masaajidimages/2087.png",
        "name": "Masjid e Quba",
        "phone": "+447920486153",
        "religion": "muslim",
        "service_times": "(refer to online website timetable)",
        "website": "https://be.masjid247.com/api/linkpreview/mosque/2087",
        "wheelchair": "limited",
        "@geometry": "center"
      },
      "geometry": {
        "type": "Point",
        "coordinates": [
          -2.6767888,
          53.762984
        ]
      },
      "id": "way/1556372755"
    },
    {
      "type": "Feature",
      "properties": {
        "@id": "way/1558481934",
        "addr:city": "Basingstoke",
        "addr:housenumber": "35-37",
        "addr:postcode": "RG21 8SS",
        "addr:street": "Sarum Hill",
        "amenity": "place_of_worship",
        "building": "yes",
        "name": "Basingstoke Mosque",
        "religion": "muslim",
        "website": "https://albirr.com",
        "@geometry": "center"
      },
      "geometry": {
        "type": "Point",
        "coordinates": [
          -1.092103,
          51.2634459
        ]
      },
      "id": "way/1558481934"
    },
    {
      "type": "Feature",
      "properties": {
        "@id": "node/1660258132",
        "amenity": "place_of_worship",
        "name": "Jam-E-Masjid-Bilal",
        "religion": "muslim",
        "source": "survey"
      },
      "geometry": {
        "type": "Point",
        "coordinates": [
          -1.8025952,
          53.6358478
        ]
      },
      "id": "node/1660258132"
    },
    {
      "type": "Feature",
      "properties": {
        "@id": "node/1669908608",
        "amenity": "place_of_worship",
        "religion": "muslim",
        "source": "OS_OpenData_StreetView"
      },
      "geometry": {
        "type": "Point",
        "coordinates": [
          -2.1472595,
          53.6191648
        ]
      },
      "id": "node/1669908608"
    },
    {
      "type": "Feature",
      "properties": {
        "@id": "node/1685139707",
        "amenity": "place_of_worship",
        "name": "The Green Room",
        "religion": "muslim"
      },
      "geometry": {
        "type": "Point",
        "coordinates": [
          -1.55311,
          53.8040001
        ]
      },
      "id": "node/1685139707"
    },
    {
      "type": "Feature",
      "properties": {
        "@id": "node/1780296965",
        "amenity": "place_of_worship",
        "check_date": "2025-05-25",
        "name": "Khizra mosque",
        "name:en": "Khizra Mosque",
        "religion": "muslim"
      },
      "geometry": {
        "type": "Point",
        "coordinates": [
          -2.2372419,
          53.5054187
        ]
      },
      "id": "node/1780296965"
    },
    {
      "type": "Feature",
      "properties": {
        "@id": "node/1780436363",
        "amenity": "place_of_worship",
        "name": "Jamia Mosque",
        "religion": "muslim",
        "source:name": "OS Open Local Important Buildings Layer",
        "wikidata": "Q7056037",
        "wikipedia": "en:North Manchester Jamia Mosque"
      },
      "geometry": {
        "type": "Point",
        "coordinates": [
          -2.2431964,
          53.5105547
        ]
      },
      "id": "node/1780436363"
    },
    {
      "type": "Feature",
      "properties": {
        "@id": "node/1792968128",
        "amenity": "place_of_worship",
        "name": "Wycombe Mosque",
        "religion": "muslim",
        "website": "https://www.wycombemosque.com/"
      },
      "geometry": {
        "type": "Point",
        "coordinates": [
          -0.7669462,
          51.6334042
        ]
      },
      "id": "node/1792968128"
    },
    {
      "type": "Feature",
      "properties": {
        "@id": "node/1973800227",
        "amenity": "place_of_worship",
        "name": "Muslim Prayer Room",
        "religion": "muslim",
        "source": "www.isoc.susu.org"
      },
      "geometry": {
        "type": "Point",
        "coordinates": [
          -1.3979643,
          50.9350389
        ]
      },
      "id": "node/1973800227"
    },
    {
      "type": "Feature",
      "properties": {
        "@id": "node/1990934810",
        "amenity": "place_of_worship",
        "name": "Prayer Room",
        "religion": "muslim"
      },
      "geometry": {
        "type": "Point",
        "coordinates": [
          -2.9638314,
          53.4025917
        ]
      },
      "id": "node/1990934810"
    },
    {
      "type": "Feature",
      "properties": {
        "@id": "node/2010691099",
        "addr:city": "Leicester",
        "addr:housenumber": "140",
        "addr:postcode": "LE5 1GZ",
        "addr:street": "Armadale Drive",
        "amenity": "place_of_worship",
        "denomination": "sunni",
        "name": "Al Ma’rifah Academy",
        "religion": "muslim",
        "source": "OS_OpenData_StreetView",
        "source:name": "OS Open Local Important Buildings Layer"
      },
      "geometry": {
        "type": "Point",
        "coordinates": [
          -1.0605189,
          52.6482517
        ]
      },
      "id": "node/2010691099"
    },
    {
      "type": "Feature",
      "properties": {
        "@id": "node/2049050391",
        "addr:city": "London",
        "addr:housename": "Arch 305",
        "addr:housenumber": "304-306",
        "addr:postcode": "E14 8AE",
        "addr:street": "Stocks Place",
        "amenity": "place_of_worship",
        "name": "Limehouse Mosque",
        "note": "In arch under bridge",
        "religion": "muslim",
        "source": "survey"
      },
      "geometry": {
        "type": "Point",
        "coordinates": [
          -0.0282755,
          51.5101456
        ]
      },
      "id": "node/2049050391"
    },
    {
      "type": "Feature",
      "properties": {
        "@id": "node/2196359692",
        "addr:city": "Nottingham",
        "addr:postcode": "NG7 5AH",
        "addr:street": "A'court Street",
        "amenity": "place_of_worship",
        "name": "Shah Jalal Masjiid",
        "religion": "muslim",
        "source": "survey"
      },
      "geometry": {
        "type": "Point",
        "coordinates": [
          -1.1700746,
          52.963045
        ]
      },
      "id": "node/2196359692"
    },
    {
      "type": "Feature",
      "properties": {
        "@id": "node/2287912481",
        "addr:housenumber": "82-84",
        "addr:street": "Horsenden Lane North",
        "amenity": "place_of_worship",
        "name": "Bilal Masjid Trust (Greenford)",
        "religion": "muslim"
      },
      "geometry": {
        "type": "Point",
        "coordinates": [
          -0.3310905,
          51.5504229
        ]
      },
      "id": "node/2287912481"
    },
    {
      "type": "Feature",
      "properties": {
        "@id": "node/2327707493",
        "amenity": "place_of_worship",
        "name": "Madina Tul Quran",
        "religion": "muslim"
      },
      "geometry": {
        "type": "Point",
        "coordinates": [
          -2.1886081,
          52.9995428
        ]
      },
      "id": "node/2327707493"
    },
    {
      "type": "Feature",
      "properties": {
        "@id": "node/2381285103",
        "addr:housenumber": "57",
        "addr:postcode": "OX4 1HR",
        "addr:street": "Cowley Road",
        "amenity": "place_of_worship",
        "name": "Bangladesh Islamic Education Centre",
        "religion": "muslim"
      },
      "geometry": {
        "type": "Point",
        "coordinates": [
          -1.2411798,
          51.7491161
        ]
      },
      "id": "node/2381285103"
    },
    {
      "type": "Feature",
      "properties": {
        "@id": "node/2404125477",
        "addr:city": "London",
        "addr:housenumber": "566",
        "addr:postcode": "E1W 3HB",
        "addr:street": "Cable Street",
        "amenity": "place_of_worship",
        "religion": "muslim",
        "source": "survey"
      },
      "geometry": {
        "type": "Point",
        "coordinates": [
          -0.0436751,
          51.5113771
        ]
      },
      "id": "node/2404125477"
    },
    {
      "type": "Feature",
      "properties": {
        "@id": "node/2464260554",
        "addr:housenumber": "17",
        "addr:postcode": "CA11 7PG",
        "addr:street": "Middlegate",
        "amenity": "place_of_worship",
        "name": "Islamic Prayer Room",
        "religion": "muslim"
      },
      "geometry": {
        "type": "Point",
        "coordinates": [
          -2.754161,
          54.6652322
        ]
      },
      "id": "node/2464260554"
    },
    {
      "type": "Feature",
      "properties": {
        "@id": "node/2510303891",
        "amenity": "place_of_worship",
        "check_date": "2026-01-09",
        "name": "Brixton Hill Islamic Centre",
        "religion": "muslim"
      },
      "geometry": {
        "type": "Point",
        "coordinates": [
          -0.1240323,
          51.4487467
        ]
      },
      "id": "node/2510303891"
    },
    {
      "type": "Feature",
      "properties": {
        "@id": "node/2515159284",
        "amenity": "place_of_worship",
        "name": "Wycombe Islamic Society",
        "religion": "muslim"
      },
      "geometry": {
        "type": "Point",
        "coordinates": [
          -0.7362595,
          51.6303575
        ]
      },
      "id": "node/2515159284"
    },
    {
      "type": "Feature",
      "properties": {
        "@id": "node/2600595275",
        "amenity": "place_of_worship",
        "name": "Darus-salam",
        "religion": "muslim"
      },
      "geometry": {
        "type": "Point",
        "coordinates": [
          -2.1965445,
          53.4519437
        ]
      },
      "id": "node/2600595275"
    },
    {
      "type": "Feature",
      "properties": {
        "@id": "node/2788618641",
        "addr:city": "Boston",
        "addr:housenumber": "27",
        "addr:postcode": "PE21 9BU",
        "addr:street": "Horncastle Road",
        "amenity": "place_of_worship",
        "denomination": "sunni",
        "name": "Boston Mosque & Islamic Centre",
        "operator": "United Kingdom Islamic Mission",
        "operator:type": "charity",
        "prayer_times:url": "https://bostonmosque.org/prayer-timings/",
        "ref:GB-EAW:prow": "81757",
        "ref:gb-eaw:charity": "250275",
        "religion": "muslim",
        "website": "https://bostonmosque.org"
      },
      "geometry": {
        "type": "Point",
        "coordinates": [
          -0.0187808,
          52.9846688
        ]
      },
      "id": "node/2788618641"
    },
    {
      "type": "Feature",
      "properties": {
        "@id": "node/2798968986",
        "addr:city": "Birmingham",
        "addr:housenumber": "28",
        "addr:street": "Tennyson Road",
        "amenity": "place_of_worship",
        "name": "Jamiat-ul-Muslimin",
        "religion": "muslim",
        "source": "survey"
      },
      "geometry": {
        "type": "Point",
        "coordinates": [
          -1.8507167,
          52.464953
        ]
      },
      "id": "node/2798968986"
    },
    {
      "type": "Feature",
      "properties": {
        "@id": "node/2922772996",
        "addr:city": "Leeds",
        "addr:housename": "The Cherry Tree",
        "addr:postcode": "LS9 7LY",
        "addr:street": "Cherry Row",
        "amenity": "place_of_worship",
        "denomination": "sunni",
        "description:wheelchair:female": "musalla 0 steps",
        "description:wheelchair:male": "musalla 0 steps. wudu 13 steps, no handrail.",
        "management": "Kurdish",
        "name": "Lincoln Green Mosque",
        "operator": "Lincoln Green Mosque & Education Centre Leeds",
        "reg_charity_number": "1136935",
        "religion": "muslim",
        "service_times:url": "http://lincolngreenmosque.co.uk/?page=Timetable",
        "unisex": "yes",
        "website": "lincolngreenmosque.co.uk",
        "wheelchair": "limited"
      },
      "geometry": {
        "type": "Point",
        "coordinates": [
          -1.5282348,
          53.8044817
        ]
      },
      "id": "node/2922772996"
    },
    {
      "type": "Feature",
      "properties": {
        "@id": "node/2925993732",
        "addr:city": "Chelmsford",
        "addr:housenumber": "13a",
        "addr:postcode": "CM2 0HU",
        "addr:street": "Moulsham Street",
        "amenity": "place_of_worship",
        "denomination": "sunni",
        "email": "info@chelmsfordmosque.co.uk",
        "level": "0",
        "name": "Chelmsford Mosque",
        "operator": "Chelmsford Muslim Society",
        "phone": "+44 1245 261563",
        "prayer_times:syndicator": "masjidbox",
        "prayer_times:syndicator:url": "https://masjidbox.com/prayer-times/cms-central",
        "prayer_times:url": "http://chelmsfordmosque.co.uk/",
        "ref:GB-EAW:charity": "1139707",
        "religion": "muslim",
        "website": "http://chelmsfordmosque.co.uk/"
      },
      "geometry": {
        "type": "Point",
        "coordinates": [
          0.4740415,
          51.7306481
        ]
      },
      "id": "node/2925993732"
    },
    {
      "type": "Feature",
      "properties": {
        "@id": "node/2934097354",
        "amenity": "place_of_worship",
        "name": "Manchester Islamic Centre",
        "religion": "muslim",
        "source:name": "OS Open Local Important Buildings Layer"
      },
      "geometry": {
        "type": "Point",
        "coordinates": [
          -2.1731363,
          53.499323
        ]
      },
      "id": "node/2934097354"
    },
    {
      "type": "Feature",
      "properties": {
        "@id": "node/2966093722",
        "amenity": "place_of_worship",
        "name": "HSJ Outreach Centre",
        "religion": "muslim"
      },
      "geometry": {
        "type": "Point",
        "coordinates": [
          -0.7009137,
          51.6130569
        ]
      },
      "id": "node/2966093722"
    },
    {
      "type": "Feature",
      "properties": {
        "@id": "node/2990261223",
        "amenity": "place_of_worship",
        "name": "Peckham High Street Islamic Centre",
        "operator": "African Ivorian Islamic Trust",
        "religion": "muslim"
      },
      "geometry": {
        "type": "Point",
        "coordinates": [
          -0.0677412,
          51.4737541
        ]
      },
      "id": "node/2990261223"
    },
    {
      "type": "Feature",
      "properties": {
        "@id": "node/3012746390",
        "addr:city": "Glasgow",
        "addr:housenumber": "19",
        "addr:postcode": "G4 9AJ",
        "addr:street": "Carrington Street",
        "amenity": "place_of_worship",
        "check_date": "2024-06-09",
        "denomination": "sunni",
        "name": "Al Furqan Mosque",
        "religion": "muslim",
        "website": "https://www.alfurqanmosque.com/",
        "wikidata": "Q19583363"
      },
      "geometry": {
        "type": "Point",
        "coordinates": [
          -4.2718878,
          55.8714691
        ]
      },
      "id": "node/3012746390"
    },
    {
      "type": "Feature",
      "properties": {
        "@id": "node/3046565061",
        "amenity": "place_of_worship",
        "name": "North Brixton Islamic Cultural Centre",
        "religion": "muslim",
        "wikidata": "Q124329747"
      },
      "geometry": {
        "type": "Point",
        "coordinates": [
          -0.1130421,
          51.4739674
        ]
      },
      "id": "node/3046565061"
    },
    {
      "type": "Feature",
      "properties": {
        "@id": "node/3126148751",
        "amenity": "place_of_worship",
        "name": "The UK Islamic Mission Southend Mosque",
        "religion": "muslim"
      },
      "geometry": {
        "type": "Point",
        "coordinates": [
          0.6998299,
          51.5466569
        ]
      },
      "id": "node/3126148751"
    },
    {
      "type": "Feature",
      "properties": {
        "@id": "node/3179642883",
        "addr:city": "London",
        "addr:housename": "Broxbourne House",
        "addr:housenumber": "6",
        "addr:postcode": "E3 3LJ",
        "addr:street": "Empson Street",
        "amenity": "place_of_worship",
        "name": "Coventry Cross Mosque",
        "religion": "muslim"
      },
      "geometry": {
        "type": "Point",
        "coordinates": [
          -0.0146564,
          51.5228703
        ]
      },
      "id": "node/3179642883"
    },
    {
      "type": "Feature",
      "properties": {
        "@id": "node/3247084973",
        "ablution:wheelchair": "no",
        "addr:city": "London",
        "addr:housenumber": "70",
        "addr:postcode": "N1 9DN",
        "addr:street": "Caledonian Road",
        "amenity": "place_of_worship",
        "contact:facebook": "alneharmosque",
        "denomination": "sunni",
        "description:wheelchair": "Level access to prayer hall through double doors, but only half the door is normally open: you may need assistance to have the other opened. Expectation to stay on mat near door rather than wheel onto the carpet.",
        "female": "no",
        "name": "Al-Nehar Mosque & Education Centre",
        "operator": "Al-Nehar Foundation",
        "operator:type": "charitable",
        "prayer_times:url": "https://alneharmosque.com",
        "ref:GB-ENG:charity": "1193354",
        "religion": "muslim",
        "service_times": "Fr 12:45;13:20",
        "service_times:conditional": "Fr 13:30;14:00 @ (BST)",
        "shower": "no",
        "start_date": "1998-07-09",
        "toilets:wheelchair": "no",
        "website": "https://alneharmosque.com",
        "wheelchair": "limited"
      },
      "geometry": {
        "type": "Point",
        "coordinates": [
          -0.1195678,
          51.5326528
        ]
      },
      "id": "node/3247084973"
    },
    {
      "type": "Feature",
      "properties": {
        "@id": "node/3256479001",
        "addr:city": "Nottingham",
        "addr:housenumber": "68",
        "addr:postcode": "NG10 4QP",
        "addr:street": "Derby Road",
        "addr:suburb": "Long Eaton",
        "amenity": "place_of_worship",
        "contact:facebook": "https://www.facebook.com/p/Long-Eaton-Masjid-100079499277747/",
        "entrance": "main",
        "name": "Long Eaton Masjid",
        "religion": "muslim",
        "source": "survey"
      },
      "geometry": {
        "type": "Point",
        "coordinates": [
          -1.2772349,
          52.9010573
        ]
      },
      "id": "node/3256479001"
    },
    {
      "type": "Feature",
      "properties": {
        "@id": "node/3332085208",
        "addr:city": "Leicester",
        "addr:housename": "1st Floor",
        "addr:postcode": "LE2 0GU",
        "addr:street": "Melbourne Road",
        "alt_name": "Muslim Community Resource Centre Ltd",
        "amenity": "place_of_worship",
        "denomination": "sufi",
        "female": "yes",
        "level": "1",
        "male": "yes",
        "name": "Gulzar e Madina",
        "phone": "+44 116 251 1134",
        "religion": "muslim"
      },
      "geometry": {
        "type": "Point",
        "coordinates": [
          -1.1133074,
          52.6341318
        ]
      },
      "id": "node/3332085208"
    },
    {
      "type": "Feature",
      "properties": {
        "@id": "node/3368904718",
        "addr:city": "London",
        "addr:housenumber": "72-74",
        "addr:postcode": "E13 0PY",
        "addr:street": "Selwyn Road",
        "alt_name": "Selwyn Road Masjid;Masjid Al Hikmah",
        "amenity": "place_of_worship",
        "denomination": "sunni",
        "email": "info@masjidalhikmah.co.uk",
        "name": "Islamic Centre Upton Park",
        "phone": "+44 20 8472 2745",
        "religion": "muslim",
        "website": "https://masjidalhikmah.co.uk/"
      },
      "geometry": {
        "type": "Point",
        "coordinates": [
          0.0245228,
          51.5338647
        ]
      },
      "id": "node/3368904718"
    },
    {
      "type": "Feature",
      "properties": {
        "@id": "node/3439319372",
        "addr:city": "Nottingham",
        "addr:housenumber": "141-143",
        "addr:postcode": "NG7 6HR",
        "addr:street": "Berridge Road",
        "alt_name": "Karimia Institute",
        "amenity": "place_of_worship",
        "name": "Karimia Masjid & Institute",
        "religion": "muslim",
        "source": "survey",
        "source:addr": "NCC Places of Worship Open Data"
      },
      "geometry": {
        "type": "Point",
        "coordinates": [
          -1.1662228,
          52.97002
        ]
      },
      "id": "node/3439319372"
    },
    {
      "type": "Feature",
      "properties": {
        "@id": "node/3556690964",
        "amenity": "place_of_worship",
        "name": "Spiritual Centre Maddrassa Naqshbandiyya Nawabiyya Aslamiyya Birmingham",
        "religion": "muslim"
      },
      "geometry": {
        "type": "Point",
        "coordinates": [
          -1.8572922,
          52.4767037
        ]
      },
      "id": "node/3556690964"
    },
    {
      "type": "Feature",
      "properties": {
        "@id": "node/3556691523",
        "amenity": "place_of_worship",
        "name": "Maktaba Tul Madina Dawat-E-Islami",
        "religion": "muslim"
      },
      "geometry": {
        "type": "Point",
        "coordinates": [
          -1.8563214,
          52.47892
        ]
      },
      "id": "node/3556691523"
    },
    {
      "type": "Feature",
      "properties": {
        "@id": "node/3661362573",
        "addr:city": "Nottingham",
        "addr:postcode": "NG5 3HU",
        "addr:street": "Edwards Lane",
        "amenity": "place_of_worship",
        "note": "mapped separately from building, but in practice whole building may be mosque, certainly plans includinde an abultion are consonant with place of worship",
        "religion": "muslim",
        "source": "local_knowledge"
      },
      "geometry": {
        "type": "Point",
        "coordinates": [
          -1.1492682,
          52.9893436
        ]
      },
      "id": "node/3661362573"
    },
    {
      "type": "Feature",
      "properties": {
        "@id": "node/3740611899",
        "addr:city": "Leicester",
        "addr:housenumber": "77",
        "addr:postcode": "LE5 5LL",
        "addr:street": "Evington Valley Road",
        "amenity": "place_of_worship",
        "denomination": "sunni",
        "name": "Madani",
        "phone": "+44 116 249 8080",
        "religion": "muslim"
      },
      "geometry": {
        "type": "Point",
        "coordinates": [
          -1.0987708,
          52.6278525
        ]
      },
      "id": "node/3740611899"
    },
    {
      "type": "Feature",
      "properties": {
        "@id": "node/3740621270",
        "addr:city": "Leicester",
        "addr:housenumber": "72-74",
        "addr:postcode": "LE5 5JL",
        "addr:street": "Osmaston Road",
        "amenity": "place_of_worship",
        "denomination": "sunni",
        "name": "Masjid Fatima Zahra",
        "name:ar": "مسجد فاطمة الزهراء",
        "religion": "muslim"
      },
      "geometry": {
        "type": "Point",
        "coordinates": [
          -1.1070179,
          52.6266319
        ]
      },
      "id": "node/3740621270"
    },
    {
      "type": "Feature",
      "properties": {
        "@id": "node/3743515728",
        "addr:city": "Nottingham",
        "addr:housenumber": "56-58",
        "addr:postcode": "NG2 4AG",
        "addr:street": "Thurgarton Street",
        "amenity": "place_of_worship",
        "name": "Jamia Masjid Sultania",
        "religion": "muslim",
        "source:addr": "NCC Open Data places of worship"
      },
      "geometry": {
        "type": "Point",
        "coordinates": [
          -1.1255024,
          52.9511813
        ]
      },
      "id": "node/3743515728"
    },
    {
      "type": "Feature",
      "properties": {
        "@id": "node/3955736959",
        "amenity": "place_of_worship",
        "name": "Markazi Jamia Masjid Riza Islamic Centre",
        "religion": "muslim",
        "source": "survey",
        "source:name": "survey"
      },
      "geometry": {
        "type": "Point",
        "coordinates": [
          -1.7862765,
          53.6591761
        ]
      },
      "id": "node/3955736959"
    },
    {
      "type": "Feature",
      "properties": {
        "@id": "node/3997360070",
        "amenity": "place_of_worship",
        "check_date": "2025-12-17",
        "denomination": "sunni",
        "name": "Masjid al Furqan",
        "religion": "muslim",
        "website": "https://masjidfurqan.co.uk/"
      },
      "geometry": {
        "type": "Point",
        "coordinates": [
          -2.2115441,
          53.0597278
        ]
      },
      "id": "node/3997360070"
    },
    {
      "type": "Feature",
      "properties": {
        "@id": "node/4074342195",
        "addr:city": "Birmingham",
        "addr:postcode": "B10 0UF",
        "addr:street": "Coventry Road",
        "amenity": "place_of_worship",
        "religion": "muslim"
      },
      "geometry": {
        "type": "Point",
        "coordinates": [
          -1.8621165,
          52.4712796
        ]
      },
      "id": "node/4074342195"
    },
    {
      "type": "Feature",
      "properties": {
        "@id": "node/4077406570",
        "addr:city": "Southampton",
        "addr:street": "Princes Court",
        "amenity": "place_of_worship",
        "name": "Taqwah Mosque",
        "phone": "+44 2380 986498",
        "religion": "muslim"
      },
      "geometry": {
        "type": "Point",
        "coordinates": [
          -1.3872852,
          50.9112572
        ]
      },
      "id": "node/4077406570"
    },
    {
      "type": "Feature",
      "properties": {
        "@id": "node/4121180770",
        "addr:city": "Nottingham",
        "addr:postcode": "NG5 1PB",
        "amenity": "place_of_worship",
        "female": "yes",
        "name": "Muslim Prayer Room",
        "religion": "muslim",
        "source": "survey"
      },
      "geometry": {
        "type": "Point",
        "coordinates": [
          -1.1559491,
          52.9898272
        ]
      },
      "id": "node/4121180770"
    },
    {
      "type": "Feature",
      "properties": {
        "@id": "node/4121182696",
        "addr:city": "Nottingham",
        "addr:postcode": "NG5 1PB",
        "amenity": "place_of_worship",
        "gender": "male",
        "male": "yes",
        "name": "Muslim Prayer Room",
        "religion": "muslim",
        "source": "survey"
      },
      "geometry": {
        "type": "Point",
        "coordinates": [
          -1.1560296,
          52.9898143
        ]
      },
      "id": "node/4121182696"
    },
    {
      "type": "Feature",
      "properties": {
        "@id": "node/4161563199",
        "addr:city": "Lancaster",
        "addr:housenumber": "71",
        "addr:postcode": "LA1 1TS",
        "addr:street": "Blades Street",
        "amenity": "place_of_worship",
        "level": "0",
        "name": "Raza Mosque",
        "religion": "muslim"
      },
      "geometry": {
        "type": "Point",
        "coordinates": [
          -2.8053063,
          54.0454798
        ]
      },
      "id": "node/4161563199"
    },
    {
      "type": "Feature",
      "properties": {
        "@id": "node/4193826904",
        "addr:city": "Stockport",
        "addr:housename": "St John's Methodist Church",
        "addr:postcode": "SK3 0HZ",
        "addr:street": "Stockport Rd",
        "amenity": "place_of_worship",
        "name": "Elaf Masjid",
        "religion": "muslim"
      },
      "geometry": {
        "type": "Point",
        "coordinates": [
          -2.1837503,
          53.4049353
        ]
      },
      "id": "node/4193826904"
    },
    {
      "type": "Feature",
      "properties": {
        "@id": "node/4236616980",
        "addr:city": "Newcastle upon Tyne",
        "addr:housenumber": "77",
        "addr:postcode": "NE4 6UX",
        "addr:street": "Bentinck Road",
        "amenity": "place_of_worship",
        "name": "Newcastle Tawheed Islamic Centre",
        "religion": "muslim"
      },
      "geometry": {
        "type": "Point",
        "coordinates": [
          -1.6453997,
          54.970153
        ]
      },
      "id": "node/4236616980"
    },
    {
      "type": "Feature",
      "properties": {
        "@id": "node/4352681689",
        "addr:city": "Birmingham",
        "addr:housenumber": "284",
        "addr:postcode": "B6 6NU",
        "addr:street": "Witton Road",
        "amenity": "place_of_worship",
        "name": "Madrassa-tul-Madina Aston",
        "opening_hours": "Mo-Fr 15:00-20:00",
        "religion": "muslim",
        "website": "https://www.dawateislami.net/"
      },
      "geometry": {
        "type": "Point",
        "coordinates": [
          -1.890951,
          52.5090738
        ]
      },
      "id": "node/4352681689"
    },
    {
      "type": "Feature",
      "properties": {
        "@id": "node/4354770764",
        "addr:city": "Milton Keynes",
        "addr:country": "GB",
        "addr:housenumber": "95",
        "addr:postcode": "MK2 2GT",
        "addr:street": "Manor Road",
        "addr:suburb": "Bletchley",
        "amenity": "place_of_worship",
        "denomination": "sunni",
        "name": "Hazrath Shahjahal Jamie Masjid",
        "phone": "+441908 372 992",
        "religion": "muslim",
        "website": "https://www.hsjm.co.uk"
      },
      "geometry": {
        "type": "Point",
        "coordinates": [
          -0.7216604,
          51.9893484
        ]
      },
      "id": "node/4354770764"
    },
    {
      "type": "Feature",
      "properties": {
        "@id": "node/4439805189",
        "amenity": "place_of_worship",
        "denomination": "sunni",
        "name": "Makkah Masjid Mitcham",
        "religion": "muslim"
      },
      "geometry": {
        "type": "Point",
        "coordinates": [
          -0.1641168,
          51.4074854
        ]
      },
      "id": "node/4439805189"
    },
    {
      "type": "Feature",
      "properties": {
        "@id": "node/4439805190",
        "amenity": "place_of_worship",
        "denomination": "sunni",
        "name": "Al-Madina Mitcham Islamic Centre",
        "religion": "muslim",
        "website": "http://almadina.cfsites.org"
      },
      "geometry": {
        "type": "Point",
        "coordinates": [
          -0.151788,
          51.416716
        ]
      },
      "id": "node/4439805190"
    },
    {
      "type": "Feature",
      "properties": {
        "@id": "node/4439805389",
        "amenity": "place_of_worship",
        "building": "mosque",
        "denomination": "sunni",
        "name": "Al Muzzamil Mosque",
        "religion": "muslim",
        "website": "http://gattonmosque.co.uk/"
      },
      "geometry": {
        "type": "Point",
        "coordinates": [
          -0.1676225,
          51.4302527
        ]
      },
      "id": "node/4439805389"
    },
    {
      "type": "Feature",
      "properties": {
        "@id": "node/4581204989",
        "amenity": "place_of_worship",
        "building": "mosque",
        "denomination": "sunni",
        "name": "Masjid-al-Momineen",
        "religion": "muslim",
        "website": "https://www.al-momineen.org/"
      },
      "geometry": {
        "type": "Point",
        "coordinates": [
          -2.4690479,
          53.7573243
        ]
      },
      "id": "node/4581204989"
    },
    {
      "type": "Feature",
      "properties": {
        "@id": "node/4592418689",
        "amenity": "place_of_worship",
        "name": "Minhaj-ul-Qur'an Central Mosque",
        "religion": "muslim"
      },
      "geometry": {
        "type": "Point",
        "coordinates": [
          -2.2580139,
          53.4523886
        ]
      },
      "id": "node/4592418689"
    },
    {
      "type": "Feature",
      "properties": {
        "@id": "node/4594020544",
        "addr:city": "Kettering",
        "addr:country": "GB",
        "addr:housenumber": "123",
        "addr:postcode": "NN15 6AD",
        "addr:street": "Headlands",
        "amenity": "place_of_worship",
        "denomination": "sunni",
        "name": "Kettering Muslim Association",
        "note": "KMA is the name on the building, but they call it Masjid Al-Arqam on the website. Check local usage.",
        "operator": "Kettering Muslim Association",
        "ref:GB:charity_no": "1108873",
        "religion": "muslim",
        "website": "https://www.ketteringmosque.co.uk",
        "wheelchair": "no"
      },
      "geometry": {
        "type": "Point",
        "coordinates": [
          -0.7274642,
          52.3885249
        ]
      },
      "id": "node/4594020544"
    },
    {
      "type": "Feature",
      "properties": {
        "@id": "node/4630679956",
        "amenity": "place_of_worship",
        "name": "Laud Worship Rooms",
        "religion": "muslim"
      },
      "geometry": {
        "type": "Point",
        "coordinates": [
          1.0900097,
          51.2792236
        ]
      },
      "id": "node/4630679956"
    },
    {
      "type": "Feature",
      "properties": {
        "@id": "node/4638703648",
        "addr:city": "London",
        "addr:housenumber": "337",
        "addr:postcode": "N9 0NU",
        "addr:street": "Fore Street",
        "amenity": "place_of_worship",
        "name": "Mevlana Rumi",
        "religion": "muslim",
        "source": "gps+mapnoter",
        "website": "http://rumimosque.uk/"
      },
      "geometry": {
        "type": "Point",
        "coordinates": [
          -0.0623249,
          51.6206823
        ]
      },
      "id": "node/4638703648"
    },
    {
      "type": "Feature",
      "properties": {
        "@id": "node/4715712714",
        "addr:city": "Nottingham",
        "addr:postcode": "NG7 2UH",
        "amenity": "place_of_worship",
        "level": "3",
        "level:ref": "D",
        "name": "QMC Prayer Room Level 3",
        "religion": "muslim",
        "source": "surey"
      },
      "geometry": {
        "type": "Point",
        "coordinates": [
          -1.1854507,
          52.9441549
        ]
      },
      "id": "node/4715712714"
    },
    {
      "type": "Feature",
      "properties": {
        "@id": "node/4793526384",
        "amenity": "place_of_worship",
        "denomination": "sunni",
        "name": "Chesterfield Muslim Association",
        "religion": "muslim",
        "website": "https://www.muslimwelfarechesterfield.com/"
      },
      "geometry": {
        "type": "Point",
        "coordinates": [
          -1.4283669,
          53.2397338
        ]
      },
      "id": "node/4793526384"
    },
    {
      "type": "Feature",
      "properties": {
        "@id": "node/4851854319",
        "amenity": "place_of_worship",
        "name": "Oxford University Islamic Society Prayer Room",
        "place_of_worship": "prayer_room",
        "religion": "muslim",
        "website": "https://ouisoc.org/prayer-room"
      },
      "geometry": {
        "type": "Point",
        "coordinates": [
          -1.2560206,
          51.7589725
        ]
      },
      "id": "node/4851854319"
    },
    {
      "type": "Feature",
      "properties": {
        "@id": "node/4894142621",
        "amenity": "place_of_worship",
        "check_date": "2023-10-07",
        "name": "Gatwick Muslim Centre",
        "religion": "muslim"
      },
      "geometry": {
        "type": "Point",
        "coordinates": [
          -0.1611853,
          51.1732336
        ]
      },
      "id": "node/4894142621"
    },
    {
      "type": "Feature",
      "properties": {
        "@id": "node/5238118522",
        "addr:city": "Cranfield",
        "addr:street": "Wharley End",
        "addr:suburb": "Cranfield University",
        "amenity": "place_of_worship",
        "name": "Cranfield University Mosque",
        "religion": "muslim"
      },
      "geometry": {
        "type": "Point",
        "coordinates": [
          -0.6270766,
          52.0743805
        ]
      },
      "id": "node/5238118522"
    },
    {
      "type": "Feature",
      "properties": {
        "@id": "node/5435406439",
        "addr:city": "Leicester",
        "addr:housenumber": "19",
        "addr:postcode": "LE1 2LP",
        "addr:street": "Brunswick Street",
        "amenity": "place_of_worship",
        "denomination": "sunni",
        "level": "1-2",
        "name": "Masjid al Quba",
        "phone": "+44 116 216 6237",
        "religion": "muslim"
      },
      "geometry": {
        "type": "Point",
        "coordinates": [
          -1.1216685,
          52.6386906
        ]
      },
      "id": "node/5435406439"
    },
    {
      "type": "Feature",
      "properties": {
        "@id": "node/5455339712",
        "addr:postcode": "LE4 0SA",
        "amenity": "place_of_worship",
        "name": "Beaumont Leys Muslims",
        "religion": "muslim",
        "website": "https://www.blmuslims.org/"
      },
      "geometry": {
        "type": "Point",
        "coordinates": [
          -1.1523813,
          52.6615781
        ]
      },
      "id": "node/5455339712"
    },
    {
      "type": "Feature",
      "properties": {
        "@id": "node/5712073478",
        "addr:city": "London",
        "addr:housename": "Muslim World League London Office",
        "addr:housenumber": "46",
        "addr:postcode": "W1T 4LU",
        "addr:street": "Goodge Street",
        "alt_name": "Goodge Street Mosque",
        "amenity": "place_of_worship",
        "check_date": "2026-02-28",
        "denomination": "sunni",
        "description": "This place has wudu facilities and prayer rooms for men and women",
        "email": "info@mwllo.org.uk",
        "name": "Muslim World League - London Office",
        "name:ar": "رابطة العالم الإسلامي - مكتب لندن",
        "religion": "muslim",
        "website": "https://www.mwllo.org.uk/"
      },
      "geometry": {
        "type": "Point",
        "coordinates": [
          -0.1359108,
          51.5194617
        ]
      },
      "id": "node/5712073478"
    },
    {
      "type": "Feature",
      "properties": {
        "@id": "node/5848570585",
        "addr:city": "Blackburn",
        "addr:postcode": "BB1 6LS",
        "addr:street": "Plane Tree Road",
        "amenity": "place_of_worship",
        "email": "sajedeen@hotmail.co.uk",
        "name": "Masjid e Sajedeen",
        "phone": "+441254 54313",
        "religion": "muslim",
        "source:addr:postcode": "code-point_open",
        "website": "http://www.sajedeen.com",
        "wikidata": "Q38712108"
      },
      "geometry": {
        "type": "Point",
        "coordinates": [
          -2.4677028,
          53.7584123
        ]
      },
      "id": "node/5848570585"
    },
    {
      "type": "Feature",
      "properties": {
        "@id": "node/5897451270",
        "addr:city": "London",
        "addr:housenumber": "237",
        "addr:postcode": "E9 6RG",
        "addr:street": "Well Street",
        "amenity": "place_of_worship",
        "check_date": "2025-06-17",
        "name": "Hackney Central Masjid",
        "religion": "muslim"
      },
      "geometry": {
        "type": "Point",
        "coordinates": [
          -0.0469229,
          51.5443148
        ]
      },
      "id": "node/5897451270"
    },
    {
      "type": "Feature",
      "properties": {
        "@id": "node/5931064082",
        "addr:city": "London",
        "addr:housenumber": "71",
        "addr:postcode": "N1 6BT",
        "addr:street": "Pitfield Street",
        "amenity": "place_of_worship",
        "name": "Hoxton Islah",
        "religion": "muslim",
        "wheelchair": "limited"
      },
      "geometry": {
        "type": "Point",
        "coordinates": [
          -0.0836774,
          51.5294969
        ]
      },
      "id": "node/5931064082"
    },
    {
      "type": "Feature",
      "properties": {
        "@id": "node/5949406791",
        "amenity": "place_of_worship",
        "name": "Muslim Education Centre",
        "note": "Unsure whether place of worship or social outreach is more appropriate",
        "religion": "muslim",
        "website": "https://www.mecawt.co.uk/"
      },
      "geometry": {
        "type": "Point",
        "coordinates": [
          -0.7288836,
          51.6378911
        ]
      },
      "id": "node/5949406791"
    },
    {
      "type": "Feature",
      "properties": {
        "@id": "node/6019922909",
        "addr:city": "London",
        "addr:housenumber": "259",
        "addr:street": "Neasden Lane",
        "amenity": "place_of_worship",
        "contact:phone": "+44 20 8450 7060",
        "level": "0",
        "name": "Islamic Cultural Centre Neasden",
        "religion": "muslim",
        "source": "survey;Bing aerial imagery"
      },
      "geometry": {
        "type": "Point",
        "coordinates": [
          -0.2504888,
          51.5595705
        ]
      },
      "id": "node/6019922909"
    },
    {
      "type": "Feature",
      "properties": {
        "@id": "node/6133180104",
        "amenity": "place_of_worship",
        "name": "UKIM Iqra Centre Leeds",
        "religion": "muslim"
      },
      "geometry": {
        "type": "Point",
        "coordinates": [
          -1.549838,
          53.8357937
        ]
      },
      "id": "node/6133180104"
    },
    {
      "type": "Feature",
      "properties": {
        "@id": "node/6178128375",
        "addr:city": "Nottingham",
        "addr:housenumber": "74-76",
        "addr:postcode": "NG7 5QA",
        "addr:street": "Glentworth Road",
        "alt_name": "Masjid Bilal",
        "amenity": "place_of_worship",
        "denomination": "sunni",
        "name": "Masjid Noor",
        "religion": "muslim",
        "subdenomination": "deobandi"
      },
      "geometry": {
        "type": "Point",
        "coordinates": [
          -1.1798459,
          52.9625403
        ]
      },
      "id": "node/6178128375"
    },
    {
      "type": "Feature",
      "properties": {
        "@id": "node/6299924662",
        "addr:city": "Bedford",
        "addr:country": "GB",
        "addr:housenumber": "5",
        "addr:postcode": "MK42 9NU",
        "addr:street": "Elstow Road",
        "amenity": "place_of_worship",
        "check_date": "2026-07-24",
        "name": "South Bedford Islamic Centre",
        "religion": "muslim"
      },
      "geometry": {
        "type": "Point",
        "coordinates": [
          -0.4656208,
          52.1238424
        ]
      },
      "id": "node/6299924662"
    },
    {
      "type": "Feature",
      "properties": {
        "@id": "node/6359096299",
        "amenity": "place_of_worship",
        "name": "Islamic Prayer Room",
        "religion": "muslim"
      },
      "geometry": {
        "type": "Point",
        "coordinates": [
          -0.5887526,
          51.2430107
        ]
      },
      "id": "node/6359096299"
    },
    {
      "type": "Feature",
      "properties": {
        "@id": "node/6446471321",
        "addr:city": "Stockton-on-Tees",
        "addr:housenumber": "16",
        "addr:postcode": "TS18 3JQ",
        "addr:street": "Northcote Street",
        "amenity": "place_of_worship",
        "name": "Jamia Masjid Usman-e-Ghani",
        "phone": "+44 1642 676636",
        "religion": "muslim"
      },
      "geometry": {
        "type": "Point",
        "coordinates": [
          -1.319505,
          54.5579994
        ]
      },
      "id": "node/6446471321"
    },
    {
      "type": "Feature",
      "properties": {
        "@id": "node/6581199595",
        "amenity": "place_of_worship",
        "name": "Madrassa At Tawhad",
        "religion": "muslim"
      },
      "geometry": {
        "type": "Point",
        "coordinates": [
          -1.8456441,
          52.470936
        ]
      },
      "id": "node/6581199595"
    },
    {
      "type": "Feature",
      "properties": {
        "@id": "node/6815180519",
        "amenity": "place_of_worship",
        "religion": "muslim"
      },
      "geometry": {
        "type": "Point",
        "coordinates": [
          -2.8319923,
          52.4395755
        ]
      },
      "id": "node/6815180519"
    },
    {
      "type": "Feature",
      "properties": {
        "@id": "node/6836409494",
        "amenity": "place_of_worship",
        "name": "Sultan Bahu Centre",
        "religion": "muslim"
      },
      "geometry": {
        "type": "Point",
        "coordinates": [
          -1.8227045,
          52.4920688
        ]
      },
      "id": "node/6836409494"
    },
    {
      "type": "Feature",
      "properties": {
        "@id": "node/7055596032",
        "addr:street": "Arnold Street",
        "amenity": "place_of_worship",
        "denomination": "sunni",
        "name": "Madani",
        "religion": "muslim"
      },
      "geometry": {
        "type": "Point",
        "coordinates": [
          -1.1203802,
          52.6399959
        ]
      },
      "id": "node/7055596032"
    },
    {
      "type": "Feature",
      "properties": {
        "@id": "node/7055596033",
        "addr:postcode": "LE5 0TE",
        "addr:street": "Thurmaston Lane",
        "amenity": "place_of_worship",
        "name": "Darul Arqam",
        "religion": "muslim"
      },
      "geometry": {
        "type": "Point",
        "coordinates": [
          -1.0813836,
          52.6483645
        ]
      },
      "id": "node/7055596033"
    },
    {
      "type": "Feature",
      "properties": {
        "@id": "node/7055596034",
        "amenity": "place_of_worship",
        "name": "DMU Prayer room",
        "religion": "muslim"
      },
      "geometry": {
        "type": "Point",
        "coordinates": [
          -1.1405991,
          52.6305131
        ]
      },
      "id": "node/7055596034"
    },
    {
      "type": "Feature",
      "properties": {
        "@id": "node/7061205857",
        "addr:housenumber": "355",
        "addr:street": "Welford Road",
        "amenity": "place_of_worship",
        "denomination": "sunni",
        "name": "Knighton Education Centre",
        "religion": "muslim"
      },
      "geometry": {
        "type": "Point",
        "coordinates": [
          -1.1244842,
          52.6127089
        ]
      },
      "id": "node/7061205857"
    },
    {
      "type": "Feature",
      "properties": {
        "@id": "node/7061205860",
        "addr:postcode": "LE5 0EZ",
        "addr:street": "Prestwold Road",
        "amenity": "place_of_worship",
        "name": "Muhaddith e Azam Community Centre",
        "religion": "muslim"
      },
      "geometry": {
        "type": "Point",
        "coordinates": [
          -1.1076951,
          52.6446067
        ]
      },
      "id": "node/7061205860"
    },
    {
      "type": "Feature",
      "properties": {
        "@id": "node/7204478753",
        "amenity": "place_of_worship",
        "name": "Al-Jalal Masjid",
        "religion": "muslim"
      },
      "geometry": {
        "type": "Point",
        "coordinates": [
          -0.4322675,
          51.8957249
        ]
      },
      "id": "node/7204478753"
    },
    {
      "type": "Feature",
      "properties": {
        "@id": "node/7204692807",
        "amenity": "place_of_worship",
        "name": "Baitul Abraar Jami Masjir",
        "religion": "muslim"
      },
      "geometry": {
        "type": "Point",
        "coordinates": [
          -0.4384325,
          51.8949031
        ]
      },
      "id": "node/7204692807"
    },
    {
      "type": "Feature",
      "properties": {
        "@id": "node/7434748890",
        "amenity": "place_of_worship",
        "religion": "muslim"
      },
      "geometry": {
        "type": "Point",
        "coordinates": [
          -2.2014315,
          53.4544084
        ]
      },
      "id": "node/7434748890"
    },
    {
      "type": "Feature",
      "properties": {
        "@id": "node/7442279299",
        "amenity": "place_of_worship",
        "religion": "muslim"
      },
      "geometry": {
        "type": "Point",
        "coordinates": [
          -2.1907019,
          53.4568481
        ]
      },
      "id": "node/7442279299"
    },
    {
      "type": "Feature",
      "properties": {
        "@id": "node/7638240544",
        "addr:housenumber": "6",
        "amenity": "place_of_worship",
        "name": "North Tyneside Bangladeshi Community Association & Mosque",
        "religion": "muslim"
      },
      "geometry": {
        "type": "Point",
        "coordinates": [
          -1.4408736,
          55.0426434
        ]
      },
      "id": "node/7638240544"
    },
    {
      "type": "Feature",
      "properties": {
        "@id": "node/7687610864",
        "addr:city": "London",
        "addr:housenumber": "150",
        "addr:street": "Homerton High Street",
        "amenity": "place_of_worship",
        "name": "Al-Hudaa Islamic Prayer Group",
        "phone": "+44 7946 555167",
        "religion": "muslim"
      },
      "geometry": {
        "type": "Point",
        "coordinates": [
          -0.0442198,
          51.5479731
        ]
      },
      "id": "node/7687610864"
    },
    {
      "type": "Feature",
      "properties": {
        "@id": "node/7807015284",
        "amenity": "place_of_worship",
        "name": "University of Sussex Mosque",
        "religion": "muslim"
      },
      "geometry": {
        "type": "Point",
        "coordinates": [
          -0.0884751,
          50.8647235
        ]
      },
      "id": "node/7807015284"
    },
    {
      "type": "Feature",
      "properties": {
        "@id": "node/8026594015",
        "addr:city": "London",
        "addr:housenumber": "246",
        "addr:postcode": "E3 3AP",
        "addr:street": "Bow Road",
        "amenity": "place_of_worship",
        "name": "Bow Central Mosque",
        "note": "In same building as Bow Muslim Cultural Centre",
        "religion": "muslim"
      },
      "geometry": {
        "type": "Point",
        "coordinates": [
          -0.0145175,
          51.529195
        ]
      },
      "id": "node/8026594015"
    },
    {
      "type": "Feature",
      "properties": {
        "@id": "node/8579892509",
        "addr:city": "London",
        "addr:housenumber": "95",
        "addr:street": "Bloemfontein Road",
        "amenity": "place_of_worship",
        "contact:facebook": "https://www.facebook.com/white.city.mosque/",
        "name": "White City Musalla",
        "religion": "muslim"
      },
      "geometry": {
        "type": "Point",
        "coordinates": [
          -0.2346719,
          51.5121148
        ]
      },
      "id": "node/8579892509"
    },
    {
      "type": "Feature",
      "properties": {
        "@id": "node/8634306003",
        "addr:housenumber": "356-358",
        "addr:street": "Uxbridge Road",
        "amenity": "place_of_worship",
        "name": "Masjid Almukhbiteen",
        "religion": "muslim",
        "website": "http://almukhbateenmasjid.org.uk/"
      },
      "geometry": {
        "type": "Point",
        "coordinates": [
          -0.2339036,
          51.5065991
        ]
      },
      "id": "node/8634306003"
    },
    {
      "type": "Feature",
      "properties": {
        "@id": "node/8679652017",
        "amenity": "place_of_worship",
        "check_date": "2025-11-10",
        "name": "Taj Daar e Madina",
        "religion": "muslim"
      },
      "geometry": {
        "type": "Point",
        "coordinates": [
          -0.1653906,
          51.4260572
        ]
      },
      "id": "node/8679652017"
    },
    {
      "type": "Feature",
      "properties": {
        "@id": "node/8911865389",
        "addr:city": "Newport",
        "addr:housenumber": "276",
        "addr:postcode": "NP19 0DZ",
        "addr:street": "Corporation Road",
        "amenity": "place_of_worship",
        "contact:facebook": "https://www.facebook.com/IqraNewport/",
        "email": "iqranewport@gmail.com",
        "name": "IQRA Community Centre",
        "name:cy": "Canolfan Gymunedol IQRA",
        "phone": "+44 7946 629 672",
        "religion": "muslim"
      },
      "geometry": {
        "type": "Point",
        "coordinates": [
          -2.9781088,
          51.5846466
        ]
      },
      "id": "node/8911865389"
    },
    {
      "type": "Feature",
      "properties": {
        "@id": "node/8938826920",
        "amenity": "place_of_worship",
        "check_date": "2024-12-18",
        "name": "As Sabr",
        "religion": "muslim"
      },
      "geometry": {
        "type": "Point",
        "coordinates": [
          -0.0392735,
          51.5175268
        ]
      },
      "id": "node/8938826920"
    },
    {
      "type": "Feature",
      "properties": {
        "@id": "node/8968175244",
        "amenity": "place_of_worship",
        "name": "Masjid Ilyas",
        "religion": "muslim",
        "wikidata": "Q3866047",
        "wikipedia": "en:Abbey Mills Mosque"
      },
      "geometry": {
        "type": "Point",
        "coordinates": [
          0.0029368,
          51.5290704
        ]
      },
      "id": "node/8968175244"
    },
    {
      "type": "Feature",
      "properties": {
        "@id": "node/9023209856",
        "addr:city": "Slough",
        "addr:housenumber": "1",
        "addr:postcode": "SL1 6FE",
        "addr:street": "Whittle Parkway",
        "amenity": "place_of_worship",
        "email": "admin@al-madani.org",
        "name": "Al-Madani Masjid",
        "phone": "+44 1628 669756",
        "religion": "muslim",
        "website": "https://al-madani.org"
      },
      "geometry": {
        "type": "Point",
        "coordinates": [
          -0.6503894,
          51.5218398
        ]
      },
      "id": "node/9023209856"
    },
    {
      "type": "Feature",
      "properties": {
        "@id": "node/9074851066",
        "amenity": "place_of_worship",
        "name": "Shahjal Mosque",
        "religion": "muslim"
      },
      "geometry": {
        "type": "Point",
        "coordinates": [
          -1.6384053,
          54.9712449
        ]
      },
      "id": "node/9074851066"
    },
    {
      "type": "Feature",
      "properties": {
        "@id": "node/9173321868",
        "addr:city": "Newport",
        "addr:housenumber": "48",
        "addr:postcode": "NP19 0AG",
        "addr:street": "Clarence Place",
        "amenity": "place_of_worship",
        "denomination": "shia",
        "name": "Alevi Cultural Centre",
        "religion": "muslim",
        "website": "http://www.alevinet.org/SAP.aspx?pid=About_en-GB"
      },
      "geometry": {
        "type": "Point",
        "coordinates": [
          -2.9901221,
          51.5910757
        ]
      },
      "id": "node/9173321868"
    },
    {
      "type": "Feature",
      "properties": {
        "@id": "node/9249523091",
        "addr:city": "Newport",
        "addr:housenumber": "63",
        "addr:postcode": "NP20 4DX",
        "addr:street": "Stow Hill",
        "amenity": "place_of_worship",
        "name": "Newport Central Jam'e Masjid",
        "phone": "+44 7528 229 928",
        "religion": "muslim",
        "website": "https://ncjm.co.uk/"
      },
      "geometry": {
        "type": "Point",
        "coordinates": [
          -2.9969069,
          51.5848926
        ]
      },
      "id": "node/9249523091"
    },
    {
      "type": "Feature",
      "properties": {
        "@id": "node/9261988943",
        "addr:city": "Stockport",
        "addr:housenumber": "2a",
        "addr:postcode": "SK2 6RX",
        "addr:street": "Longshut Lane West",
        "amenity": "place_of_worship",
        "name": "Stockport Islamic Centre",
        "religion": "muslim"
      },
      "geometry": {
        "type": "Point",
        "coordinates": [
          -2.1573795,
          53.4012093
        ]
      },
      "id": "node/9261988943"
    },
    {
      "type": "Feature",
      "properties": {
        "@id": "node/9634041505",
        "addr:city": "Newport",
        "addr:country": "GB",
        "addr:county": "Isle of Wight",
        "addr:housenumber": "42",
        "addr:postcode": "PO30 1PZ",
        "addr:street": "Chapel Street",
        "amenity": "place_of_worship",
        "check_date": "2026-06-28",
        "name": "Isle of Wight Jami Mosque",
        "religion": "muslim"
      },
      "geometry": {
        "type": "Point",
        "coordinates": [
          -1.2958342,
          50.6980372
        ]
      },
      "id": "node/9634041505"
    },
    {
      "type": "Feature",
      "properties": {
        "@id": "node/9667915417",
        "addr:city": "Birmingham",
        "addr:country": "GB",
        "addr:housenumber": "394-396",
        "addr:postcode": "B10 9SP",
        "addr:street": "Wright Street",
        "alt_name": "The Salafi Masjid",
        "amenity": "place_of_worship",
        "denomination": "sunni",
        "name": "Masjid Salafi",
        "prayer_times:url": "https://www.wrightstreetmosque.com",
        "religion": "muslim",
        "subdenomination": "salafi",
        "website": "https://www.wrightstreetmosque.com"
      },
      "geometry": {
        "type": "Point",
        "coordinates": [
          -1.8583834,
          52.4703405
        ]
      },
      "id": "node/9667915417"
    },
    {
      "type": "Feature",
      "properties": {
        "@id": "node/9742207092",
        "addr:city": "Newport",
        "addr:housenumber": "183-186",
        "addr:postcode": "NP20 2PP",
        "addr:street": "Commercial Road",
        "amenity": "place_of_worship",
        "denomination": "sufi",
        "name": "Jamia Masjid",
        "phone": "+44 1633 662 096",
        "religion": "muslim"
      },
      "geometry": {
        "type": "Point",
        "coordinates": [
          -2.9919157,
          51.5824435
        ]
      },
      "id": "node/9742207092"
    },
    {
      "type": "Feature",
      "properties": {
        "@id": "node/9746962406",
        "amenity": "place_of_worship",
        "name": "Said Nursi Camii",
        "religion": "muslim"
      },
      "geometry": {
        "type": "Point",
        "coordinates": [
          -0.0542316,
          51.6051113
        ]
      },
      "id": "node/9746962406"
    },
    {
      "type": "Feature",
      "properties": {
        "@id": "node/9892528809",
        "addr:city": "Manchester",
        "addr:housenumber": "12",
        "addr:postcode": "M8 8RG",
        "addr:street": "Honey Street",
        "amenity": "place_of_worship",
        "denomination": "shia",
        "name": "Al Murtaza Trust",
        "religion": "muslim"
      },
      "geometry": {
        "type": "Point",
        "coordinates": [
          -2.2359728,
          53.4929654
        ]
      },
      "id": "node/9892528809"
    },
    {
      "type": "Feature",
      "properties": {
        "@id": "node/9906093926",
        "addr:city": "Bedford",
        "addr:country": "GB",
        "addr:housenumber": "43",
        "addr:street": "Brereton Road",
        "amenity": "place_of_worship",
        "name": "Bedford Al Falaah Islamic Centre",
        "religion": "muslim"
      },
      "geometry": {
        "type": "Point",
        "coordinates": [
          -0.4734689,
          52.1363181
        ]
      },
      "id": "node/9906093926"
    },
    {
      "type": "Feature",
      "properties": {
        "@id": "node/9906093927",
        "addr:city": "Bedford",
        "addr:country": "GB",
        "addr:housenumber": "65",
        "addr:postcode": "MK40 1QS",
        "addr:street": "Commercial Road",
        "amenity": "place_of_worship",
        "fax": "+44 1234 219427",
        "name": "Bangladesh Islamic Mission & Jamee Mosjid",
        "phone": "+44 1234 219427",
        "religion": "muslim"
      },
      "geometry": {
        "type": "Point",
        "coordinates": [
          -0.4736781,
          52.1341993
        ]
      },
      "id": "node/9906093927"
    },
    {
      "type": "Feature",
      "properties": {
        "@id": "node/9913297686",
        "addr:city": "Manchester",
        "addr:housenumber": "21-23",
        "addr:postcode": "M8 8LZ",
        "addr:street": "Broughton Street",
        "amenity": "place_of_worship",
        "denomination": "sufi",
        "name": "Markaz Dar-ul-ehsan Manchester",
        "religion": "muslim"
      },
      "geometry": {
        "type": "Point",
        "coordinates": [
          -2.241423,
          53.4959493
        ]
      },
      "id": "node/9913297686"
    },
    {
      "type": "Feature",
      "properties": {
        "@id": "node/9921436390",
        "addr:city": "Manchester",
        "addr:housenumber": "5",
        "addr:postcode": "M1 7HB",
        "addr:street": "Sidney Street",
        "amenity": "place_of_worship",
        "check_date": "2025-05-28",
        "name": "Manchester Islamic Centre",
        "religion": "muslim"
      },
      "geometry": {
        "type": "Point",
        "coordinates": [
          -2.2371229,
          53.4711527
        ]
      },
      "id": "node/9921436390"
    },
    {
      "type": "Feature",
      "properties": {
        "@id": "node/9935248471",
        "amenity": "place_of_worship",
        "building": "mosque",
        "name": "Masjid Albirr",
        "religion": "muslim",
        "wheelchair": "yes"
      },
      "geometry": {
        "type": "Point",
        "coordinates": [
          -1.5292415,
          52.2858415
        ]
      },
      "id": "node/9935248471"
    },
    {
      "type": "Feature",
      "properties": {
        "@id": "node/10037497862",
        "amenity": "place_of_worship",
        "name": "Masjid Bilal",
        "religion": "muslim"
      },
      "geometry": {
        "type": "Point",
        "coordinates": [
          -0.4537296,
          51.9031947
        ]
      },
      "id": "node/10037497862"
    },
    {
      "type": "Feature",
      "properties": {
        "@id": "node/10038007400",
        "addr:city": "Luton",
        "addr:housenumber": "128/130",
        "addr:street": "Oak Road",
        "amenity": "place_of_worship",
        "name": "Madinah Masjid",
        "religion": "muslim"
      },
      "geometry": {
        "type": "Point",
        "coordinates": [
          -0.4333538,
          51.8844559
        ]
      },
      "id": "node/10038007400"
    },
    {
      "type": "Feature",
      "properties": {
        "@id": "node/10038007401",
        "addr:city": "Luton",
        "addr:housenumber": "58",
        "addr:street": "Dumfries Street",
        "amenity": "place_of_worship",
        "name": "Luton Turkish Community Centre",
        "religion": "muslim"
      },
      "geometry": {
        "type": "Point",
        "coordinates": [
          -0.4208976,
          51.8766383
        ]
      },
      "id": "node/10038007401"
    },
    {
      "type": "Feature",
      "properties": {
        "@id": "node/10095209882",
        "amenity": "place_of_worship",
        "religion": "muslim"
      },
      "geometry": {
        "type": "Point",
        "coordinates": [
          -0.3634724,
          51.4634788
        ]
      },
      "id": "node/10095209882"
    },
    {
      "type": "Feature",
      "properties": {
        "@id": "node/10158051418",
        "amenity": "place_of_worship",
        "name": "Muslim Prayer Room",
        "religion": "muslim"
      },
      "geometry": {
        "type": "Point",
        "coordinates": [
          -0.5690612,
          51.4262508
        ]
      },
      "id": "node/10158051418"
    },
    {
      "type": "Feature",
      "properties": {
        "@id": "node/10226096081",
        "addr:city": "London",
        "addr:housenumber": "383",
        "addr:postcode": "E13 8AL",
        "addr:street": "Barking Road",
        "amenity": "place_of_worship",
        "denomination": "shia",
        "name": "Masjid & Imambargah Shuhdae Karbala",
        "religion": "muslim",
        "website": "https://shuhdaekarbala.org.uk"
      },
      "geometry": {
        "type": "Point",
        "coordinates": [
          0.0234644,
          51.52279
        ]
      },
      "id": "node/10226096081"
    },
    {
      "type": "Feature",
      "properties": {
        "@id": "node/10258104530",
        "addr:city": "London",
        "addr:housenumber": "269",
        "addr:postcode": "E6 3PG",
        "addr:street": "High Street South",
        "alt_name": "Central Park Education & Welfare",
        "amenity": "place_of_worship",
        "name": "Central Park Community Centre",
        "ref:GB:uprn": "10008987709",
        "religion": "muslim",
        "website": "https://centralparkcommunitycentre.com/"
      },
      "geometry": {
        "type": "Point",
        "coordinates": [
          0.057592,
          51.5230295
        ]
      },
      "id": "node/10258104530"
    },
    {
      "type": "Feature",
      "properties": {
        "@id": "node/10268709237",
        "addr:city": "London",
        "addr:housenumber": "295-297",
        "addr:postcode": "E6 1LB",
        "addr:street": "Barking Road",
        "addr:suburb": "East Ham",
        "amenity": "place_of_worship",
        "name": "Masjid Bilal & Islamic Centre",
        "religion": "muslim",
        "website": "https://bilalmasjideastham.co.uk"
      },
      "geometry": {
        "type": "Point",
        "coordinates": [
          0.0513182,
          51.5326908
        ]
      },
      "id": "node/10268709237"
    },
    {
      "type": "Feature",
      "properties": {
        "@id": "node/10270184270",
        "addr:city": "London",
        "addr:street": "Barking Road",
        "amenity": "place_of_worship",
        "name": "Jamia Masjid",
        "religion": "muslim"
      },
      "geometry": {
        "type": "Point",
        "coordinates": [
          0.0438006,
          51.5310865
        ]
      },
      "id": "node/10270184270"
    },
    {
      "type": "Feature",
      "properties": {
        "@id": "node/10693365094",
        "addr:city": "Inverness",
        "addr:street": "Portland Place",
        "alt_name": "Inverness Mosque",
        "amenity": "place_of_worship",
        "name": "Inverness Masjid",
        "name:gd": "Mosg Inbhir Nis",
        "religion": "muslim",
        "website": "https://invernessmasjid.co.uk/"
      },
      "geometry": {
        "type": "Point",
        "coordinates": [
          -4.2306811,
          57.483357
        ]
      },
      "id": "node/10693365094"
    },
    {
      "type": "Feature",
      "properties": {
        "@id": "node/10756670909",
        "addr:city": "Oldham",
        "addr:housename": "Werneth House",
        "addr:housenumber": "79",
        "addr:postcode": "OL8 4LN",
        "addr:street": "Manchester Road",
        "amenity": "place_of_worship",
        "denomination": "sunni",
        "name": "European Islamic Centre & Mosque",
        "office": "educational_institution",
        "religion": "muslim",
        "source": "Bing",
        "website": "https://www.ukimoldham.org.uk/"
      },
      "geometry": {
        "type": "Point",
        "coordinates": [
          -2.1348267,
          53.5282637
        ]
      },
      "id": "node/10756670909"
    },
    {
      "type": "Feature",
      "properties": {
        "@id": "node/10761152105",
        "addr:city": "Newcastle upon Tyne",
        "addr:postcode": "NE3 1XD",
        "addr:street": "Christon Road",
        "amenity": "place_of_worship",
        "contact:phone": "+44 7880 726359",
        "name": "Gosforth Prayer Hall",
        "religion": "muslim",
        "website": "https://gosforthprayerhall.com"
      },
      "geometry": {
        "type": "Point",
        "coordinates": [
          -1.6146126,
          55.0097822
        ]
      },
      "id": "node/10761152105"
    },
    {
      "type": "Feature",
      "properties": {
        "@id": "node/10819771400",
        "addr:city": "Ely",
        "addr:country": "GB",
        "addr:housenumber": "34",
        "addr:postcode": "CB7 4AH",
        "addr:street": "Broad Street",
        "air_conditioning": "no",
        "amenity": "place_of_worship",
        "denomination": "sunni",
        "email": "info@elyislamiccentre.org",
        "name": "Ely Islamic Centre",
        "ref:GB:charity_no": "1187894",
        "religion": "muslim",
        "service_times:url": "elyislamiccentre.org",
        "website": "https://elyislamiccentre.org/",
        "wheelchair": "limited"
      },
      "geometry": {
        "type": "Point",
        "coordinates": [
          0.26741,
          52.3968067
        ]
      },
      "id": "node/10819771400"
    },
    {
      "type": "Feature",
      "properties": {
        "@id": "node/10839475278",
        "amenity": "place_of_worship",
        "name": "Stechford Mosque",
        "religion": "muslim"
      },
      "geometry": {
        "type": "Point",
        "coordinates": [
          -1.8128745,
          52.480128
        ]
      },
      "id": "node/10839475278"
    },
    {
      "type": "Feature",
      "properties": {
        "@id": "node/10893575545",
        "addr:city": "Hounslow",
        "addr:housename": "Ahmadiyya Muslim Association",
        "addr:housenumber": "327",
        "addr:postcode": "TW4 7HG",
        "addr:street": "Martindale Road",
        "alt_name": "Baitun Noor Ahmadiyya Mosque;Baitun Noor",
        "alt_name:ur": "بیت النور",
        "amenity": "place_of_worship",
        "denomination": "ahmadiyya",
        "name": "Baitun Noor Mosque",
        "name:ur": "مسجد بیت النور",
        "religion": "muslim"
      },
      "geometry": {
        "type": "Point",
        "coordinates": [
          -0.3850911,
          51.4644185
        ]
      },
      "id": "node/10893575545"
    },
    {
      "type": "Feature",
      "properties": {
        "@id": "node/11021803764",
        "amenity": "place_of_worship",
        "name": "Docklands Community Centre",
        "religion": "muslim"
      },
      "geometry": {
        "type": "Point",
        "coordinates": [
          -0.0212156,
          51.4968648
        ]
      },
      "id": "node/11021803764"
    },
    {
      "type": "Feature",
      "properties": {
        "@id": "node/11035645265",
        "amenity": "place_of_worship",
        "check_date": "2025-10-01",
        "name": "Globe Town Mosque",
        "religion": "muslim"
      },
      "geometry": {
        "type": "Point",
        "coordinates": [
          -0.0482806,
          51.5286295
        ]
      },
      "id": "node/11035645265"
    },
    {
      "type": "Feature",
      "properties": {
        "@id": "node/11037392585",
        "amenity": "place_of_worship",
        "religion": "muslim"
      },
      "geometry": {
        "type": "Point",
        "coordinates": [
          -0.0570026,
          51.5159283
        ]
      },
      "id": "node/11037392585"
    },
    {
      "type": "Feature",
      "properties": {
        "@id": "node/11042947468",
        "amenity": "place_of_worship",
        "name": "Arrahman ManchesterIslamic Cultural Association",
        "religion": "muslim"
      },
      "geometry": {
        "type": "Point",
        "coordinates": [
          -2.2485079,
          53.4543677
        ]
      },
      "id": "node/11042947468"
    },
    {
      "type": "Feature",
      "properties": {
        "@id": "node/11181555589",
        "amenity": "place_of_worship",
        "level": "-1",
        "name": "Muslim Prayer Room",
        "religion": "muslim"
      },
      "geometry": {
        "type": "Point",
        "coordinates": [
          -3.3223449,
          55.9107186
        ]
      },
      "id": "node/11181555589"
    },
    {
      "type": "Feature",
      "properties": {
        "@id": "node/11223080879",
        "addr:city": "London",
        "addr:housenumber": "194",
        "addr:street": "Coldharbour Lane",
        "amenity": "place_of_worship",
        "check_date": "2025-10-16",
        "name": "Lambeth Masjid Progressive Community Centre",
        "religion": "muslim"
      },
      "geometry": {
        "type": "Point",
        "coordinates": [
          -0.101125,
          51.4665109
        ]
      },
      "id": "node/11223080879"
    },
    {
      "type": "Feature",
      "properties": {
        "@id": "node/11451316537",
        "addr:street": "Brent view road",
        "amenity": "place_of_worship",
        "name": "Hendon Mosque & Islamic Centre",
        "phone": "+44 20 8202 3236",
        "religion": "muslim",
        "website": "https://hendonmosque.co.uk/"
      },
      "geometry": {
        "type": "Point",
        "coordinates": [
          -0.2390867,
          51.5776887
        ]
      },
      "id": "node/11451316537"
    },
    {
      "type": "Feature",
      "properties": {
        "@id": "node/11543657111",
        "addr:city": "Romford",
        "addr:housenumber": "1041-1043",
        "addr:postcode": "RM6 4AU",
        "addr:street": "High Road",
        "addr:suburb": "Chadwell Heath",
        "amenity": "place_of_worship",
        "name": "Chadwell Heath Muslim Centre",
        "religion": "muslim",
        "source:addr:postcode": "ons_uprn_directory"
      },
      "geometry": {
        "type": "Point",
        "coordinates": [
          0.1244983,
          51.5696015
        ]
      },
      "id": "node/11543657111"
    },
    {
      "type": "Feature",
      "properties": {
        "@id": "node/11583907945",
        "addr:city": "Newport",
        "addr:housenumber": "12",
        "addr:postcode": "NP19 0BA",
        "addr:street": "Cedar Road",
        "amenity": "place_of_worship",
        "denomination": "muslim",
        "name": "East Newport Islamic Cultural Centre",
        "religion": "muslim"
      },
      "geometry": {
        "type": "Point",
        "coordinates": [
          -2.9874602,
          51.5900485
        ]
      },
      "id": "node/11583907945"
    },
    {
      "type": "Feature",
      "properties": {
        "@id": "node/11626983452",
        "addr:city": "Solihull",
        "addr:housename": "6 Highlands Court",
        "addr:postcode": "B90 4LE",
        "addr:street": "Cranmore Avenue",
        "amenity": "place_of_worship",
        "name": "SIEA Highlands Mosque",
        "religion": "muslim",
        "website": "https://solihullislamiceducationacademy.org.uk"
      },
      "geometry": {
        "type": "Point",
        "coordinates": [
          -1.8064214,
          52.3990327
        ]
      },
      "id": "node/11626983452"
    },
    {
      "type": "Feature",
      "properties": {
        "@id": "node/11664987958",
        "amenity": "place_of_worship",
        "level": "1",
        "name": "Prayer Room",
        "religion": "muslim"
      },
      "geometry": {
        "type": "Point",
        "coordinates": [
          -1.1854388,
          52.951771
        ]
      },
      "id": "node/11664987958"
    },
    {
      "type": "Feature",
      "properties": {
        "@id": "node/11664987959",
        "amenity": "place_of_worship",
        "level": "1",
        "name": "Prayer Room",
        "religion": "muslim"
      },
      "geometry": {
        "type": "Point",
        "coordinates": [
          -1.1854357,
          52.9516525
        ]
      },
      "id": "node/11664987959"
    },
    {
      "type": "Feature",
      "properties": {
        "@id": "node/11765933362",
        "addr:city": "Manchester",
        "addr:housename": "Cavendish Hall of Residence",
        "addr:postcode": "M15 6BG",
        "addr:street": "Cavendish Street",
        "amenity": "place_of_worship",
        "name": "Cavendish Prayer Rooms",
        "religion": "muslim"
      },
      "geometry": {
        "type": "Point",
        "coordinates": [
          -2.2394377,
          53.4695658
        ]
      },
      "id": "node/11765933362"
    },
    {
      "type": "Feature",
      "properties": {
        "@id": "node/11780635078",
        "addr:city": "London",
        "addr:housename": "Arch 304",
        "addr:housenumber": "304",
        "addr:postcode": "E14 8AE",
        "addr:street": "Stocks Place",
        "amenity": "place_of_worship",
        "name": "Limehouse Bangladeshi Cultural Centre",
        "religion": "muslim"
      },
      "geometry": {
        "type": "Point",
        "coordinates": [
          -0.0284004,
          51.510194
        ]
      },
      "id": "node/11780635078"
    },
    {
      "type": "Feature",
      "properties": {
        "@id": "node/11780635081",
        "addr:city": "London",
        "addr:housename": "Arch 306",
        "addr:postcode": "E14 8AE",
        "addr:street": "Stocks Place",
        "amenity": "place_of_worship",
        "religion": "muslim"
      },
      "geometry": {
        "type": "Point",
        "coordinates": [
          -0.0281535,
          51.5100961
        ]
      },
      "id": "node/11780635081"
    },
    {
      "type": "Feature",
      "properties": {
        "@id": "node/11804834009",
        "amenity": "place_of_worship",
        "name": "Hough End Hall Academy",
        "religion": "muslim"
      },
      "geometry": {
        "type": "Point",
        "coordinates": [
          -2.2651151,
          53.4357525
        ]
      },
      "id": "node/11804834009"
    },
    {
      "type": "Feature",
      "properties": {
        "@id": "node/11843466146",
        "amenity": "place_of_worship",
        "name": "Razvia Masjid",
        "religion": "muslim"
      },
      "geometry": {
        "type": "Point",
        "coordinates": [
          -1.3991837,
          50.9094043
        ]
      },
      "id": "node/11843466146"
    },
    {
      "type": "Feature",
      "properties": {
        "@id": "node/11843694754",
        "addr:city": "Manchester",
        "addr:housenumber": "71",
        "addr:postcode": "M12 6FX",
        "addr:street": "Ardwick Green North",
        "amenity": "place_of_worship",
        "denomination": "sunni",
        "name": "Abu Bakar Mosque",
        "religion": "muslim",
        "source": "aerial imagery;code-point_open"
      },
      "geometry": {
        "type": "Point",
        "coordinates": [
          -2.2226191,
          53.4715148
        ]
      },
      "id": "node/11843694754"
    },
    {
      "type": "Feature",
      "properties": {
        "@id": "node/11910523029",
        "addr:city": "Manchester",
        "addr:housenumber": "2A",
        "addr:postcode": "M12 6BZ",
        "addr:street": "Higher Ardwick",
        "amenity": "place_of_worship",
        "denomination": "shia",
        "name": "Dar Al-Islam Foundation",
        "religion": "muslim",
        "source": "aerial imagery;code-point_open"
      },
      "geometry": {
        "type": "Point",
        "coordinates": [
          -2.2216908,
          53.4708601
        ]
      },
      "id": "node/11910523029"
    },
    {
      "type": "Feature",
      "properties": {
        "@id": "node/11945724569",
        "addr:street": "Ralph Road",
        "amenity": "place_of_worship",
        "denomination": "sunni",
        "name": "Shah Jalal Mosque",
        "religion": "muslim"
      },
      "geometry": {
        "type": "Point",
        "coordinates": [
          -1.8556099,
          52.4899538
        ]
      },
      "id": "node/11945724569"
    },
    {
      "type": "Feature",
      "properties": {
        "@id": "node/12085425161",
        "addr:city": "Oldham",
        "addr:housename": "Compass House",
        "addr:postcode": "OL9 6LD",
        "addr:street": "Neville Street",
        "amenity": "place_of_worship",
        "denomination": "sunni",
        "email": "info@westwoodmosque.org",
        "name": "Westwood Mosque",
        "phone": "+44161 628 8896",
        "religion": "muslim",
        "website": "https://westwoodmosque.org/",
        "wikidata": "Q117305478",
        "wikipedia": "en:Westwood Mosque"
      },
      "geometry": {
        "type": "Point",
        "coordinates": [
          -2.1330945,
          53.5439801
        ]
      },
      "id": "node/12085425161"
    },
    {
      "type": "Feature",
      "properties": {
        "@id": "node/12093684687",
        "addr:city": "Glasgow",
        "addr:housenumber": "257",
        "addr:street": "Kenmure Street",
        "amenity": "place_of_worship",
        "denomination": "sunni",
        "name": "Zia Ul Quran Centre",
        "religion": "muslim",
        "website": "https://zia-ul-quran.org"
      },
      "geometry": {
        "type": "Point",
        "coordinates": [
          -4.2736727,
          55.8393653
        ]
      },
      "id": "node/12093684687"
    },
    {
      "type": "Feature",
      "properties": {
        "@id": "node/12127744798",
        "amenity": "place_of_worship",
        "name": "Lampeter Campus Mosque",
        "religion": "muslim"
      },
      "geometry": {
        "type": "Point",
        "coordinates": [
          -4.0771062,
          52.1148586
        ]
      },
      "id": "node/12127744798"
    },
    {
      "type": "Feature",
      "properties": {
        "@id": "node/12133584181",
        "amenity": "place_of_worship",
        "denomination": "sunni",
        "name": "Markaz Al-Takwa",
        "religion": "muslim"
      },
      "geometry": {
        "type": "Point",
        "coordinates": [
          -2.2135976,
          53.4613195
        ]
      },
      "id": "node/12133584181"
    },
    {
      "type": "Feature",
      "properties": {
        "@id": "node/12149876353",
        "addr:housenumber": "8a",
        "addr:street": "Annandale Street Lane",
        "amenity": "place_of_worship",
        "check_date": "2026-09-10",
        "name": "Shahjalal Mosque",
        "religion": "muslim"
      },
      "geometry": {
        "type": "Point",
        "coordinates": [
          -3.183322,
          55.9603093
        ]
      },
      "id": "node/12149876353"
    },
    {
      "type": "Feature",
      "properties": {
        "@id": "node/12169889359",
        "addr:city": "London",
        "addr:housenumber": "60",
        "addr:postcode": "NW10 4AE",
        "addr:street": "Craven Park Road",
        "amenity": "place_of_worship",
        "check_date": "2024-05-15",
        "name": "Iqraa Ethiopian Muslim Centre",
        "religion": "muslim",
        "source:addr:postcode": "FHRS Open Data"
      },
      "geometry": {
        "type": "Point",
        "coordinates": [
          -0.2508046,
          51.539183
        ]
      },
      "id": "node/12169889359"
    },
    {
      "type": "Feature",
      "properties": {
        "@id": "node/12227799229",
        "addr:city": "Newport",
        "addr:housenumber": "48",
        "addr:postcode": "NP20 2JE",
        "addr:street": "Alexandra Road",
        "amenity": "place_of_worship",
        "email": "info@newportdiyanet.org",
        "name": "Newport Diyanet Education Community Centre",
        "religion": "muslim",
        "website": "https://newportdiyanet.org/"
      },
      "geometry": {
        "type": "Point",
        "coordinates": [
          -2.9904623,
          51.5728166
        ]
      },
      "id": "node/12227799229"
    },
    {
      "type": "Feature",
      "properties": {
        "@id": "node/12292045553",
        "amenity": "place_of_worship",
        "check_date": "2024-10-27",
        "name": "Dartford Masjid",
        "religion": "muslim"
      },
      "geometry": {
        "type": "Point",
        "coordinates": [
          0.2157251,
          51.4465507
        ]
      },
      "id": "node/12292045553"
    },
    {
      "type": "Feature",
      "properties": {
        "@id": "node/12457438935",
        "addr:city": "Newport",
        "addr:housenumber": "51-52",
        "addr:postcode": "NP19 8DT",
        "addr:street": "Hereford Street",
        "amenity": "place_of_worship",
        "denomination": "muslim",
        "name": "Dawat-e-Islami Faizan-e-Madina",
        "phone": "+44 1633 243 413",
        "religion": "muslim"
      },
      "geometry": {
        "type": "Point",
        "coordinates": [
          -2.9833863,
          51.5908257
        ]
      },
      "id": "node/12457438935"
    },
    {
      "type": "Feature",
      "properties": {
        "@id": "node/12509126586",
        "addr:city": "Edinburgh",
        "addr:housenumber": "63",
        "addr:postcode": "EH16 4NX",
        "addr:street": "Niddrie Mains Terrace",
        "amenity": "place_of_worship",
        "email": "eemforum@gmail.com",
        "name": "Niddrie Masjid",
        "religion": "muslim",
        "website": "https://niddrie.go2masjid.website/index.php/contact-us/"
      },
      "geometry": {
        "type": "Point",
        "coordinates": [
          -3.1299256,
          55.9359209
        ]
      },
      "id": "node/12509126586"
    },
    {
      "type": "Feature",
      "properties": {
        "@id": "node/12556162026",
        "addr:city": "Perth",
        "addr:housenumber": "37",
        "addr:postcode": "PH1 5YA",
        "addr:street": "St Catherine's Road",
        "amenity": "place_of_worship",
        "name": "Perth Mosque",
        "religion": "muslim"
      },
      "geometry": {
        "type": "Point",
        "coordinates": [
          -3.4411186,
          56.399751
        ]
      },
      "id": "node/12556162026"
    },
    {
      "type": "Feature",
      "properties": {
        "@id": "node/12569715600",
        "addr:city": "Leicester",
        "addr:postcode": "LE5 1BJ",
        "addr:street": "Maidenwell Avenue",
        "addr:suburb": "Hamilton",
        "amenity": "place_of_worship",
        "denomination": "sunni",
        "name": "The Hamilton Hub",
        "religion": "muslim",
        "website": "https://dfhtrust.org/locations/the-hamilton-hub/"
      },
      "geometry": {
        "type": "Point",
        "coordinates": [
          -1.0679203,
          52.6534865
        ]
      },
      "id": "node/12569715600"
    },
    {
      "type": "Feature",
      "properties": {
        "@id": "node/12609664004",
        "addr:city": "Newport",
        "addr:postcode": "NP19 8EZ",
        "addr:street": "Probert Place",
        "amenity": "place_of_worship",
        "name": "Jaima Ala Abba Community Center",
        "religion": "muslim"
      },
      "geometry": {
        "type": "Point",
        "coordinates": [
          -2.9798072,
          51.5896762
        ]
      },
      "id": "node/12609664004"
    },
    {
      "type": "Feature",
      "properties": {
        "@id": "node/12686164774",
        "amenity": "place_of_worship",
        "religion": "muslim"
      },
      "geometry": {
        "type": "Point",
        "coordinates": [
          -0.7794566,
          51.6292897
        ]
      },
      "id": "node/12686164774"
    },
    {
      "type": "Feature",
      "properties": {
        "@id": "node/12731995999",
        "addr:city": "Galashiels",
        "addr:housenumber": "6A",
        "addr:postcode": "TD1 1PB",
        "addr:street": "Roxburgh Street",
        "amenity": "place_of_worship",
        "name": "Borders Islamic Society",
        "religion": "muslim"
      },
      "geometry": {
        "type": "Point",
        "coordinates": [
          -2.8128772,
          55.6186982
        ]
      },
      "id": "node/12731995999"
    },
    {
      "type": "Feature",
      "properties": {
        "@id": "node/12735267728",
        "addr:city": "Skegness",
        "addr:housenumber": "44",
        "addr:postcode": "PE25 2SP",
        "addr:street": "Roman Bank",
        "amenity": "place_of_worship",
        "name": "Skegness Mosque",
        "religion": "muslim",
        "website": "https://skegnessmosque.org/"
      },
      "geometry": {
        "type": "Point",
        "coordinates": [
          0.338624,
          53.1470619
        ]
      },
      "id": "node/12735267728"
    },
    {
      "type": "Feature",
      "properties": {
        "@id": "node/12827792826",
        "addr:city": "Perth",
        "addr:housenumber": "24",
        "addr:postcode": "PH1 5QA",
        "addr:street": "New Row",
        "amenity": "place_of_worship",
        "name": "Perth Central Mosque",
        "religion": "muslim",
        "website": "https://perthcentralmosque.com/"
      },
      "geometry": {
        "type": "Point",
        "coordinates": [
          -3.4357971,
          56.3959725
        ]
      },
      "id": "node/12827792826"
    },
    {
      "type": "Feature",
      "properties": {
        "@id": "node/12830228966",
        "amenity": "place_of_worship",
        "name": "Indonesian Islamic Centre",
        "religion": "muslim"
      },
      "geometry": {
        "type": "Point",
        "coordinates": [
          -0.2469312,
          51.5578327
        ]
      },
      "id": "node/12830228966"
    },
    {
      "type": "Feature",
      "properties": {
        "@id": "node/12942391044",
        "addr:city": "Peterborough",
        "addr:housenumber": "27",
        "addr:postcode": "PE1 2NP",
        "addr:street": "Norfolk Street",
        "addr:substreet": "The Courtyard",
        "addr:unit": "3B",
        "amenity": "place_of_worship",
        "denomination": "sunni",
        "note": "top floor of building. No wudu? Maybe more of a madrasa, but does have Friday prayers.",
        "operator": "The Islamic Cultural Centre",
        "operator:type": "charitable",
        "ref:GB-EAW:charity": "1152331",
        "religion": "muslim"
      },
      "geometry": {
        "type": "Point",
        "coordinates": [
          -0.246396,
          52.5824516
        ]
      },
      "id": "node/12942391044"
    },
    {
      "type": "Feature",
      "properties": {
        "@id": "node/12999022001",
        "addr:city": "Epsom",
        "addr:housenumber": "113",
        "addr:street": "Hook Road",
        "air_conditioning": "yes",
        "alt_name": "Epsom Mosque",
        "amenity": "place_of_worship",
        "denomination": "sunni",
        "email": "EEIS@hotmail.co.uk",
        "name": "Epsom & Ewell Islamic Society",
        "phone": "+44 1372 210828",
        "religion": "muslim",
        "service_times": "15 minutes before and after prayer times. See website for exact times.",
        "website": "https://eeis.co.uk/"
      },
      "geometry": {
        "type": "Point",
        "coordinates": [
          -0.266812,
          51.3388336
        ]
      },
      "id": "node/12999022001"
    },
    {
      "type": "Feature",
      "properties": {
        "@id": "node/13000115153",
        "addr:city": "Dundee",
        "addr:street": "Airlie Place",
        "amenity": "place_of_worship",
        "name": "Muslim Prayer Rooms",
        "religion": "muslim"
      },
      "geometry": {
        "type": "Point",
        "coordinates": [
          -2.9808531,
          56.4569199
        ]
      },
      "id": "node/13000115153"
    },
    {
      "type": "Feature",
      "properties": {
        "@id": "node/13104253967",
        "amenity": "place_of_worship",
        "religion": "muslim"
      },
      "geometry": {
        "type": "Point",
        "coordinates": [
          0.7492416,
          52.4143564
        ]
      },
      "id": "node/13104253967"
    },
    {
      "type": "Feature",
      "properties": {
        "@id": "node/13127602232",
        "amenity": "place_of_worship",
        "name": "Madrassa Mahmoodia",
        "religion": "muslim"
      },
      "geometry": {
        "type": "Point",
        "coordinates": [
          -1.7609048,
          53.7895773
        ]
      },
      "id": "node/13127602232"
    },
    {
      "type": "Feature",
      "properties": {
        "@id": "node/13127956384",
        "amenity": "place_of_worship",
        "name": "Madinat Al-Zahra Grand Mosque",
        "religion": "muslim"
      },
      "geometry": {
        "type": "Point",
        "coordinates": [
          -1.7900675,
          53.7784868
        ]
      },
      "id": "node/13127956384"
    },
    {
      "type": "Feature",
      "properties": {
        "@id": "node/13128244550",
        "amenity": "place_of_worship",
        "name": "Al-Mustafa Centre",
        "religion": "muslim"
      },
      "geometry": {
        "type": "Point",
        "coordinates": [
          -1.7896376,
          53.7977266
        ]
      },
      "id": "node/13128244550"
    },
    {
      "type": "Feature",
      "properties": {
        "@id": "node/13128414737",
        "addr:city": "Harrogate",
        "addr:housenumber": "4",
        "addr:postcode": "HG1 1JA",
        "addr:street": "Belford Road",
        "amenity": "place_of_worship",
        "denomination": "sunni",
        "name": "Harrogate Islamic Association",
        "operator": "Harrogage Islamic Association",
        "operator:type": "charitable",
        "ref:GB-EAW:charity": "1162809",
        "religion": "muslim",
        "website": "https://harrogatemuslims.org"
      },
      "geometry": {
        "type": "Point",
        "coordinates": [
          -1.5382404,
          53.9896498
        ]
      },
      "id": "node/13128414737"
    },
    {
      "type": "Feature",
      "properties": {
        "@id": "node/13128419079",
        "amenity": "place_of_worship",
        "name": "New Abu Bakr Mosque",
        "religion": "muslim"
      },
      "geometry": {
        "type": "Point",
        "coordinates": [
          -1.2481693,
          54.5762281
        ]
      },
      "id": "node/13128419079"
    },
    {
      "type": "Feature",
      "properties": {
        "@id": "node/13128714259",
        "amenity": "place_of_worship",
        "name": "Jamia Mosque Gulzar-e-Habib",
        "religion": "muslim"
      },
      "geometry": {
        "type": "Point",
        "coordinates": [
          -1.4224783,
          53.3872795
        ]
      },
      "id": "node/13128714259"
    },
    {
      "type": "Feature",
      "properties": {
        "@id": "node/13128727079",
        "amenity": "place_of_worship",
        "name": "Masjid Al Khair",
        "religion": "muslim"
      },
      "geometry": {
        "type": "Point",
        "coordinates": [
          -1.4334809,
          53.4077376
        ]
      },
      "id": "node/13128727079"
    },
    {
      "type": "Feature",
      "properties": {
        "@id": "node/13129001715",
        "amenity": "place_of_worship",
        "name": "Leeds Swahili Cultural Community",
        "religion": "muslim"
      },
      "geometry": {
        "type": "Point",
        "coordinates": [
          -1.4995723,
          53.7964232
        ]
      },
      "id": "node/13129001715"
    },
    {
      "type": "Feature",
      "properties": {
        "@id": "node/13129427390",
        "amenity": "place_of_worship",
        "layer": "1",
        "name": "Shipley Masjid Association",
        "religion": "muslim"
      },
      "geometry": {
        "type": "Point",
        "coordinates": [
          -1.7814093,
          53.8352215
        ]
      },
      "id": "node/13129427390"
    },
    {
      "type": "Feature",
      "properties": {
        "@id": "node/13129572355",
        "amenity": "place_of_worship",
        "name": "Al-Towbah Islamic Centre",
        "religion": "muslim"
      },
      "geometry": {
        "type": "Point",
        "coordinates": [
          -1.5214966,
          53.8133051
        ]
      },
      "id": "node/13129572355"
    },
    {
      "type": "Feature",
      "properties": {
        "@id": "node/13129580076",
        "amenity": "place_of_worship",
        "name": "Makki Madani Masjid",
        "religion": "muslim"
      },
      "geometry": {
        "type": "Point",
        "coordinates": [
          -1.6327939,
          53.6867183
        ]
      },
      "id": "node/13129580076"
    },
    {
      "type": "Feature",
      "properties": {
        "@id": "node/13129750366",
        "amenity": "place_of_worship",
        "name": "Faizan-e-Madina",
        "religion": "muslim"
      },
      "geometry": {
        "type": "Point",
        "coordinates": [
          -1.881473,
          53.722619
        ]
      },
      "id": "node/13129750366"
    },
    {
      "type": "Feature",
      "properties": {
        "@id": "node/13129750367",
        "amenity": "place_of_worship",
        "name": "Islamic Mission College",
        "religion": "muslim"
      },
      "geometry": {
        "type": "Point",
        "coordinates": [
          -1.7708175,
          53.7910348
        ]
      },
      "id": "node/13129750367"
    },
    {
      "type": "Feature",
      "properties": {
        "@id": "node/13129756891",
        "amenity": "place_of_worship",
        "name": "Healey Musallah",
        "religion": "muslim"
      },
      "geometry": {
        "type": "Point",
        "coordinates": [
          -1.6603163,
          53.7095824
        ]
      },
      "id": "node/13129756891"
    },
    {
      "type": "Feature",
      "properties": {
        "@id": "node/13129929764",
        "amenity": "place_of_worship",
        "name": "Faizan e Madinah",
        "religion": "muslim"
      },
      "geometry": {
        "type": "Point",
        "coordinates": [
          -1.792951,
          53.6512067
        ]
      },
      "id": "node/13129929764"
    },
    {
      "type": "Feature",
      "properties": {
        "@id": "node/13129934750",
        "amenity": "place_of_worship",
        "name": "Jami al-Imam Ahmed Raza Khan Barelwi",
        "religion": "muslim"
      },
      "geometry": {
        "type": "Point",
        "coordinates": [
          -1.5335217,
          53.8148166
        ]
      },
      "id": "node/13129934750"
    },
    {
      "type": "Feature",
      "properties": {
        "@id": "node/13129939781",
        "amenity": "place_of_worship",
        "name": "Baitut Tawheed Masjid",
        "religion": "muslim"
      },
      "geometry": {
        "type": "Point",
        "coordinates": [
          -1.6614065,
          53.6778911
        ]
      },
      "id": "node/13129939781"
    },
    {
      "type": "Feature",
      "properties": {
        "@id": "node/13129941586",
        "amenity": "place_of_worship",
        "name": "Madni Masjid",
        "religion": "muslim"
      },
      "geometry": {
        "type": "Point",
        "coordinates": [
          -1.6303697,
          53.6934188
        ]
      },
      "id": "node/13129941586"
    },
    {
      "type": "Feature",
      "properties": {
        "@id": "node/13129949843",
        "amenity": "place_of_worship",
        "name": "Darul Ilm",
        "religion": "muslim"
      },
      "geometry": {
        "type": "Point",
        "coordinates": [
          -1.6369047,
          53.6746813
        ]
      },
      "id": "node/13129949843"
    },
    {
      "type": "Feature",
      "properties": {
        "@id": "node/13129966917",
        "amenity": "place_of_worship",
        "name": "Masjid Ar-Rashideen",
        "religion": "muslim"
      },
      "geometry": {
        "type": "Point",
        "coordinates": [
          -1.643202,
          53.7198197
        ]
      },
      "id": "node/13129966917"
    },
    {
      "type": "Feature",
      "properties": {
        "@id": "node/13129976295",
        "amenity": "place_of_worship",
        "name": "The Al Noor",
        "religion": "muslim"
      },
      "geometry": {
        "type": "Point",
        "coordinates": [
          -1.5103354,
          53.809303
        ]
      },
      "id": "node/13129976295"
    },
    {
      "type": "Feature",
      "properties": {
        "@id": "node/13129989595",
        "amenity": "place_of_worship",
        "name": "Shah Jalal Masjid",
        "religion": "muslim"
      },
      "geometry": {
        "type": "Point",
        "coordinates": [
          -1.7954409,
          53.6365995
        ]
      },
      "id": "node/13129989595"
    },
    {
      "type": "Feature",
      "properties": {
        "@id": "node/13129990702",
        "amenity": "place_of_worship",
        "name": "Faizan-e-Madinah",
        "religion": "muslim"
      },
      "geometry": {
        "type": "Point",
        "coordinates": [
          -1.6651219,
          53.6782633
        ]
      },
      "id": "node/13129990702"
    },
    {
      "type": "Feature",
      "properties": {
        "@id": "node/13129991419",
        "amenity": "place_of_worship",
        "name": "Masjid As-Salaam",
        "religion": "muslim"
      },
      "geometry": {
        "type": "Point",
        "coordinates": [
          -1.6126281,
          53.6873622
        ]
      },
      "id": "node/13129991419"
    },
    {
      "type": "Feature",
      "properties": {
        "@id": "node/13130476528",
        "amenity": "place_of_worship",
        "name": "Al-Rahmah Faith Centre",
        "religion": "muslim"
      },
      "geometry": {
        "type": "Point",
        "coordinates": [
          -1.5356683,
          53.8104413
        ]
      },
      "id": "node/13130476528"
    },
    {
      "type": "Feature",
      "properties": {
        "@id": "node/13130480618",
        "amenity": "place_of_worship",
        "name": "Al Madina Jam-e Masjid",
        "religion": "muslim"
      },
      "geometry": {
        "type": "Point",
        "coordinates": [
          -1.5444392,
          53.7757537
        ]
      },
      "id": "node/13130480618"
    },
    {
      "type": "Feature",
      "properties": {
        "@id": "node/13130499510",
        "amenity": "place_of_worship",
        "name": "Islam Halifax",
        "religion": "muslim"
      },
      "geometry": {
        "type": "Point",
        "coordinates": [
          -1.8693048,
          53.7235975
        ]
      },
      "id": "node/13130499510"
    },
    {
      "type": "Feature",
      "properties": {
        "@id": "node/13130501571",
        "amenity": "place_of_worship",
        "name": "Al-Hashim Academy",
        "religion": "muslim"
      },
      "geometry": {
        "type": "Point",
        "coordinates": [
          -1.6347447,
          53.7126324
        ]
      },
      "id": "node/13130501571"
    },
    {
      "type": "Feature",
      "properties": {
        "@id": "node/13130501594",
        "amenity": "place_of_worship",
        "name": "Islamic Tarbiyah Academy",
        "religion": "muslim"
      },
      "geometry": {
        "type": "Point",
        "coordinates": [
          -1.6411411,
          53.6909341
        ]
      },
      "id": "node/13130501594"
    },
    {
      "type": "Feature",
      "properties": {
        "@id": "node/13141185001",
        "addr:city": "Birmingham",
        "addr:postcode": "B33 8TN",
        "addr:street": "Richmond Road",
        "amenity": "place_of_worship",
        "name": "Faizan e Medina",
        "opening_hours": "Mo-Su 08:00-23:30",
        "phone": "+44 7900 175555",
        "religion": "muslim",
        "website": "https://dawateislamimidlands.net/"
      },
      "geometry": {
        "type": "Point",
        "coordinates": [
          -1.8141822,
          52.478057
        ]
      },
      "id": "node/13141185001"
    },
    {
      "type": "Feature",
      "properties": {
        "@id": "node/13160159368",
        "addr:city": "Denbigh",
        "addr:housenumber": "10",
        "addr:postcode": "LL16 3NU",
        "addr:street": "Hall Square",
        "amenity": "place_of_worship",
        "name": "Denbigh Mosque",
        "religion": "muslim"
      },
      "geometry": {
        "type": "Point",
        "coordinates": [
          -3.4182086,
          53.1836681
        ]
      },
      "id": "node/13160159368"
    },
    {
      "type": "Feature",
      "properties": {
        "@id": "node/13208406265",
        "alt_name": "Craigavon Masjid",
        "amenity": "place_of_worship",
        "denomination": "muslim",
        "name": "Craigavon Mosque",
        "religion": "muslim"
      },
      "geometry": {
        "type": "Point",
        "coordinates": [
          -6.3715573,
          54.4486546
        ]
      },
      "id": "node/13208406265"
    },
    {
      "type": "Feature",
      "properties": {
        "@id": "node/13226612117",
        "addr:city": "Witney",
        "addr:housenumber": "unit 1",
        "addr:postcode": "OX28 4YH",
        "addr:street": "Cranbrook Court",
        "amenity": "place_of_worship",
        "name": "Witney Mosque (Elsharkawy Islamic Culture Centre)",
        "religion": "muslim"
      },
      "geometry": {
        "type": "Point",
        "coordinates": [
          -1.4869987,
          51.7768194
        ]
      },
      "id": "node/13226612117"
    },
    {
      "type": "Feature",
      "properties": {
        "@id": "node/13244588155",
        "addr:city": "Northampton",
        "addr:housenumber": "2",
        "addr:postcode": "NN1 3RN",
        "addr:street": "Lorne Road",
        "amenity": "place_of_worship",
        "denomination": "shia",
        "name": "Imambargah Dua-e-Zahra AGHA UK",
        "religion": "muslim",
        "service_times": "Th 18:30"
      },
      "geometry": {
        "type": "Point",
        "coordinates": [
          -0.8942773,
          52.2444955
        ]
      },
      "id": "node/13244588155"
    },
    {
      "type": "Feature",
      "properties": {
        "@id": "node/13327052350",
        "addr:housenumber": "100B",
        "addr:street": "Dorothy Road",
        "amenity": "place_of_worship",
        "name": "Tawakul",
        "religion": "muslim"
      },
      "geometry": {
        "type": "Point",
        "coordinates": [
          -1.1020211,
          52.6312739
        ]
      },
      "id": "node/13327052350"
    },
    {
      "type": "Feature",
      "properties": {
        "@id": "node/13383471802",
        "addr:city": "London",
        "addr:housenumber": "96B",
        "addr:postcode": "E5 0QR",
        "addr:street": "Lower Clapton Road",
        "amenity": "place_of_worship",
        "contact:instagram": "daarhadeeth",
        "contact:twitter": "daarhadeeth",
        "email": "info@daarhadeeth.com",
        "name": "Masjid Daar Al-Hadeeth",
        "phone": "+44 7955 162245",
        "religion": "muslim",
        "website": "https://daarhadeeth.com/"
      },
      "geometry": {
        "type": "Point",
        "coordinates": [
          -0.0528971,
          51.5533734
        ]
      },
      "id": "node/13383471802"
    },
    {
      "type": "Feature",
      "properties": {
        "@id": "node/13387122101",
        "addr:city": "London",
        "addr:housenumber": "191",
        "addr:postcode": "E2 0QY",
        "addr:street": "Roman Road",
        "amenity": "place_of_worship",
        "name": "Baitul Mamur Masjid",
        "religion": "muslim"
      },
      "geometry": {
        "type": "Point",
        "coordinates": [
          -0.046619,
          51.529361
        ]
      },
      "id": "node/13387122101"
    },
    {
      "type": "Feature",
      "properties": {
        "@id": "node/13437527403",
        "amenity": "place_of_worship",
        "name": "Suffa-tul-islam",
        "religion": "muslim"
      },
      "geometry": {
        "type": "Point",
        "coordinates": [
          -0.466955,
          51.8886079
        ]
      },
      "id": "node/13437527403"
    },
    {
      "type": "Feature",
      "properties": {
        "@id": "node/13437720452",
        "addr:housenumber": "175A",
        "addr:street": "Walworth Road",
        "amenity": "place_of_worship",
        "check_date": "2026-01-07",
        "name": "Walworth Road Mosque",
        "religion": "muslim"
      },
      "geometry": {
        "type": "Point",
        "coordinates": [
          -0.0966546,
          51.4901557
        ]
      },
      "id": "node/13437720452"
    },
    {
      "type": "Feature",
      "properties": {
        "@id": "node/13478914593",
        "addr:city": "Barnet",
        "addr:housenumber": "1",
        "addr:postcode": "EN5 5XA",
        "addr:street": "Bath Place",
        "amenity": "place_of_worship",
        "name": "High Barnet Islamic Centre",
        "note": "position approx",
        "religion": "muslim"
      },
      "geometry": {
        "type": "Point",
        "coordinates": [
          -0.201202,
          51.6563732
        ]
      },
      "id": "node/13478914593"
    },
    {
      "type": "Feature",
      "properties": {
        "@id": "node/13503691301",
        "addr:housenumber": "62",
        "addr:postcode": "IG5 0PH",
        "addr:street": "Harewood Drive",
        "amenity": "place_of_worship",
        "contact:instagram": "samrcentre",
        "email": "contact@samrcentre.org",
        "name": "Samr Centre",
        "phone": "+442072052454",
        "religion": "muslim",
        "website": "https://samrcentre.org/"
      },
      "geometry": {
        "type": "Point",
        "coordinates": [
          0.0593678,
          51.5944026
        ]
      },
      "id": "node/13503691301"
    },
    {
      "type": "Feature",
      "properties": {
        "@id": "node/13512667712",
        "amenity": "place_of_worship",
        "check_date": "2026-03-09",
        "name": "Poplar Central Mosque",
        "religion": "muslim"
      },
      "geometry": {
        "type": "Point",
        "coordinates": [
          -0.00981,
          51.5115059
        ]
      },
      "id": "node/13512667712"
    },
    {
      "type": "Feature",
      "properties": {
        "@id": "node/13514434319",
        "addr:city": "Bexley",
        "addr:postcode": "DA17 6DA",
        "addr:street": "Parkside Road",
        "air_conditioning": "yes",
        "amenity": "place_of_worship",
        "denomination": "sunni",
        "name": "Frank's Uthman Masjid",
        "religion": "muslim",
        "service_times": "8am-11pm"
      },
      "geometry": {
        "type": "Point",
        "coordinates": [
          0.1624291,
          51.4883004
        ]
      },
      "id": "node/13514434319"
    },
    {
      "type": "Feature",
      "properties": {
        "@id": "node/13524956164",
        "amenity": "place_of_worship",
        "name": "UoN Prayer Room Portland Building",
        "religion": "muslim"
      },
      "geometry": {
        "type": "Point",
        "coordinates": [
          -1.1943303,
          52.9381611
        ]
      },
      "id": "node/13524956164"
    },
    {
      "type": "Feature",
      "properties": {
        "@id": "node/13524967129",
        "amenity": "place_of_worship",
        "name": "NTU Prayer Room",
        "religion": "muslim"
      },
      "geometry": {
        "type": "Point",
        "coordinates": [
          -1.1568216,
          52.9577713
        ]
      },
      "id": "node/13524967129"
    },
    {
      "type": "Feature",
      "properties": {
        "@id": "node/13531497017",
        "amenity": "place_of_worship",
        "check_date": "2026-02-07",
        "name": "West Norwood Islamic Centre",
        "religion": "muslim"
      },
      "geometry": {
        "type": "Point",
        "coordinates": [
          -0.1016869,
          51.4299572
        ]
      },
      "id": "node/13531497017"
    },
    {
      "type": "Feature",
      "properties": {
        "@id": "node/13532935111",
        "amenity": "place_of_worship",
        "religion": "muslim"
      },
      "geometry": {
        "type": "Point",
        "coordinates": [
          0.0999871,
          50.9657754
        ]
      },
      "id": "node/13532935111"
    },
    {
      "type": "Feature",
      "properties": {
        "@id": "node/13599560425",
        "amenity": "place_of_worship",
        "religion": "muslim"
      },
      "geometry": {
        "type": "Point",
        "coordinates": [
          0.0480222,
          51.5504307
        ]
      },
      "id": "node/13599560425"
    },
    {
      "type": "Feature",
      "properties": {
        "@id": "node/13606349571",
        "addr:city": "Southampton",
        "addr:postcode": "SO14 0SQ",
        "addr:street": "Dukes Road",
        "addr:unit": "1-4",
        "amenity": "place_of_worship",
        "denomination": "sunni",
        "name": "Al-Hayat Centre",
        "phone": "+44 7518 968 375",
        "religion": "muslim",
        "website": "https://alhayatcentre.co.uk/"
      },
      "geometry": {
        "type": "Point",
        "coordinates": [
          -1.3927523,
          50.9196107
        ]
      },
      "id": "node/13606349571"
    },
    {
      "type": "Feature",
      "properties": {
        "@id": "node/13606717615",
        "addr:city": "Woking",
        "addr:housenumber": "77-79",
        "addr:postcode": "GU21 5JH",
        "addr:street": "Maybury Road",
        "amenity": "place_of_worship",
        "denomination": "sunni",
        "name": "Masjid Al-Birr",
        "religion": "muslim"
      },
      "geometry": {
        "type": "Point",
        "coordinates": [
          -0.5501797,
          51.321725
        ]
      },
      "id": "node/13606717615"
    },
    {
      "type": "Feature",
      "properties": {
        "@id": "node/13608341733",
        "addr:city": "Luton",
        "addr:housenumber": "20",
        "addr:postcode": "LU3 1DN",
        "addr:street": "Cromwell Road",
        "amenity": "place_of_worship",
        "denomination": "sunni",
        "name": "Masjid e Noor",
        "phone": "+44 1582 414 031",
        "religion": "muslim",
        "website": "https://masjidnoorluton.co.uk/"
      },
      "geometry": {
        "type": "Point",
        "coordinates": [
          -0.4222732,
          51.8868531
        ]
      },
      "id": "node/13608341733"
    },
    {
      "type": "Feature",
      "properties": {
        "@id": "node/13608343041",
        "addr:city": "Luton",
        "addr:housenumber": "198b",
        "addr:postcode": "LU3 1JD",
        "addr:street": "Leagrave Road",
        "amenity": "place_of_worship",
        "denomination": "sunni",
        "name": "Masjid Al Huda",
        "religion": "muslim",
        "website": "https://alhudamasjid.co.uk/"
      },
      "geometry": {
        "type": "Point",
        "coordinates": [
          -0.432713,
          51.89088
        ]
      },
      "id": "node/13608343041"
    },
    {
      "type": "Feature",
      "properties": {
        "@id": "node/13645637688",
        "amenity": "place_of_worship",
        "description": "masjid area upstairs of FoodAsia",
        "religion": "muslim"
      },
      "geometry": {
        "type": "Point",
        "coordinates": [
          -4.2611135,
          55.8534533
        ]
      },
      "id": "node/13645637688"
    },
    {
      "type": "Feature",
      "properties": {
        "@id": "node/13803264702",
        "addr:city": "London",
        "addr:housenumber": "245",
        "addr:postcode": "NW1 5QT",
        "addr:street": "Old Marylebone Road",
        "amenity": "place_of_worship",
        "email": "edgwareroadmosque@gmail.com",
        "level": "3",
        "name": "Edgware Road Mosque",
        "name:ar": "مسجد إدجوير رود",
        "name:es": "Mezquita de Edgware Road",
        "name:fa": "مسجد اِجور رود",
        "name:fr": "Mosquée d’Edgware Road",
        "name:it": "Moschea di Edgware Road",
        "name:tr": "Edgware Road Camii",
        "opening_hours": "Mo-Su 05:00-22:00",
        "phone": "+44 7944 637786",
        "religion": "muslim",
        "website": "http://edgwareroadmosque.org"
      },
      "geometry": {
        "type": "Point",
        "coordinates": [
          -0.1664534,
          51.5184418
        ]
      },
      "id": "node/13803264702"
    },
    {
      "type": "Feature",
      "properties": {
        "@id": "node/13835131696",
        "amenity": "place_of_worship",
        "name": "Masjid Doha",
        "religion": "muslim"
      },
      "geometry": {
        "type": "Point",
        "coordinates": [
          -1.7621172,
          53.7901478
        ]
      },
      "id": "node/13835131696"
    },
    {
      "type": "Feature",
      "properties": {
        "@id": "node/13859056955",
        "addr:city": "London",
        "addr:housenumber": "82-96",
        "addr:postcode": "SE1 4NX",
        "addr:street": "Old Kent Road",
        "addr:unit": "1",
        "amenity": "place_of_worship",
        "check_date": "2026-05-21",
        "name": "S.R.I.C.C Baitul Rahman Masjid",
        "phone": "+44 20 7703 2592",
        "religion": "muslim",
        "website": "https://somalirelief.org.uk/"
      },
      "geometry": {
        "type": "Point",
        "coordinates": [
          -0.0835986,
          51.4923625
        ]
      },
      "id": "node/13859056955"
    },
    {
      "type": "Feature",
      "properties": {
        "@id": "node/13859056964",
        "addr:city": "London",
        "addr:housenumber": "168-170",
        "addr:street": "Old Kent Road",
        "amenity": "place_of_worship",
        "check_date": "2026-08-05",
        "name": "BECA East Street Islamic Centre",
        "religion": "muslim",
        "website": "https://becamasjid.org/"
      },
      "geometry": {
        "type": "Point",
        "coordinates": [
          -0.0814883,
          51.4907912
        ]
      },
      "id": "node/13859056964"
    },
    {
      "type": "Feature",
      "properties": {
        "@id": "node/13883106797",
        "addr:city": "Colchester",
        "addr:street": "Vineyard Street",
        "amenity": "place_of_worship",
        "check_date": "2026-05-26",
        "denomination": "sunni",
        "name": "Colchester Jamiah Masjid",
        "note": "Announced on signage as “new” as at check date. Collection buckets marked North East Essex Muslim Association with charity number same as CIO",
        "operator": "Colchester Jamiah Masjid CIO",
        "operator:type": "charity",
        "ref:gb-eaw:charity": "1183932",
        "religion": "muslim",
        "women": "yes"
      },
      "geometry": {
        "type": "Point",
        "coordinates": [
          0.90261,
          51.8877844
        ]
      },
      "id": "node/13883106797"
    },
    {
      "type": "Feature",
      "properties": {
        "@id": "node/13895918768",
        "addr:city": "Braintree",
        "addr:housenumber": "28",
        "addr:postcode": "CM7 1EY",
        "addr:street": "Silks Way",
        "amenity": "place_of_worship",
        "fixme": "survey",
        "name": "Al-Falah Braintree Islamic Centre",
        "note": "some doubt about location: location between Notley Rd and Silks Way, opp service yard, copies a marker shown on their website, and is consistent with Register of POWs. Same website gives address as Vestry Hall, St Michael's Lane. Also gives description \"n",
        "operator": "Al Falah Braintree Islamic Centre Ltd",
        "prayer_times:syndicator": "mawaqit.net",
        "prayer_times:syndicator:url": "https://mawaqit.net/en/alfalah-braintree",
        "prayer_times:url": "https://braintreemosque.co.uk/",
        "ref:GB-EAW:charity": "1086210",
        "ref:GB-EAW:company": "04179877",
        "religion": "muslim",
        "website": "https://braintreemosque.co.uk/"
      },
      "geometry": {
        "type": "Point",
        "coordinates": [
          0.551239,
          51.8764402
        ]
      },
      "id": "node/13895918768"
    },
    {
      "type": "Feature",
      "properties": {
        "@id": "node/13895996121",
        "addr:city": "Chelmsford",
        "addr:postcode": "CM2 9FH",
        "addr:street": "Tydemans",
        "amenity": "place_of_worship",
        "denomination": "sunni",
        "email": "info@chelmsfordmosque.co.uk",
        "level": "0",
        "name": "Hamptons Centre",
        "note": "\"operator\" situation is complex: the company is wholly owned by Chelmsford Muslim Society charity 1139707, which operates Chelmsford Central Mosque.",
        "operator": "HAMPTONS SPORTS & LEISURE LIMITED",
        "phone": "+44 1245 261563",
        "prayer_times:syndicator": "masjidbox",
        "prayer_times:syndicator:url": "https://masjidbox.com/prayer-times/cms",
        "prayer_times:url": "http://chelmsfordmosque.co.uk/",
        "religion": "muslim",
        "website": "http://chelmsfordmosque.co.uk/"
      },
      "geometry": {
        "type": "Point",
        "coordinates": [
          0.4892102,
          51.7170774
        ]
      },
      "id": "node/13895996121"
    },
    {
      "type": "Feature",
      "properties": {
        "@id": "node/13897776361",
        "addr:city": "London",
        "addr:housenumber": "711-715",
        "addr:postcode": "E10 5AB",
        "addr:street": "High Road",
        "addr:suburb": "Leyton",
        "amenity": "place_of_worship",
        "name": "Noor Ul Islam",
        "operator": "Waltham Forest Noor Ul Islam",
        "prayer_times:url": "https://www.noorulislam.org.uk/prayer-timetable-east-london-prayer-times/",
        "ref:GB-EAW:charity": "1171380",
        "ref:GB-EAW:company": "07803945",
        "religion": "muslim",
        "website": "https://www.noorulislam.org.uk/"
      },
      "geometry": {
        "type": "Point",
        "coordinates": [
          -0.0086582,
          51.5722835
        ]
      },
      "id": "node/13897776361"
    },
    {
      "type": "Feature",
      "properties": {
        "@id": "node/13909896301",
        "addr:housenumber": "215",
        "addr:street": "Northumberland Avenue",
        "amenity": "place_of_worship",
        "name": "Al-Majid Centre",
        "ref:GB-EAW:charity": "1103759",
        "ref:GB-EAW:rpow": "81210",
        "religion": "muslim",
        "source": "Registrar General's register of places of worship"
      },
      "geometry": {
        "type": "Point",
        "coordinates": [
          -0.962275,
          51.4339378
        ]
      },
      "id": "node/13909896301"
    },
    {
      "type": "Feature",
      "properties": {
        "@id": "node/13914540904",
        "addr:city": "Blackburn",
        "addr:postcode": "BB2 6PS",
        "addr:street": "Preston New Road",
        "amenity": "place_of_worship",
        "name": "Masjid E Vali",
        "religion": "muslim"
      },
      "geometry": {
        "type": "Point",
        "coordinates": [
          -2.5101292,
          53.7516782
        ]
      },
      "id": "node/13914540904"
    },
    {
      "type": "Feature",
      "properties": {
        "@id": "node/13953818869",
        "addr:city": "London",
        "addr:housenumber": "9",
        "addr:postcode": "NW9 6RS",
        "addr:street": "Sheaveshill Avenue",
        "amenity": "place_of_worship",
        "name": "London Fatwa Council",
        "opening_hours": "Mo-Fr 10:00-17:00; 09:00-17:00; PH closed",
        "phone": "+44 20 8201 3632",
        "religion": "muslim",
        "website": "https://londonfatwacouncil.org/"
      },
      "geometry": {
        "type": "Point",
        "coordinates": [
          -0.2514944,
          51.5882762
        ]
      },
      "id": "node/13953818869"
    },
    {
      "type": "Feature",
      "properties": {
        "@id": "node/14019871418",
        "addr:city": "Ilford",
        "addr:postcode": "IG5 0QS",
        "addr:street": "Heathcote Avenue",
        "amenity": "place_of_worship",
        "check_date": "2026-06-05",
        "name": "Clayhall Islamic Centre",
        "religion": "muslim"
      },
      "geometry": {
        "type": "Point",
        "coordinates": [
          0.0620254,
          51.5943506
        ]
      },
      "id": "node/14019871418"
    },
    {
      "type": "Feature",
      "properties": {
        "@id": "node/14060339701",
        "addr:postcode": "L35 5DR",
        "addr:street": "Warrington Road",
        "amenity": "place_of_worship",
        "check_date": "2026-07-30",
        "check_date:opening_hours": "2026-07-30",
        "level": "0",
        "name": "Jummah Salah in Sanctuary",
        "opening_hours": "Fr 13:00-14:00",
        "phone": "+441514301657",
        "religion": "muslim",
        "website": "https://sthk.merseywestlancs.nhs.uk/spiritual-care-and-chaplaincy-services"
      },
      "geometry": {
        "type": "Point",
        "coordinates": [
          -2.7855723,
          53.4212092
        ]
      },
      "id": "node/14060339701"
    },
    {
      "type": "Feature",
      "properties": {
        "@id": "node/14070737495",
        "amenity": "place_of_worship",
        "name": "The Shahjahal Muslim Society & Islamic Centre",
        "religion": "muslim"
      },
      "geometry": {
        "type": "Point",
        "coordinates": [
          -0.6730189,
          50.7886045
        ]
      },
      "id": "node/14070737495"
    },
    {
      "type": "Feature",
      "properties": {
        "@id": "node/14071098144",
        "addr:housename": "Main Building, St Mary's College",
        "addr:postcode": "BB1 8DS",
        "addr:street": "Shear Brow",
        "amenity": "place_of_worship",
        "check_date": "2026-08-03",
        "email": "info@madrasahmaryam.com",
        "name": "Musalla Maryam",
        "religion": "muslim",
        "website": "https://www.musallamaryam.com/"
      },
      "geometry": {
        "type": "Point",
        "coordinates": [
          -2.48716,
          53.7600171
        ]
      },
      "id": "node/14071098144"
    },
    {
      "type": "Feature",
      "properties": {
        "@id": "node/14164991776",
        "addr:housename": "Louisa Ryland House",
        "addr:housenumber": "96",
        "addr:street": "Edmund Street",
        "air_conditioning": "yes",
        "amenity": "place_of_worship",
        "check_date": "2026-09-08",
        "email": "info@abrahamicfoundation.org.uk",
        "level": "0",
        "name": "The Cube: Birmingham City Centre Islamic Hub",
        "operator": "The Abrahamic Foundation",
        "phone": "+44 121 448 9800",
        "religion": "muslim",
        "website": "https://www.instagram.com/thecube_bham/",
        "wheelchair": "limited"
      },
      "geometry": {
        "type": "Point",
        "coordinates": [
          -1.902923,
          52.4811348
        ]
      },
      "id": "node/14164991776"
    }
  ]
}